time,VMDR,VTZA,VTPK,VZMX,VHM0
2022-01-27T10:05:01Z,159.4,2.85,5.84,0.48,0.31
2022-01-27T12:05:02Z,158.19,3.09,5.5,0.4,0.28
2022-01-27T13:05:01Z,159.36,3.66,4.85,0.39,0.27
2022-01-27T14:05:01Z,154.55,3.33,5.03,0.37,0.26
2022-01-27T15:05:01Z,160.57,3.36,5.02,0.29,0.23
2022-01-27T16:05:02Z,153.24,2.72,5.34,0.38,0.26
2022-01-27T17:05:01Z,163.08,2.84,5.09,0.39,0.26
2022-01-27T18:05:01Z,148.97,3.13,5.3,0.4,0.27
2022-01-27T19:05:01Z,151.52,3.23,5.37,0.34,0.25
2022-01-27T20:05:01Z,139.98,3.01,5.11,0.33,0.25
2022-01-27T21:05:01Z,133.91,3.13,5,0.42,0.28
2022-01-27T22:05:01Z,114.86,2.56,5.25,0.35,0.26
2022-01-27T23:05:01Z,134.05,2.86,5.04,0.4,0.26
2022-01-28T00:05:01Z,124.28,2.64,5.22,0.36,0.24
2022-01-28T01:05:01Z,142.27,2.65,5.05,0.32,0.23
2022-01-28T02:05:01Z,136.18,2.85,5.05,0.29,0.22
2022-01-28T03:05:01Z,145.26,3.51,4.92,0.33,0.23
2022-01-28T04:05:01Z,118.76,3,5.16,0.37,0.23
2022-01-28T05:05:01Z,128.71,2.88,5.47,0.3,0.2
2022-01-28T06:05:01Z,121.35,2.97,4.56,0.29,0.2
2022-01-28T07:05:01Z,135.21,2.26,5.19,0.28,0.21
2022-01-28T08:05:01Z,144.92,2.31,4.7,0.33,0.21
2022-01-28T09:05:01Z,133.37,2.23,5.65,0.26,0.2
2022-01-28T10:05:01Z,135.77,2.3,4.33,0.3,0.19
2022-01-28T11:05:01Z,164.87,2.47,5.24,0.25,0.19
2022-01-28T12:05:01Z,175.47,2.96,3.5,0.27,0.2
2022-01-28T13:05:01Z,158.35,2.25,3.64,0.41,0.24
2022-01-28T14:05:01Z,131.06,2.33,4.61,0.38,0.25
2022-01-28T15:05:01Z,176.85,2.33,3.65,0.49,0.32
2022-01-28T16:05:01Z,171.22,2.55,3.32,0.68,0.39
2022-01-28T17:05:01Z,191.66,2.55,3.62,0.54,0.36
2022-01-28T18:05:01Z,194.9,2.68,3.54,0.59,0.36
2022-01-28T19:05:01Z,168.87,2.33,3.99,0.44,0.33
2022-01-28T20:05:01Z,150.92,2.22,2.01,0.52,0.34
2022-01-28T21:05:01Z,126.9,2.31,3.58,0.44,0.3
2022-01-28T22:05:01Z,121.57,2.39,5.75,0.53,0.3
2022-01-28T23:05:01Z,109.5,2.47,5.34,0.42,0.28
2022-01-29T00:05:01Z,81.29,2.65,5.75,0.43,0.27
2022-01-29T01:05:01Z,107.4,2.76,6.14,0.4,0.27
2022-01-29T02:05:01Z,104.59,2.78,5.59,0.43,0.26
2022-01-29T03:05:01Z,106.14,2.91,6.22,0.37,0.25
2022-01-29T04:05:01Z,102.14,2.25,6.52,0.43,0.32
2022-01-29T05:05:01Z,102.14,2.52,5.24,0.39,0.28
2022-01-29T06:05:01Z,106.26,2.35,6.39,0.36,0.27
2022-01-29T07:05:01Z,108.07,3.25,6.84,0.36,0.25
2022-01-29T08:05:01Z,109.84,2.69,6.16,0.44,0.28
2022-01-29T09:05:01Z,101.63,2.81,6.14,0.45,0.32
2022-01-29T10:05:01Z,94.23,2.71,5,0.52,0.32
2022-01-29T11:05:01Z,97.38,3.08,6.17,0.43,0.31
2022-01-29T12:05:01Z,102.04,3.24,5.48,0.53,0.35
2022-01-29T13:05:01Z,103.47,3.36,5.33,0.45,0.32
2022-01-29T14:05:01Z,113,3.87,5.16,0.58,0.35
2022-01-29T15:05:01Z,105.79,4.2,6.55,0.58,0.4
2022-01-29T16:05:01Z,108.52,4.38,7.18,0.53,0.38
2022-01-29T17:05:01Z,100.9,4.48,6.37,0.57,0.45
2022-01-29T18:05:01Z,108.19,3.93,7.5,0.66,0.4
2022-01-29T19:05:01Z,107.5,4.69,7.18,0.69,0.41
2022-01-29T20:05:01Z,106.76,4.22,4.68,0.5,0.38
2022-01-29T21:05:01Z,112.33,3.57,6.81,0.46,0.36
2022-01-29T22:05:01Z,110.92,3.46,6.55,0.54,0.35
2022-01-29T23:05:01Z,106.87,3.21,5.72,0.62,0.36
2022-01-30T00:05:01Z,115.83,3.55,5.25,0.51,0.37
2022-01-30T01:05:01Z,112.8,3.53,5.04,0.57,0.37
2022-01-30T02:05:01Z,114.1,3.1,4.94,0.65,0.39
2022-01-30T03:05:01Z,117.54,2.97,6.23,0.59,0.37
2022-01-30T04:05:01Z,130.23,3.13,6.3,0.49,0.36
2022-01-30T05:05:01Z,119.37,2.78,3.99,0.51,0.38
2022-01-30T06:05:01Z,122.93,3.15,6.66,0.44,0.32
2022-01-30T07:05:01Z,130.65,2.86,5.78,0.46,0.3
2022-01-30T08:05:01Z,131.78,2.39,4.16,0.45,0.31
2022-01-31T09:05:01Z,166.65,2.46,3.68,0.52,0.39
2022-01-31T10:05:02Z,159.85,2.76,3.74,0.52,0.39
2022-01-31T11:05:01Z,174.24,3.16,4.95,0.59,0.41
2022-01-31T12:05:01Z,184.38,3.43,4.5,0.57,0.38
2022-01-31T13:05:01Z,181.24,3.46,4.64,0.57,0.41
2022-01-31T14:05:01Z,174.45,3.17,4.79,0.66,0.47
2022-01-31T15:05:01Z,168.82,3.16,4.7,0.65,0.46
2022-01-31T16:05:01Z,162.45,2.99,5,0.78,0.49
2022-02-01T12:05:01Z,123.16,5.05,9.07,1.4,0.98
2022-02-01T13:05:01Z,131.22,4.52,9.11,1.28,0.99
2022-02-01T14:05:01Z,114.59,4.63,8.56,1.56,0.97
2022-02-01T15:05:01Z,125.21,4.22,7.82,1.22,0.9
2022-02-01T16:05:01Z,121.44,4.72,9.14,1.2,0.83
2022-02-01T17:05:01Z,124.87,4.32,9.07,1.13,0.79
2022-02-01T18:05:01Z,139.68,4.93,9.25,1.28,0.92
2022-02-01T19:05:01Z,133.66,4.71,8.69,1.2,0.87
2022-02-01T20:05:01Z,132.81,5.25,9.62,1.4,0.93
2022-02-01T21:05:01Z,152.57,4.78,9.67,1.27,0.95
2022-02-01T22:05:01Z,157.59,4.76,8.44,1.23,0.98
2022-02-01T23:05:01Z,166.99,4.86,5.21,1.23,0.94
2022-02-02T00:05:01Z,160.42,4.3,8.38,1.25,0.9
2022-02-02T01:05:01Z,143.9,4.84,8.05,1.21,0.84
2022-02-02T02:05:01Z,149.22,4.55,9.15,1.2,0.88
2022-02-02T03:05:01Z,165.74,4.49,5.03,1.15,0.86
2022-02-02T04:05:01Z,152.24,4.66,8.47,1.32,0.85
2022-02-02T05:05:01Z,164.51,4.23,4.63,1.4,0.86
2022-02-02T06:05:01Z,173.27,4.43,4.78,1.21,0.8
2022-02-02T07:05:01Z,159.88,4.19,9.52,1.1,0.78
2022-02-02T08:05:01Z,163.87,4.3,4.04,1.12,0.73
2022-02-02T11:05:01Z,137.58,4.47,7.19,0.85,0.63
2022-02-02T12:05:01Z,143.34,4.31,7.77,0.94,0.61
2022-02-02T13:05:01Z,142.45,4.15,8.45,0.8,0.61
2022-02-02T14:05:01Z,132.92,3.87,7.27,0.83,0.61
2022-02-02T15:05:01Z,136.49,4.48,8.41,0.92,0.58
2022-02-02T16:05:01Z,136.01,4.25,7.15,0.99,0.58
2022-02-02T17:05:01Z,119.32,4.02,6.93,0.85,0.59
2022-02-02T18:05:01Z,121.71,3.45,6.65,1.04,0.58
2022-02-02T19:05:01Z,116.62,4.3,6.5,0.89,0.62
2022-02-02T20:05:01Z,115.1,4.55,6.26,0.96,0.57
2022-02-02T21:05:01Z,115.48,5.06,6.06,0.95,0.68
2022-02-02T22:05:01Z,117.8,4.9,7.17,0.88,0.63
2022-02-02T23:05:01Z,108.15,5.25,7.12,0.88,0.71
2022-02-03T00:05:01Z,116.31,5,6.51,0.96,0.6
2022-02-03T01:05:01Z,118.27,4.7,5.53,0.83,0.56
2022-02-03T02:05:01Z,112.29,3.87,5.51,0.79,0.57
2022-02-03T03:05:01Z,115.68,4.79,6.24,0.79,0.54
2022-02-03T04:05:01Z,112.61,4.36,5.05,0.7,0.51
2022-02-03T05:05:01Z,114.81,4.58,5.57,0.83,0.53
2022-02-03T06:05:01Z,114.29,4.08,5.44,0.84,0.57
2022-02-03T07:05:01Z,113.46,4.27,4.93,0.75,0.51
2022-02-03T08:05:01Z,117.15,4.03,5.61,0.77,0.52
2022-02-03T17:05:01Z,134.08,3.62,6.17,0.95,0.62
2022-02-03T18:05:01Z,139.36,3.41,5.47,0.83,0.57
2022-02-03T19:05:01Z,133.63,3.39,5.25,0.75,0.54
2022-02-03T20:05:01Z,138.79,3.74,5.68,0.97,0.58
2022-02-03T21:05:01Z,132.53,3.19,3.79,0.83,0.54
2022-02-03T22:05:01Z,128.15,3.9,5.46,0.71,0.5
2022-02-03T23:05:01Z,134.23,3.99,6.21,0.68,0.53
2022-02-04T00:05:01Z,137.55,4.32,4.77,0.92,0.55
2022-02-04T01:05:01Z,140.15,3.72,4.95,0.72,0.53
2022-02-04T02:05:01Z,137.21,3.26,3.31,0.84,0.56
2022-02-04T03:05:01Z,135.99,3.29,4.53,0.62,0.49
2022-02-04T04:05:01Z,131.35,3.53,4.65,0.81,0.56
2022-02-04T05:05:01Z,125.96,3.38,3.18,0.65,0.48
2022-02-04T06:05:01Z,129.43,3.25,4.72,0.64,0.43
2022-02-04T07:05:01Z,131.78,2.91,4.38,0.7,0.43
2022-02-04T08:05:01Z,124.07,3.35,7.88,0.56,0.38
2022-02-04T09:05:01Z,124.28,3.02,4.43,0.51,0.39
2022-02-04T10:05:01Z,136.67,3.34,4.4,0.61,0.44
2022-02-04T11:05:01Z,140.62,3.33,4.35,0.6,0.42
2022-02-04T12:05:01Z,144.85,3.76,4.84,0.59,0.43
2022-02-04T13:05:01Z,160.31,3.86,4.92,0.64,0.44
2022-02-04T16:05:02Z,146.99,3.38,4.81,0.53,0.39
2022-02-04T17:05:01Z,161.3,2.96,4.35,0.55,0.39
2022-02-04T18:05:01Z,150.52,2.72,4.33,0.58,0.44
2022-02-04T19:05:01Z,143.27,2.82,4.58,0.69,0.47
2022-02-04T20:05:01Z,133.38,2.93,4.3,0.63,0.46
2022-02-04T21:05:01Z,138.63,2.81,4.46,0.64,0.44
2022-02-04T22:05:01Z,132.81,2.61,3.98,0.56,0.4
2022-02-04T23:05:01Z,144.72,2.39,4.12,0.62,0.37
2022-02-05T00:05:01Z,137.77,2.57,4.39,0.57,0.36
2022-02-05T01:05:01Z,124.75,2.98,4.47,0.49,0.34
2022-02-05T02:05:02Z,117.21,2.68,4.37,0.46,0.32
2022-02-05T03:05:01Z,138.25,2.94,3.85,0.44,0.29
2022-02-05T04:05:01Z,124.77,3.14,4.71,0.43,0.31
2022-02-05T05:05:01Z,132.98,3.09,5.26,0.43,0.31
2022-02-05T06:05:01Z,146.43,2.9,4.81,0.53,0.34
2022-02-05T07:05:01Z,139.42,3.34,4.98,0.45,0.33
2022-02-05T08:05:01Z,144.82,3.1,5.18,0.46,0.33
2022-02-05T16:05:01Z,130.71,2.88,4.69,0.42,0.25
2022-02-05T17:05:01Z,128.89,2.72,5.1,0.35,0.24
2022-02-05T18:05:01Z,121.25,2.71,5.07,0.4,0.23
2022-02-05T19:05:02Z,120.96,2.87,5.18,0.32,0.23
2022-02-05T20:05:01Z,114.67,3.1,5.16,0.33,0.24
2022-02-05T21:05:01Z,122.07,2.8,4.98,0.32,0.25
2022-02-05T22:05:01Z,120.34,2.43,4.54,0.43,0.28
2022-02-05T23:05:01Z,115.62,2.43,2.64,0.5,0.3
2022-02-06T00:05:01Z,125.09,2.42,2.93,0.56,0.35
2022-02-06T01:05:01Z,124.54,2.41,2.92,0.42,0.3
2022-02-06T02:05:01Z,111.55,2.26,3.01,0.54,0.33
2022-02-06T03:05:01Z,117.47,2.29,3.2,0.55,0.35
2022-02-06T04:05:01Z,123.9,2.51,6.74,0.61,0.38
2022-02-06T05:05:02Z,116.13,2.4,5.67,0.56,0.41
2022-02-06T06:05:01Z,119.12,2.45,5.58,0.72,0.44
2022-02-06T07:05:02Z,110.94,2.83,5.7,0.63,0.44
2022-02-06T08:05:01Z,113.59,2.69,5.52,0.76,0.51
2022-02-06T09:05:01Z,117.96,2.51,4.24,0.67,0.49
2022-02-06T10:05:01Z,110.45,2.58,4.67,0.65,0.45
2022-02-06T11:05:01Z,111.49,3.09,4.3,0.57,0.4
2022-02-06T12:05:01Z,117.98,3.44,6.26,0.53,0.39
2022-02-06T13:05:01Z,105.34,3.08,6.23,0.59,0.42
2022-02-06T14:05:01Z,108.86,2.79,5.19,0.65,0.46
2022-02-06T15:05:01Z,113.11,2.6,2.88,0.71,0.53
2022-02-06T16:05:01Z,113.65,2.78,6.86,0.7,0.56
2022-02-06T17:05:01Z,130.22,2.93,3.63,0.95,0.6
2022-02-06T18:05:01Z,126.98,3.12,7.18,0.76,0.57
2022-02-06T19:05:01Z,118.83,2.92,7.19,0.72,0.46
2022-02-06T20:05:01Z,122.57,3.15,6.77,0.58,0.44
2022-02-06T21:05:01Z,119.25,3.49,6.92,0.62,0.42
2022-02-06T22:05:01Z,115.62,3.43,5.35,0.61,0.39
2022-02-06T23:05:01Z,117.56,3.49,6.67,0.57,0.38
2022-02-07T01:05:01Z,119.93,3.2,6.8,0.45,0.36
2022-02-07T02:05:01Z,119.72,3.16,5.69,0.62,0.36
2022-02-07T03:05:01Z,128.95,3.37,4.18,0.48,0.36
2022-02-07T04:05:01Z,139.01,3.37,6.4,0.5,0.37
2022-02-07T05:05:02Z,144.63,3.57,4.19,0.49,0.35
2022-02-07T06:05:01Z,135.52,3.53,5.41,0.62,0.39
2022-02-07T07:05:01Z,138.25,2.91,4.35,0.48,0.35
2022-02-07T08:05:01Z,124.67,2.88,5.21,0.43,0.35
2022-02-07T09:05:01Z,129.06,3.41,4.79,0.52,0.35
2022-02-07T10:05:01Z,159.46,3.47,4.74,0.52,0.36
2022-02-07T11:05:01Z,166.22,3.37,3.98,0.5,0.37
2022-02-07T12:05:01Z,162.48,3.21,4.17,0.45,0.36
2022-02-07T13:05:01Z,186.93,3.32,4.09,0.64,0.43
2022-02-07T14:05:02Z,166.52,3.4,4.24,0.52,0.39
2022-02-07T15:05:01Z,142,3.06,4.05,0.49,0.37
2022-02-07T16:05:01Z,144.5,3.3,4.99,0.51,0.34
2022-02-07T17:05:01Z,150.63,2.78,5.16,0.47,0.34
2022-02-07T18:05:01Z,146.2,3.07,4.75,0.48,0.33
2022-02-07T19:05:01Z,126.91,3.44,5.01,0.44,0.28
2022-02-07T20:05:01Z,128.2,3.38,4.84,0.42,0.32
2022-02-07T21:05:01Z,120.71,3.32,4.92,0.48,0.34
2022-02-07T22:05:01Z,136.34,3.05,7.34,0.55,0.32
2022-02-07T23:05:01Z,137.44,3.18,6.24,0.44,0.32
2022-02-08T00:05:01Z,122.05,3.04,5.85,0.52,0.34
2022-02-08T01:05:01Z,112.86,3.34,6.37,0.52,0.38
2022-02-08T02:05:01Z,107.6,4.01,7.1,0.55,0.39
2022-02-08T03:05:01Z,109.01,3.15,5.39,0.61,0.43
2022-02-08T04:05:01Z,99.12,3.35,7.39,0.82,0.53
2022-02-08T05:05:01Z,100.97,3.48,6.32,0.92,0.54
2022-02-08T06:05:01Z,99.34,4.1,8.07,1.16,0.67
2022-02-08T07:05:01Z,97.86,3.77,6.32,1.22,0.69
2022-02-08T08:05:01Z,98.64,3.78,6.14,1.19,0.71
2022-02-08T10:05:01Z,99.64,4.51,6.75,1.41,0.94
2022-02-08T11:05:01Z,95.63,4.99,6.34,1.32,0.92
2022-02-08T12:05:01Z,103.87,4.59,7.35,1.29,0.93
2022-02-08T13:05:01Z,102.98,4.71,7.53,1.25,0.94
2022-02-08T14:05:01Z,106.05,4.2,7.13,1.19,0.83
2022-02-08T15:05:01Z,102.52,4.31,7.61,1.16,0.87
2022-02-08T16:05:01Z,104.45,4.64,7.24,1.26,0.93
2022-02-08T17:05:01Z,104.76,4.22,6.38,1.2,0.89
2022-02-08T18:05:01Z,111.03,4.54,6.89,1.07,0.81
2022-02-08T19:05:01Z,107.95,4.41,6.36,1.24,0.73
2022-02-08T20:05:01Z,113.32,4.15,7.28,1.17,0.74
2022-02-08T21:05:01Z,111.05,4.11,6.52,1.09,0.74
2022-02-08T22:05:01Z,121.43,3.6,4.99,0.77,0.56
2022-02-08T23:05:01Z,114.9,4,5.86,1.04,0.61
2022-02-09T00:05:01Z,118.29,4.08,6.74,0.83,0.57
2022-02-09T01:05:01Z,121.34,4.16,6.81,0.79,0.55
2022-02-09T02:05:01Z,116.73,3.91,6.93,0.82,0.54
2022-02-09T03:05:01Z,121.05,4.01,6.37,0.9,0.49
2022-02-09T04:05:01Z,115.66,4.44,6.22,0.76,0.51
2022-02-09T05:05:01Z,115.25,3.9,5.55,0.64,0.51
2022-02-09T06:05:01Z,123.04,4.16,6.21,0.62,0.46
2022-02-09T07:05:01Z,119.68,3.76,6.27,0.72,0.43
2022-02-09T08:05:01Z,115.25,4.15,5.85,0.64,0.46
2022-02-09T09:05:01Z,119.39,3.56,5.97,0.58,0.41
2022-02-09T10:05:01Z,124.52,3.83,6.01,0.52,0.39
2022-02-09T11:05:01Z,114.4,4.32,5.62,0.61,0.37
2022-02-09T12:05:01Z,115.82,3.74,4.12,0.5,0.34
2022-02-09T13:05:01Z,116.42,3.37,5.32,0.5,0.36
2022-02-09T14:05:01Z,121.72,2.9,6.13,0.51,0.37
2022-02-09T15:05:01Z,126.07,2.67,5.8,0.48,0.35
2022-02-09T16:05:02Z,134.09,2.65,5.38,0.46,0.34
2022-02-09T17:05:01Z,121.79,2.76,5.11,0.41,0.33
2022-02-09T18:05:01Z,137.27,2.65,5.55,0.46,0.33
2022-02-09T19:05:02Z,130.22,2.78,5.42,0.55,0.34
2022-02-09T20:05:01Z,134.57,3.21,5.11,0.45,0.32
2022-02-09T21:05:01Z,132.32,3.35,5.44,0.48,0.32
2022-02-09T22:05:01Z,133.43,3.15,5.29,0.52,0.32
2022-02-09T23:05:01Z,127.31,3.72,5.47,0.54,0.35
2022-02-10T00:05:01Z,125.28,3.74,5.09,0.66,0.4
2022-02-10T01:05:01Z,129.52,4.26,5.12,0.59,0.37
2022-02-10T02:05:01Z,130.78,3.72,5.08,0.54,0.37
2022-02-10T03:05:01Z,122.95,4.36,5.12,0.51,0.38
2022-02-10T04:05:01Z,122.56,3.71,5.07,0.5,0.36
2022-02-10T05:05:01Z,123.12,3.73,5.28,0.59,0.38
2022-02-10T06:05:01Z,124.86,3.36,6.13,0.67,0.4
2022-02-10T07:05:01Z,126.32,4.3,5.46,0.51,0.38
2022-02-10T08:05:01Z,131.98,3.82,5.51,0.66,0.44
2022-02-10T09:05:01Z,130.95,3.92,5.89,0.59,0.43
2022-02-10T10:05:01Z,131.26,4.05,6.1,0.77,0.52
2022-02-10T11:05:01Z,130.33,4.42,6.2,0.77,0.51
2022-02-10T12:05:01Z,130.57,4.6,6.12,0.69,0.5
2022-02-10T13:05:01Z,124.12,4.4,5.98,0.74,0.54
2022-02-10T14:05:01Z,122.15,3.83,5.69,0.65,0.51
2022-02-10T15:05:01Z,131.77,4.23,5.85,0.81,0.51
2022-02-10T16:05:01Z,132.29,3.77,5.69,0.8,0.55
2022-02-10T17:05:01Z,125.55,3.99,5.71,0.83,0.51
2022-02-10T18:05:01Z,129.92,3.29,5.7,0.63,0.45
2022-02-10T19:05:01Z,131.06,3.04,5.9,0.68,0.4
2022-02-10T20:05:01Z,122.11,3.44,5.68,0.66,0.41
2022-02-10T21:05:01Z,123.93,3.74,5.99,0.59,0.45
2022-02-10T22:05:01Z,133.28,3.39,6.02,0.52,0.37
2022-02-10T23:05:01Z,123.79,4.41,6.13,0.68,0.42
2022-02-11T00:05:01Z,128.77,4,6.26,0.56,0.39
2022-02-11T01:05:01Z,120.97,3.77,6.01,0.47,0.36
2022-02-11T02:05:01Z,124.24,3.02,5.96,0.48,0.31
2022-02-11T03:05:01Z,115.1,2.88,5.83,0.49,0.35
2022-02-11T04:05:01Z,120.43,3.42,5.77,0.43,0.32
2022-02-11T05:05:01Z,122.89,3.35,5.8,0.52,0.35
2022-02-11T13:05:01Z,130.19,3.75,5.08,0.4,0.23
2022-02-11T14:05:01Z,133.83,3.71,5.26,0.37,0.23
2022-02-11T15:05:01Z,116.17,3.89,5.39,0.34,0.24
2022-02-11T16:05:01Z,133.49,3.55,5.26,0.33,0.21
2022-02-11T17:05:02Z,134.02,3.18,5.33,0.26,0.19
2022-02-11T18:05:01Z,139.6,3.18,5.26,0.28,0.2
2022-02-11T19:05:01Z,135.67,3.52,5.28,0.31,0.19
2022-02-11T20:05:01Z,138.42,3.06,5.17,0.28,0.2
2022-02-11T21:05:01Z,138.03,3.1,4.94,0.33,0.22
2022-02-11T22:05:01Z,134.09,2.45,4.96,0.31,0.23
2022-02-11T23:05:01Z,123.15,3.05,6.26,0.36,0.21
2022-02-12T00:05:01Z,112.95,3.1,5.91,0.41,0.24
2022-02-12T01:05:01Z,102.9,4.31,5.63,0.44,0.27
2022-02-12T02:05:01Z,97.89,3.24,5.57,0.53,0.34
2022-02-12T03:05:01Z,99.85,3.56,5.32,0.58,0.35
2022-02-12T04:05:01Z,103.25,3.44,4.65,0.4,0.28
2022-02-12T05:05:01Z,101.81,3.11,4.89,0.44,0.27
2022-02-12T06:05:01Z,104.13,3.24,4.67,0.4,0.26
2022-02-12T07:05:01Z,107.49,2.76,4.56,0.38,0.27
2022-02-12T08:05:01Z,101.8,3.16,4.61,0.35,0.28
2022-02-12T09:05:01Z,101.55,3.58,6.82,0.53,0.39
2022-02-12T10:05:01Z,91.95,4.38,6.89,0.75,0.53
2022-02-12T11:05:01Z,93.32,5.01,6.53,0.83,0.64
2022-02-12T12:05:01Z,91.1,4.74,6.72,0.95,0.65
2022-02-12T13:05:01Z,96.34,3.85,6.25,1.13,0.64
2022-02-12T14:05:01Z,94.35,3.38,5.7,0.86,0.58
2022-02-12T15:05:01Z,92.28,3.23,5.33,0.98,0.6
2022-02-12T16:05:01Z,95.11,3.12,5.67,1.06,0.68
2022-02-12T17:05:01Z,102.97,2.81,5.62,0.84,0.63
2022-02-12T18:05:01Z,104.61,2.83,5.47,0.99,0.62
2022-02-12T19:05:02Z,109.82,2.96,5.39,0.94,0.62
2022-02-12T20:05:01Z,111.26,3.44,5.25,1.04,0.59
2022-02-12T21:05:01Z,116.92,3.09,5.38,0.77,0.55
2022-02-12T22:05:01Z,132.89,3.03,3.54,0.81,0.57
2022-02-12T23:05:01Z,135.95,3.08,3.92,1.06,0.59
2022-02-13T00:05:01Z,144.19,3.17,4.11,0.72,0.55
2022-02-13T01:05:01Z,149.14,2.87,3.89,0.81,0.54
2022-02-13T02:05:01Z,138.03,3.24,3.57,0.74,0.52
2022-02-13T03:05:02Z,163.75,3.06,3.86,0.69,0.49
2022-02-13T04:05:01Z,157.65,3.09,3.86,0.73,0.51
2022-02-13T05:05:01Z,148.26,3.03,3.65,0.76,0.52
2022-02-13T06:05:01Z,151.83,3.04,3.74,0.91,0.6
2022-02-13T07:05:01Z,142.25,3.2,4.01,0.89,0.65
2022-02-13T08:05:01Z,140.02,3.52,3.97,1.09,0.82
2022-02-13T09:05:01Z,137.36,3.82,6.84,1.27,0.86
2022-02-13T10:05:01Z,150.11,3.34,4.5,1.39,0.87
2022-02-13T11:05:01Z,158.01,3.57,4.21,1.4,0.88
2022-02-13T12:05:01Z,176.15,3.8,4.95,1.57,1.04
2022-02-13T13:05:01Z,182.1,4.22,5.3,1.77,1.15
2022-02-13T14:05:01Z,183.5,4.02,5.68,1.83,1.18
2022-02-13T15:05:01Z,178.23,4.11,5.84,1.75,1.13
2022-02-13T16:05:02Z,176.22,4.45,5.91,1.71,1.21
2022-02-13T17:05:01Z,169.07,4.18,5.61,1.53,1.15
2022-02-13T18:05:01Z,163.83,3.76,5.86,1.6,1.13
2022-02-13T19:05:01Z,174.91,4.21,5.51,1.87,1.24
2022-02-13T20:05:01Z,176.27,4.43,5.7,2.77,1.43
2022-02-13T21:05:01Z,179.8,4.66,5.9,2.13,1.44
2022-02-13T22:05:01Z,179.32,4.01,6.05,2.17,1.35
2022-02-13T23:05:01Z,182.6,4.53,6.49,2.14,1.49
2022-02-14T00:05:01Z,183.05,4.69,5.88,2.18,1.47
2022-02-14T01:05:01Z,179.64,4.23,5.9,2.06,1.44
2022-02-14T02:05:01Z,185.83,5.01,6.59,2.67,1.69
2022-02-14T03:05:01Z,185.12,4.69,6.4,2.53,1.54
2022-02-14T04:05:01Z,179.73,4.93,6.4,3.02,1.6
2022-02-14T05:05:01Z,181.51,5.3,6.79,2.52,1.79
2022-02-14T06:05:01Z,183.25,4.86,6.35,2.66,1.57
2022-02-14T07:05:01Z,182.69,4.69,6.78,2.39,1.53
2022-02-14T08:05:01Z,176.9,4.54,6.76,2.14,1.28
2022-02-14T09:05:01Z,178.8,4.51,6.53,1.81,1.15
2022-02-14T10:05:01Z,180.03,4.99,6.35,2.42,1.4
2022-02-14T16:05:01Z,192.78,3.55,5.91,1.23,0.94
2022-02-14T17:05:01Z,189.45,3.25,5.75,1.35,0.94
2022-02-14T18:05:01Z,191.51,3.65,5.87,1.36,0.98
2022-02-14T19:05:01Z,202.46,3.52,5.78,1.24,1.04
2022-02-14T20:05:01Z,203.22,3.14,5.52,1.31,0.91
2022-02-14T21:05:01Z,193.36,3.45,5.55,1.25,0.82
2022-02-14T22:05:01Z,213.03,3.51,4.02,1.44,0.89
2022-02-14T23:05:01Z,201.72,3.41,5.31,1.24,0.8
2022-02-15T00:05:01Z,191.74,3.38,5.07,1.12,0.73
2022-02-15T01:05:01Z,194.16,3.52,4.25,1.23,0.78
2022-02-15T02:05:01Z,188.81,3.43,4.97,1.01,0.69
2022-02-15T03:05:01Z,192.29,3.37,4.82,0.99,0.65
2022-02-15T04:05:01Z,189.49,3.13,3.94,0.8,0.57
2022-02-15T05:05:01Z,197.42,3.17,4.93,1.01,0.58
2022-02-15T06:05:01Z,201.3,3.51,4.63,0.75,0.57
2022-02-15T07:05:02Z,209.78,3.22,4.53,0.97,0.63
2022-02-15T08:05:01Z,199.03,2.96,4.04,0.77,0.49
2022-02-15T09:05:01Z,189.63,2.95,4.71,0.68,0.45
2022-02-15T10:05:02Z,173.04,3.12,3.54,0.58,0.4
2022-02-15T11:05:01Z,203.71,3.28,4.79,0.76,0.44
2022-02-15T12:05:01Z,200.97,3.38,3.65,0.62,0.45
2022-02-15T13:05:01Z,213.64,2.91,3.99,0.85,0.63
2022-02-15T14:05:01Z,180.18,3.02,3.41,1,0.61
2022-02-15T15:05:01Z,176.64,3.03,3.95,0.74,0.56
2022-02-15T16:05:01Z,186.43,3.04,3.85,0.93,0.6
2022-02-15T17:05:01Z,165.19,3.04,6.94,0.82,0.62
2022-02-15T18:05:01Z,159.65,3.26,6.95,0.94,0.63
2022-02-15T19:05:01Z,150.98,3.23,6.86,0.83,0.63
2022-02-15T20:05:01Z,164.03,3.22,3.42,0.84,0.61
2022-02-15T21:05:01Z,152.12,3.18,6.67,0.78,0.58
2022-02-15T22:05:01Z,153.17,3.32,7.2,0.8,0.59
2022-02-15T23:05:01Z,153.95,3.4,6.98,0.76,0.57
2022-02-16T00:05:01Z,157.57,3.02,7.13,0.72,0.52
2022-02-16T01:05:01Z,154.75,3.94,6.82,0.81,0.61
2022-02-16T02:05:01Z,157.97,3.61,6.97,0.77,0.54
2022-02-16T03:05:01Z,159.31,3.36,6.28,0.66,0.52
2022-02-16T04:05:01Z,163.31,3.2,6.93,0.88,0.64
2022-02-16T05:05:01Z,163.99,3.05,6.66,0.86,0.59
2022-02-16T06:05:02Z,164.68,3.1,6.49,0.83,0.56
2022-02-16T07:05:01Z,182.45,3.16,3.88,0.86,0.63
2022-02-16T08:05:01Z,198.37,3.41,4.18,1.03,0.65
2022-02-16T09:05:01Z,200.68,3.4,4.01,1.13,0.66
2022-02-16T10:05:01Z,198.95,3.2,3.74,1.02,0.63
2022-02-16T11:05:01Z,187.12,3.28,4.33,0.78,0.59
2022-02-16T12:05:01Z,198.62,3.31,3.99,0.89,0.59
2022-02-16T13:05:01Z,208.54,2.94,4,1.05,0.68
2022-02-16T14:05:01Z,204.82,3.52,3.89,1.09,0.73
2022-02-16T15:05:01Z,201.79,3.3,4.35,1.04,0.71
2022-02-16T16:05:01Z,190.74,3.31,4.36,1.07,0.67
2022-02-16T17:05:01Z,181.87,2.98,4.12,0.83,0.62
2022-02-16T18:05:01Z,169.76,3.03,3.33,0.9,0.58
2022-02-16T19:05:01Z,164.21,3.03,3.32,0.65,0.52
2022-02-16T20:05:01Z,169.07,3.24,3.97,0.81,0.53
2022-02-16T21:05:01Z,163.29,3.41,6.15,0.86,0.58
2022-02-16T22:05:01Z,162.84,3.3,3.8,0.7,0.5
2022-02-16T23:05:01Z,162.99,3.28,5.29,0.67,0.48
2022-02-17T00:05:01Z,175.09,3.4,5.23,0.87,0.55
2022-02-17T01:05:01Z,181.31,3.7,4.42,0.71,0.57
2022-02-17T02:05:01Z,184.59,3.56,4.66,0.76,0.49
2022-02-17T03:05:01Z,177.35,3.54,4.27,0.72,0.47
2022-02-17T04:05:01Z,189.11,2.95,5,0.88,0.49
2022-02-17T05:05:01Z,189.69,3.5,4.38,0.66,0.44
2022-02-17T06:05:01Z,185.63,3.65,3.83,0.69,0.43
2022-02-17T07:05:01Z,199.03,3.43,3.89,0.6,0.45
2022-02-17T08:05:01Z,203.07,3.42,4.06,0.78,0.47
2022-02-17T09:05:01Z,197.41,3.35,4.4,0.67,0.45
2022-02-17T10:05:01Z,202.96,3.27,4.63,0.6,0.45
2022-02-17T15:05:01Z,147.2,2.86,5.09,0.49,0.35
2022-02-17T17:05:01Z,160.19,2.24,4.96,0.51,0.38
2022-02-17T18:05:01Z,148.29,2.36,4.94,0.59,0.39
2022-02-17T19:05:01Z,147.27,2.74,5.25,0.55,0.34
2022-02-17T20:05:01Z,150.19,2.97,5.32,0.5,0.33
2022-02-17T21:05:01Z,159.48,3.06,5.2,0.59,0.37
2022-02-17T22:05:01Z,147.91,3.35,5.43,0.59,0.4
2022-02-17T23:05:01Z,160.44,3.31,5.26,0.61,0.39
2022-02-18T00:05:01Z,150.89,3.45,5.2,0.54,0.36
2022-02-18T01:05:01Z,163.89,3.83,5.31,0.59,0.41
2022-02-18T02:05:01Z,162.25,3.81,4.77,0.59,0.42
2022-02-18T03:05:01Z,157,3.75,5.14,0.68,0.4
2022-02-18T04:05:01Z,153.48,3.55,5.43,0.63,0.37
2022-02-18T05:05:01Z,143.96,3.96,5.39,0.61,0.42
2022-02-18T06:05:01Z,145.25,3.96,5.52,0.64,0.44
2022-02-18T07:05:01Z,151.21,3.69,5.57,0.52,0.39
2022-02-18T08:05:01Z,142.55,3.65,5.12,0.63,0.36
2022-02-18T09:05:01Z,134.06,3.47,5.24,0.51,0.37
2022-02-18T10:05:01Z,132.86,3.07,5.25,0.46,0.34
2022-02-18T11:05:01Z,147.62,3.24,5.07,0.47,0.34
2022-02-18T12:05:01Z,149.08,3.23,4.63,0.57,0.37
2022-02-18T13:05:01Z,129.29,2.85,5.57,0.6,0.43
2022-02-18T14:05:01Z,139.59,2.61,2.86,0.63,0.44
2022-02-18T15:05:01Z,154.18,2.78,3.31,0.73,0.47
2022-02-18T16:05:01Z,159.19,3.09,4.52,0.71,0.52
2022-02-18T17:05:01Z,172.91,3.32,4.47,0.75,0.53
2022-02-18T18:05:01Z,175.11,3.39,4.7,0.9,0.55
2022-02-18T19:05:01Z,173.95,3.2,4.43,0.76,0.52
2022-02-18T20:05:01Z,166.93,3.42,4.8,0.78,0.52
2022-02-18T21:05:01Z,165.49,3.73,4.61,0.71,0.51
2022-02-18T22:05:01Z,168.89,3.67,4.71,0.76,0.51
2022-02-18T23:05:01Z,165.94,2.83,4.61,0.93,0.58
2022-02-19T00:05:01Z,158.03,2.96,4.86,1.08,0.65
2022-02-19T01:05:01Z,160.01,3.24,4.89,0.89,0.58
2022-02-19T02:05:01Z,164.23,3.59,4.9,0.88,0.54
2022-02-19T03:05:01Z,162.97,3.75,4.97,0.76,0.51
2022-02-19T04:05:01Z,169.73,3.53,4.92,0.94,0.58
2022-02-19T05:05:01Z,170.21,3.67,4.71,0.75,0.5
2022-02-19T06:05:01Z,167.89,3.48,4.61,0.73,0.51
2022-02-19T07:05:01Z,164.89,3.52,4.57,0.94,0.57
2022-02-19T08:05:01Z,167.48,3.65,4.93,0.81,0.61
2022-02-19T09:05:01Z,159.86,3.6,5.03,1.02,0.61
2022-02-19T10:05:01Z,132.06,3.51,4.62,0.93,0.69
2022-02-19T11:05:01Z,113.47,3.95,5.85,1.48,0.82
2022-02-19T12:05:01Z,112.48,3.64,4.84,1.31,0.8
2022-02-19T13:05:01Z,110.84,3.56,5.16,0.96,0.67
2022-02-19T14:05:01Z,114.7,3.53,7.31,0.95,0.66
2022-02-19T15:05:02Z,109.41,3.63,6.58,1.1,0.65
2022-02-19T16:05:01Z,110.05,4.07,6.83,1.08,0.67
2022-02-19T17:05:01Z,113.85,3.63,4.59,0.89,0.57
2022-02-19T18:05:01Z,112.91,3.8,7.27,0.87,0.61
2022-02-19T19:05:01Z,120.83,4.22,6.78,0.87,0.6
2022-02-19T20:05:01Z,126,4.31,8.19,0.98,0.61
2022-02-19T21:05:01Z,128.01,4.15,7.87,0.96,0.71
2022-02-19T22:05:01Z,130.81,4.13,7.84,0.83,0.67
2022-02-19T23:05:02Z,118.96,3.91,7.81,0.73,0.56
2022-02-20T00:05:01Z,128.37,4.29,7.6,0.96,0.64
2022-02-20T01:05:01Z,128.08,4.02,7.79,0.85,0.6
2022-02-20T02:05:01Z,135.23,3.45,7.78,0.9,0.61
2022-02-20T03:05:01Z,143.37,3.85,7.67,0.79,0.56
2022-02-20T04:05:01Z,144.66,4.12,8,0.83,0.62
2022-02-20T05:05:01Z,140.96,3.83,7.79,0.73,0.52
2022-02-20T06:05:01Z,139.17,3.74,7.75,0.84,0.52
2022-02-20T07:05:01Z,139.88,3.25,7.58,1.01,0.58
2022-02-20T08:05:01Z,138.78,3.01,7.49,0.8,0.55
2022-02-20T09:05:01Z,134.17,3.38,7.4,0.66,0.46
2022-02-20T10:05:01Z,129.06,3.97,7.22,0.63,0.42
2022-02-21T08:05:01Z,196.89,3.44,4.7,0.97,0.63
2022-02-21T09:05:01Z,199.49,3.72,4.44,1.04,0.68
2022-02-21T10:05:01Z,199.46,3.72,4.53,1.06,0.63
2022-02-21T11:05:01Z,205.04,3.62,4.49,0.85,0.56
2022-02-21T12:05:01Z,204.58,3.37,4.35,0.94,0.6
2022-02-21T13:05:02Z,207.61,2.81,3.98,1.01,0.69
2022-02-21T14:05:01Z,201.73,2.86,4.29,0.83,0.61
2022-02-21T15:05:01Z,205.42,2.88,3.86,0.92,0.67
2022-02-21T16:05:01Z,216.19,2.87,3.85,0.98,0.73
2022-02-21T17:05:01Z,217.02,2.93,4,1.06,0.71
2022-02-21T18:05:01Z,203.23,2.83,3.8,0.85,0.65
2022-02-21T19:05:01Z,192.44,2.93,3.94,1.46,0.7
2022-02-21T20:05:01Z,211.74,2.86,3.97,0.97,0.7
2022-02-21T21:05:01Z,208.46,3.21,4.32,0.99,0.67
2022-02-21T22:05:01Z,205.28,2.76,3.83,1.03,0.68
2022-02-21T23:05:01Z,201.69,3.05,3.38,1.23,0.65
2022-02-22T00:05:01Z,141.7,3.08,3.31,1,0.64
2022-02-22T01:05:02Z,155.75,2.88,3.58,0.83,0.57
2022-02-22T02:05:01Z,104.54,3.53,4.61,1.3,0.74
2022-02-22T03:05:01Z,104.24,3.71,4.76,1.04,0.76
2022-02-22T04:05:01Z,105.48,3.83,5.14,1.19,0.74
2022-02-22T05:05:01Z,110.04,3.8,4.87,1.04,0.77
2022-02-22T06:05:01Z,115.89,3.53,5.01,1.17,0.67
2022-02-22T07:05:01Z,116.87,3.66,5.12,1.05,0.72
2022-02-22T08:05:01Z,119.41,3.31,4.96,1.12,0.75
2022-02-22T09:05:01Z,126.94,3.58,4.94,1.01,0.71
2022-02-22T10:05:01Z,123.52,3.91,5.02,0.92,0.63
2022-02-22T11:05:01Z,129.79,4.4,5.03,0.85,0.64
2022-02-22T12:05:01Z,120.82,4.43,4.97,0.89,0.61
2022-02-22T13:05:01Z,126.22,4.14,4.96,0.9,0.62
2022-02-22T14:05:01Z,122.2,3.31,4.94,0.81,0.55
2022-02-22T15:05:01Z,122.15,3.92,8.32,0.7,0.53
2022-02-22T16:05:01Z,121.61,4.02,8.15,0.78,0.56
2022-02-22T17:05:01Z,116.18,3.9,7.67,0.95,0.55
2022-02-22T18:05:01Z,115.22,4.04,6.75,0.83,0.59
2022-02-22T19:05:01Z,132.07,3.58,3.51,0.86,0.6
2022-02-22T20:05:01Z,143.17,3.74,3.78,1.11,0.72
2022-02-22T21:05:01Z,147.93,3.71,3.99,0.78,0.65
2022-02-22T22:05:02Z,167.04,3.59,4.06,1.03,0.68
2022-02-22T23:05:01Z,149.68,3.73,4.09,0.87,0.59
2022-02-23T00:05:01Z,152.52,3.94,3.84,0.79,0.63
2022-02-23T01:05:01Z,161.98,3.44,3.77,0.88,0.63
2022-02-23T02:05:01Z,150.49,3.71,3.82,0.84,0.56
2022-02-23T03:05:01Z,129.52,3.45,9.41,0.72,0.47
2022-02-23T04:05:01Z,135.6,3.87,9.77,0.64,0.51
2022-02-23T05:05:01Z,131.09,3.87,10.02,0.77,0.5
2022-02-23T06:05:01Z,137.57,3.59,9.24,0.78,0.51
2022-02-23T07:05:01Z,144.93,3.47,9.44,0.65,0.48
2022-02-23T08:05:01Z,135.91,3.54,7.35,0.66,0.45
2022-02-23T09:05:01Z,141.11,3.56,9.45,0.67,0.44
2022-02-23T10:05:01Z,130.43,3.87,9.12,0.63,0.4
2022-02-23T14:05:01Z,126.7,3.63,8.97,0.61,0.43
2022-02-23T15:05:01Z,122.67,3.17,8.95,0.64,0.38
2022-02-23T16:05:01Z,131.11,3.02,7.24,0.61,0.42
2022-02-23T17:05:01Z,132.23,2.98,8.88,0.64,0.46
2022-02-23T18:05:01Z,128.38,2.84,9.23,0.69,0.46
2022-02-23T19:05:01Z,128.88,2.94,8.63,0.69,0.44
2022-02-23T20:05:01Z,131.64,3.13,8.34,0.56,0.42
2022-02-23T21:05:01Z,132.83,3.17,3.27,0.57,0.46
2022-02-23T22:05:01Z,152.55,2.91,3.95,0.75,0.5
2022-02-23T23:05:01Z,153.73,3.27,3.96,0.8,0.51
2022-02-24T00:05:01Z,149.75,3.31,3.84,0.76,0.51
2022-02-24T01:05:01Z,159.53,3.94,4.39,0.81,0.6
2022-02-24T02:05:01Z,156.8,3.52,4.38,0.76,0.52
2022-02-24T03:05:01Z,156.42,3.52,4.24,0.81,0.55
2022-02-24T04:05:01Z,150.85,3.68,4.55,0.94,0.51
2022-02-24T05:05:01Z,150.63,3.66,4.24,0.69,0.51
2022-02-24T06:05:01Z,161.46,3.36,4.67,0.66,0.52
2022-02-24T07:05:01Z,160.82,3.67,4.47,0.69,0.48
2022-02-24T08:05:01Z,154.19,3.83,4.72,0.87,0.55
2022-02-24T09:05:02Z,164.87,3.44,4.63,0.73,0.5
2022-02-24T10:05:01Z,163.18,3.86,4.58,0.6,0.47
2022-02-24T11:05:01Z,157.94,3.81,4.84,0.64,0.45
2022-02-24T12:05:01Z,162.24,3.83,4.68,0.8,0.51
2022-02-24T13:05:01Z,153.43,3.95,4.4,0.67,0.44
2022-02-24T14:05:01Z,159.44,3.8,4.48,0.78,0.48
2022-02-24T15:05:01Z,161.11,3.79,4.61,0.82,0.48
2022-02-24T16:05:01Z,161.74,3.77,4.82,0.7,0.44
2022-02-24T17:05:02Z,157.74,3.73,4.5,0.72,0.45
2022-02-24T18:05:01Z,149.58,3.87,4.4,0.66,0.47
2022-02-24T19:05:01Z,149.96,3.46,4.69,0.76,0.49
2022-02-24T20:05:01Z,152.29,3.88,4.93,0.84,0.49
2022-02-24T21:05:01Z,145.94,3.73,4.58,0.61,0.46
2022-02-24T22:05:01Z,150.4,3.9,5.17,0.82,0.54
2022-02-24T23:05:01Z,151.49,3.61,4.8,0.84,0.54
2022-02-25T00:05:01Z,160.77,3.39,5.62,0.83,0.49
2022-02-25T01:05:01Z,158.9,3.64,5.79,0.69,0.49
2022-02-25T02:05:01Z,151.87,3.44,5.53,0.65,0.41
2022-02-25T03:05:01Z,153.96,3.46,4.14,0.55,0.41
2022-02-25T04:05:01Z,149.33,3.57,4.55,0.74,0.41
2022-02-25T05:05:01Z,152.93,3.89,4.1,0.54,0.41
2022-02-25T06:05:01Z,147.98,2.9,5.09,0.7,0.47
2022-02-25T07:05:01Z,135.76,3.05,4.15,0.73,0.5
2022-02-25T08:05:01Z,142.09,2.52,4.18,0.67,0.4
2022-02-25T09:05:01Z,137.53,3.14,5.53,0.48,0.37
2022-02-25T10:05:01Z,132.82,3.8,4.03,0.59,0.37
2022-02-25T11:05:01Z,126.36,3.65,5.67,0.46,0.35
2022-02-25T12:05:01Z,125.25,4.06,5.61,0.48,0.37
2022-02-25T13:05:01Z,115.52,4.06,5.59,0.63,0.42
2022-02-25T14:05:01Z,113.12,4.1,5.22,0.63,0.46
2022-02-25T15:05:01Z,110.65,3.71,5.88,0.71,0.46
2022-02-25T16:05:01Z,112.8,3.48,5.09,0.74,0.49
2022-02-25T17:05:01Z,113.66,3.22,5.06,0.91,0.51
2022-02-25T18:05:01Z,111.64,3.29,5.5,0.81,0.53
2022-02-25T19:05:01Z,113.49,3.32,5.05,0.74,0.5
2022-02-25T20:05:01Z,114.72,3.32,5.14,0.81,0.58
2022-02-25T21:05:01Z,120.2,3.32,7.02,0.94,0.6
2022-02-25T22:05:01Z,120.43,3.16,5.4,0.89,0.62
2022-02-25T23:05:01Z,119.89,3.2,6.4,0.85,0.63
2022-02-26T00:05:01Z,115.71,3.25,6.96,1.04,0.64
2022-02-26T01:05:01Z,118.87,3.05,6.33,0.72,0.56
2022-02-26T02:05:01Z,130.55,3.44,7.13,0.91,0.57
2022-02-26T03:05:01Z,126.58,3.12,7.68,0.98,0.54
2022-02-26T04:05:01Z,123.31,3.12,7.35,0.78,0.52
2022-02-26T05:05:01Z,126.11,3.46,7.64,0.7,0.56
2022-02-26T06:05:01Z,124.84,3.42,7.16,0.72,0.51
2022-02-26T07:05:01Z,119.34,3.31,7.4,0.82,0.51
2022-02-26T08:05:01Z,121.19,2.8,7.45,0.88,0.57
2022-02-26T09:05:01Z,115.48,3.35,6.97,1.03,0.68
2022-02-26T10:05:01Z,100.72,3.59,5.52,1.25,0.92
2022-02-27T13:05:01Z,126.05,4.34,7.47,0.72,0.59
2022-02-27T14:05:01Z,120.61,5.2,7.05,1.07,0.72
2022-02-27T15:05:01Z,117.8,5.36,6.89,1.1,0.75
2022-02-27T16:05:01Z,115.67,4.87,6.83,0.99,0.65
2022-02-27T17:05:01Z,122.63,4.31,6.54,0.84,0.58
2022-02-27T18:05:01Z,118.81,4.86,7.27,0.79,0.56
2022-02-27T19:05:01Z,122.29,4.37,5.96,0.8,0.53
2022-02-27T20:05:01Z,121.1,4.32,6.65,1.03,0.57
2022-02-27T21:05:01Z,126.88,4.5,5.81,0.71,0.53
2022-02-27T22:05:01Z,122.14,3.73,5.54,0.74,0.54
2022-02-27T23:05:01Z,124.21,3.74,6.05,0.75,0.51
2022-02-28T00:05:01Z,128.49,3.52,4.53,0.88,0.51
2022-02-28T01:05:01Z,130.15,3.16,4.55,0.69,0.47
2022-02-28T02:05:01Z,120.69,3.36,5.9,0.65,0.48
2022-02-28T03:05:01Z,122.82,2.72,5.8,0.58,0.43
2022-02-28T04:05:01Z,120.21,3.24,5.74,0.57,0.43
2022-02-28T05:05:01Z,122.87,2.96,5.23,0.7,0.45
2022-02-28T06:05:01Z,115.55,3.39,5.82,0.63,0.42
2022-02-28T07:05:01Z,122.17,3.15,5.35,0.65,0.46
2022-02-28T08:05:01Z,122.38,2.97,5.11,0.55,0.41
2022-02-28T09:05:01Z,125.77,2.78,5.15,0.55,0.4
2022-02-28T10:05:01Z,125.43,2.7,4.61,0.62,0.48
2022-02-28T11:05:01Z,125.3,2.8,3.22,0.62,0.44
2022-02-28T12:05:01Z,131.5,2.86,5.2,0.63,0.47
2022-02-28T13:05:01Z,121.26,3.04,3.12,0.61,0.44
2022-02-28T14:05:01Z,120.62,3.14,3.23,0.67,0.48
2022-02-28T15:05:01Z,112.79,3.3,5.61,0.67,0.48
2022-02-28T16:05:01Z,121.25,3.09,5.79,0.65,0.46
2022-02-28T17:05:01Z,120.93,2.89,5.98,0.72,0.49
2022-02-28T18:05:01Z,118.49,3.24,5.64,1,0.55
2022-02-28T19:05:01Z,125.57,2.9,5.7,0.77,0.56
2022-02-28T20:05:01Z,125.4,2.8,5.65,0.85,0.54
2022-02-28T21:05:01Z,131.07,3.08,5.71,1.12,0.62
2022-02-28T22:05:01Z,128.76,3.15,5.64,0.78,0.56
2022-02-28T23:05:01Z,125.53,3.19,5.91,0.78,0.53
2022-03-01T00:05:01Z,127.35,3.51,5.98,0.79,0.52
2022-03-01T01:05:01Z,123.1,3.41,6.22,0.69,0.46
2022-03-01T02:05:01Z,122.12,3.41,5.99,0.68,0.45
2022-03-01T03:05:01Z,125.36,3.3,5.66,0.55,0.43
2022-03-01T04:05:01Z,117.92,3.83,5.97,0.68,0.47
2022-03-01T05:05:01Z,140.76,3.6,3.61,0.75,0.45
2022-03-01T06:05:01Z,149.7,3.55,3.67,0.65,0.48
2022-03-01T07:05:01Z,142.32,3.48,5.61,0.75,0.48
2022-03-01T08:05:01Z,153.66,3.32,4.15,0.72,0.49
2022-03-01T09:05:01Z,144.49,3.15,5.22,0.65,0.44
2022-03-01T10:05:01Z,164.89,3.23,4.28,0.72,0.47
2022-03-01T13:05:01Z,165.7,3.18,4.13,0.6,0.46
2022-03-01T14:05:01Z,167.68,2.71,4.36,0.86,0.51
2022-03-01T15:05:01Z,158.28,2.78,2.73,0.88,0.52
2022-03-01T16:05:01Z,167.44,2.68,2.73,0.84,0.55
2022-03-01T17:05:01Z,175.26,2.67,3.01,0.81,0.54
2022-03-01T18:05:01Z,180.8,2.83,2.93,0.7,0.54
2022-03-01T19:05:01Z,174.61,2.75,4.62,0.83,0.51
2022-03-01T20:05:01Z,180.46,2.64,3.13,0.75,0.5
2022-03-01T21:05:01Z,169,3.04,4.51,0.69,0.5
2022-03-01T22:05:01Z,139.67,3.26,4.57,0.72,0.51
2022-03-01T23:05:01Z,113.3,3.35,4.56,0.73,0.55
2022-03-02T00:05:01Z,94.85,3.82,4.82,0.83,0.6
2022-03-02T01:05:01Z,96.74,4.05,7.26,0.82,0.6
2022-03-02T02:05:01Z,98.56,3.89,7.34,0.76,0.57
2022-03-02T03:05:01Z,97.74,4.49,7.53,0.83,0.59
2022-03-02T04:05:01Z,101.89,4,7.39,0.85,0.58
2022-03-02T05:05:01Z,94.07,4.4,7.58,0.83,0.61
2022-03-02T06:05:01Z,97.23,4.69,7.03,0.82,0.63
2022-03-02T07:05:01Z,100.76,4.66,7.3,1.06,0.68
2022-03-02T08:05:02Z,109.61,4.42,6.83,0.96,0.67
2022-03-02T09:05:01Z,119.66,3.96,6.84,0.9,0.71
2022-03-02T10:05:01Z,121.49,3.98,7.17,1.38,0.87
2022-03-02T11:05:01Z,134.43,3.62,5.17,1.15,0.75
2022-03-02T12:05:01Z,136.92,3.6,6.93,1,0.7
2022-03-02T13:05:01Z,148.42,3.7,5.14,1.06,0.7
2022-03-02T14:05:01Z,155.03,3.38,6.22,0.94,0.66
2022-03-02T15:05:01Z,163.35,3.56,4.78,1.04,0.65
2022-03-02T16:05:01Z,159.89,3.64,5.55,1.12,0.71
2022-03-02T17:05:01Z,169.88,3.52,5.65,1.26,0.78
2022-03-02T18:05:01Z,171.91,3.56,5.42,1.04,0.76
2022-03-02T19:05:01Z,167.48,3.47,5.77,1.18,0.71
2022-03-02T20:05:01Z,167.11,3.53,5.33,1.13,0.71
2022-03-02T21:05:01Z,165.94,3.49,5.06,1.03,0.71
2022-03-02T22:05:01Z,155.99,3.89,5.24,0.88,0.65
2022-03-02T23:05:01Z,154.5,3.8,5.58,0.91,0.67
2022-03-03T00:05:01Z,171.28,3.6,5.53,1.06,0.72
2022-03-03T01:05:01Z,177.44,3.71,5.73,1.11,0.69
2022-03-03T02:05:01Z,181.41,3.98,5.61,1.18,0.78
2022-03-03T03:05:01Z,178.81,4.1,5.72,1.07,0.7
2022-03-03T04:05:01Z,181.58,3.6,5.47,0.99,0.63
2022-03-03T05:05:01Z,177.44,4.25,5.79,1.11,0.7
2022-03-03T06:05:01Z,182.93,4.32,5.64,1.03,0.73
2022-03-03T07:05:01Z,180.67,4.19,5.67,1.02,0.74
2022-03-03T08:05:01Z,175.99,3.96,5.39,0.82,0.6
2022-03-03T09:05:01Z,176.24,4.07,5.48,0.82,0.54
2022-03-03T10:05:01Z,170.14,3.52,5.33,0.93,0.57
2022-03-03T11:05:01Z,158.93,3.3,5.03,0.85,0.52
2022-03-03T12:05:01Z,158.32,3.63,5.12,0.76,0.52
2022-03-03T13:05:01Z,155.71,3.17,5.08,0.7,0.49
2022-03-03T14:05:01Z,158.09,2.89,4.8,0.75,0.45
2022-03-03T15:05:01Z,148.63,2.54,4.77,0.69,0.42
2022-03-03T16:05:01Z,154.21,2.62,5.08,0.61,0.45
2022-03-03T17:05:01Z,173.4,2.49,4.96,0.61,0.46
2022-03-03T18:05:01Z,167.76,2.49,2.56,0.64,0.46
2022-03-03T19:05:01Z,162.43,2.54,2.77,0.63,0.42
2022-03-03T20:05:01Z,155.89,2.6,2.81,0.62,0.37
2022-03-03T21:05:01Z,142.61,2.88,3,0.55,0.39
2022-03-03T22:05:01Z,157.51,2.92,3.16,0.63,0.39
2022-03-03T23:05:01Z,164.53,3.06,3.05,0.55,0.36
2022-03-04T00:05:01Z,166.98,2.91,3.07,0.45,0.32
2022-03-04T01:05:01Z,156.52,3.09,3.3,0.46,0.32
2022-03-04T02:05:01Z,143.06,2.98,5.2,0.49,0.33
2022-03-04T03:05:01Z,139.6,2.91,4.6,0.43,0.28
2022-03-04T04:05:01Z,150.43,2.75,4.9,0.45,0.27
2022-03-04T05:05:01Z,144.36,2.63,4.96,0.41,0.29
2022-03-04T06:05:01Z,142.26,2.65,5.12,0.36,0.24
2022-03-04T07:05:01Z,147.97,2.72,4.19,0.4,0.23
2022-03-04T08:05:01Z,156.34,2.4,4.66,0.34,0.24
2022-03-04T09:05:01Z,146.37,2.35,4.84,0.37,0.22
2022-03-04T10:05:01Z,140.17,2.29,4.99,0.24,0.18
2022-03-04T15:05:01Z,173.72,2.3,4.7,0.32,0.24
2022-03-04T16:05:01Z,186.31,2.19,4.59,0.38,0.26
2022-03-04T17:05:01Z,229.45,2.73,3.46,0.96,0.62
2022-03-04T18:05:01Z,222.2,2.82,3.49,0.97,0.62
2022-03-04T19:05:01Z,217.45,2.92,3.68,0.78,0.57
2022-03-04T20:05:01Z,214.31,3.02,3.95,1.01,0.63
2022-03-04T21:05:01Z,215,3.06,4.1,0.96,0.66
2022-03-04T22:05:01Z,214.11,3.43,3.7,0.97,0.65
2022-03-04T23:05:01Z,198.39,3.1,3.71,0.73,0.47
2022-03-05T00:05:01Z,197.43,3.13,3.55,0.75,0.45
2022-03-05T01:05:01Z,209.82,3.11,4.2,0.85,0.51
2022-03-05T02:05:01Z,194.29,3.38,3.96,0.7,0.48
2022-03-05T03:05:01Z,200.86,3.5,3.84,0.72,0.48
2022-03-05T04:05:01Z,198.27,3.34,4.28,0.63,0.46
2022-03-05T05:05:01Z,186.86,3.21,3.78,0.61,0.43
2022-03-05T06:05:01Z,162.49,3.3,7.74,0.65,0.45
2022-03-05T07:05:01Z,166.07,3.08,8.33,0.66,0.42
2022-03-05T08:05:01Z,162.64,3.58,8.86,0.51,0.43
2022-03-05T09:05:01Z,149.64,3.62,8.58,0.57,0.45
2022-03-05T10:05:01Z,153.82,4.08,8.51,0.6,0.47
2022-03-05T11:05:01Z,140.17,3.75,8.19,0.59,0.42
2022-03-05T12:05:01Z,148.08,3.94,8.4,0.71,0.49
2022-03-05T13:05:01Z,138.47,3.14,8.39,0.62,0.45
2022-03-05T14:05:01Z,152.21,3.5,8.05,0.69,0.47
2022-03-05T15:05:01Z,131.57,3.92,7.5,0.74,0.54
2022-03-05T16:05:01Z,139.77,3.66,7.69,0.64,0.49
2022-03-05T17:05:01Z,141.32,3.26,7.39,0.9,0.52
2022-03-05T18:05:01Z,139.09,3.52,7.62,0.79,0.52
2022-03-06T03:05:01Z,140.01,3.37,6.68,0.66,0.48
2022-03-06T04:05:01Z,130.16,3.19,5.83,0.9,0.53
2022-03-06T05:05:01Z,133.78,2.91,6.52,1,0.59
2022-03-06T06:05:01Z,136.47,3.64,6.91,0.72,0.52
2022-03-06T07:05:01Z,127.75,3.1,5.91,0.65,0.49
2022-03-06T08:05:02Z,128.85,2.86,6.11,0.73,0.5
2022-03-06T09:05:01Z,120.34,2.98,5.66,0.88,0.59
2022-03-06T10:05:01Z,120.91,2.94,6.1,0.75,0.57
2022-03-06T11:05:01Z,108.01,3.24,4.03,1.12,0.68
2022-03-06T12:05:02Z,106.35,3.32,4.34,1.33,0.72
2022-03-06T13:05:01Z,102.37,3.47,4.96,1.08,0.71
2022-03-06T14:05:01Z,101.92,3.72,5.35,1.08,0.74
2022-03-06T15:05:01Z,104.03,3.95,5.34,1.29,0.77
2022-03-06T16:05:01Z,102.04,3.98,5.68,1.23,0.84
2022-03-06T17:05:01Z,103.65,4.03,5.79,1.22,0.71
2022-03-06T18:05:01Z,97.06,3.75,5.73,1.03,0.72
2022-03-06T19:05:01Z,103.41,3.63,5.51,1.03,0.68
2022-03-06T20:05:01Z,102.05,3.79,5.74,0.77,0.59
2022-03-06T21:05:01Z,105.58,3.8,5.27,0.8,0.55
2022-03-06T22:05:01Z,110.8,3.35,5.55,0.63,0.44
2022-03-06T23:05:01Z,114.34,3.73,5.52,0.68,0.5
2022-03-07T00:05:01Z,116.99,3.46,5.63,0.67,0.46
2022-03-07T01:05:01Z,122.9,3.72,5.66,0.7,0.43
2022-03-07T02:05:01Z,124.93,3.41,4.85,0.63,0.44
2022-03-07T03:05:01Z,122.4,3.24,5.62,0.81,0.46
2022-03-07T04:05:01Z,119.07,3.5,5.33,0.69,0.43
2022-03-07T05:05:01Z,129.73,3.46,5.02,0.8,0.46
2022-03-07T06:05:01Z,128.89,3.09,6.07,0.6,0.39
2022-03-07T07:05:01Z,131.5,3.62,5.38,0.67,0.44
2022-03-07T08:05:01Z,134.75,3.52,5.3,0.68,0.46
2022-03-07T09:05:01Z,129.14,3.64,5.55,0.7,0.45
2022-03-07T10:05:01Z,127.07,2.87,5.15,0.92,0.61
2022-03-07T15:05:01Z,128.9,2.99,5.32,0.74,0.54
2022-03-07T16:05:01Z,123.31,2.91,4.32,0.86,0.55
2022-03-07T17:05:01Z,122.67,3.24,4.8,0.72,0.51
2022-03-07T18:05:01Z,138.87,3.44,-999.99,0.94,0.51
2022-03-07T19:05:01Z,129.1,3.17,4.56,0.75,0.44
2022-03-07T20:05:01Z,142.25,3.16,5.06,0.64,0.46
2022-03-07T21:05:01Z,142.76,3.21,4.97,0.62,0.43
2022-03-07T22:05:02Z,139.36,3.13,4.76,0.59,0.41
2022-03-07T23:05:01Z,146.81,2.96,4.9,0.62,0.43
2022-03-08T00:05:01Z,131.32,2.84,4.42,0.67,0.41
2022-03-08T01:05:01Z,142.22,3.16,4.36,0.64,0.46
2022-03-08T02:05:01Z,134.26,2.99,4.32,0.68,0.41
2022-03-08T03:05:01Z,129.13,3.2,4.45,0.61,0.43
2022-03-08T04:05:01Z,133.13,3.11,4.48,0.75,0.46
2022-03-08T05:05:01Z,134.69,3.11,4.56,0.72,0.47
2022-03-08T06:05:01Z,136.07,2.84,4.07,0.52,0.39
2022-03-08T07:05:01Z,141.59,3.24,4.59,0.56,0.42
2022-03-08T08:05:01Z,139.74,2.97,4.32,0.68,0.43
2022-03-08T09:05:01Z,133.78,3.02,4.62,0.7,0.43
2022-03-08T10:05:01Z,139.96,3.47,4.51,0.73,0.44
2022-03-08T11:05:01Z,149.46,3.26,4.52,0.64,0.44
2022-03-08T12:05:01Z,138.92,3.36,4.07,0.68,0.46
2022-03-08T13:05:01Z,139.3,3.32,4.36,0.73,0.48
2022-03-08T14:05:01Z,147.05,3.53,4.49,0.6,0.43
2022-03-08T15:05:01Z,149.15,3.12,3.75,0.8,0.5
2022-03-08T16:05:01Z,175.12,2.89,3.99,1.02,0.6
2022-03-08T17:05:01Z,166.5,3.31,3.76,0.75,0.59
2022-03-08T18:05:01Z,154.36,3.12,3.88,0.7,0.51
2022-03-08T19:05:01Z,158.63,3.12,3.92,0.79,0.54
2022-03-08T20:05:01Z,157.98,3.37,4.28,0.77,0.49
2022-03-08T21:05:01Z,151.06,3.1,3.78,0.85,0.48
2022-03-08T22:05:01Z,147.59,3.23,3.76,0.83,0.54
2022-03-08T23:05:01Z,156.93,3.19,3.82,0.76,0.48
2022-03-09T00:05:01Z,153.04,3.07,4.01,0.61,0.44
2022-03-09T01:05:01Z,149.58,3.06,4.4,0.55,0.39
2022-03-09T02:05:01Z,127.85,2.8,4.1,0.53,0.35
2022-03-09T03:05:01Z,115.25,2.67,4.3,0.55,0.35
2022-03-09T04:05:01Z,126.08,3,4.54,0.52,0.33
2022-03-09T05:05:01Z,132.82,2.84,4.31,0.51,0.31
2022-03-09T06:05:01Z,121.26,2.65,4.21,0.55,0.33
2022-03-09T07:05:01Z,125.54,2.54,4.2,0.45,0.31
2022-03-09T08:05:01Z,126.8,2.26,3.43,0.49,0.29
2022-03-09T09:05:01Z,121.09,2.44,3.94,0.41,0.25
2022-03-09T10:05:01Z,116.49,2.85,3.74,0.36,0.26
2022-03-09T11:05:01Z,126.63,2.43,3.84,0.56,0.32
2022-03-09T12:05:01Z,125.93,2.41,3.38,0.53,0.34
2022-03-09T13:05:01Z,122.77,2.33,2.59,0.55,0.37
2022-03-09T14:05:01Z,128.37,2.44,3.41,0.43,0.29
2022-03-09T15:05:01Z,118.51,2.63,4.33,0.48,0.31
2022-03-09T16:05:01Z,110.3,2.84,3.99,0.61,0.33
2022-03-09T17:05:01Z,111.95,2.52,3.92,0.53,0.33
2022-03-09T18:05:01Z,118.13,2.5,4.11,0.5,0.35
2022-03-09T19:05:01Z,114.87,2.59,4.51,0.38,0.28
2022-03-09T20:05:01Z,133.06,2.86,4.01,0.48,0.34
2022-03-09T21:05:01Z,126.46,2.67,4.14,0.44,0.32
2022-03-09T22:05:01Z,118.82,2.99,4.14,0.48,0.31
2022-03-09T23:05:02Z,133.43,2.97,3.94,0.55,0.29
2022-03-10T00:05:01Z,132.66,3.12,3.67,0.37,0.27
2022-03-10T01:05:01Z,131.2,2.9,3.87,0.46,0.3
2022-03-10T02:05:01Z,124.26,2.8,4,0.53,0.33
2022-03-10T03:05:01Z,127.96,2.62,4.31,0.46,0.32
2022-03-10T04:05:01Z,122.44,3,3.99,0.44,0.33
2022-03-10T05:05:01Z,134.31,2.78,3.43,0.46,0.32
2022-03-10T06:05:01Z,128.08,2.85,5.25,0.55,0.35
2022-03-10T07:05:01Z,133.17,2.79,3.22,0.73,0.4
2022-03-10T08:05:01Z,121.98,2.81,4.24,0.71,0.47
2022-03-10T09:05:01Z,133.25,2.93,3.44,0.94,0.6
2022-03-10T10:05:01Z,133.01,2.84,3.47,0.77,0.57
2022-03-10T14:05:01Z,158.34,3.03,4.29,1.18,0.74
2022-03-10T15:05:01Z,165.04,2.91,4.29,1.22,0.76
2022-03-10T16:05:01Z,165.94,3,4.35,0.98,0.67
2022-03-10T17:05:01Z,163.68,3.04,4.21,0.95,0.67
2022-03-10T18:05:01Z,166.28,3.1,4.39,0.89,0.64
2022-03-10T19:05:01Z,162.95,3.2,4.19,1.02,0.64
2022-03-10T20:05:01Z,161.92,2.94,4.3,0.86,0.57
2022-03-10T21:05:02Z,148.42,3.33,4.32,0.95,0.59
2022-03-10T22:05:01Z,154.17,3.22,4.14,1.03,0.56
2022-03-10T23:05:01Z,147.51,3.29,4.2,0.83,0.52
2022-03-11T00:05:01Z,148.67,3.2,4.07,0.65,0.51
2022-03-11T01:05:01Z,147.94,3.39,4.43,0.75,0.52
2022-03-11T02:05:01Z,132.25,3.27,4.35,0.73,0.53
2022-03-11T03:05:01Z,130.83,3.16,4.69,1.03,0.56
2022-03-11T04:05:01Z,136.19,3.33,4.64,0.9,0.63
2022-03-11T05:05:01Z,139.26,3.35,4.78,1.08,0.64
2022-03-11T06:05:01Z,139.93,3.5,4.73,1.08,0.7
2022-03-11T07:05:01Z,137.31,3.45,5.08,0.93,0.66
2022-03-11T08:05:01Z,134.79,3.62,4.79,0.99,0.68
2022-03-11T09:05:01Z,138.61,3.17,4.69,0.97,0.57
2022-03-11T10:05:01Z,137.65,3.3,5.01,0.89,0.55
2022-03-11T11:05:01Z,132.37,3.41,5.04,0.84,0.58
2022-03-11T12:05:01Z,138.14,3.19,4.75,0.8,0.54
2022-03-11T13:05:01Z,139.48,3.28,5.12,0.85,0.57
2022-03-11T14:05:01Z,145.82,3.18,4.05,0.84,0.58
2022-03-11T15:05:01Z,139.84,3.03,4.57,0.91,0.57
2022-03-11T16:05:01Z,136.84,3.05,4.28,0.79,0.56
2022-03-11T17:05:01Z,154.22,2.95,4.07,0.95,0.55
2022-03-11T18:05:01Z,146.41,3.06,4.2,1.04,0.6
2022-03-11T19:05:01Z,135.01,2.89,4.16,0.82,0.57
2022-03-11T20:05:01Z,137.65,2.91,4.02,0.95,0.59
2022-03-11T21:05:01Z,138.57,2.74,3.88,0.77,0.57
2022-03-11T22:05:02Z,136.69,2.76,4.08,0.98,0.6
2022-03-11T23:05:01Z,140.34,2.77,4.29,0.93,0.62
2022-03-12T00:05:01Z,132.79,2.77,4.41,0.86,0.58
2022-03-12T01:05:01Z,133.62,2.64,4.35,0.89,0.55
2022-03-13T18:05:01Z,107.83,6.11,8.48,2.08,1.45
2022-03-13T19:05:01Z,105.68,6.28,8.56,1.73,1.32
2022-03-13T20:05:01Z,106.39,6.05,8.48,1.49,1.13
2022-03-13T21:05:01Z,102.93,6.89,8.58,1.96,1.44
2022-03-13T22:05:01Z,106.85,4.64,8.41,1.62,1.26
2022-03-13T23:05:01Z,104.33,4.81,8.29,1.6,1.25
2022-03-14T00:05:01Z,104.22,4.63,7.83,1.63,1.32
2022-03-14T02:05:01Z,100.11,4.45,7.84,2.22,1.64
2022-03-14T03:05:01Z,101.71,4.33,7.99,1.79,1.36
2022-03-14T04:05:01Z,99.91,4.04,7.26,1.85,1.41
2022-03-14T05:05:01Z,99.32,4.32,6.59,2.64,1.7
2022-03-14T06:05:01Z,98.75,4.18,5.56,2.12,1.39
2022-03-14T07:05:01Z,97.76,4.11,7.11,3.05,1.65
2022-03-14T08:05:01Z,99.27,4.25,6.85,2.17,1.57
2022-03-14T09:05:01Z,97.64,3.78,6.65,2.24,1.45
2022-03-14T10:05:01Z,102.16,4.21,7.02,2.37,1.48
2022-03-14T11:05:01Z,101.44,3.98,5.75,2.7,1.66
2022-03-14T12:05:01Z,96.82,3.69,4.91,2.01,1.41
2022-03-14T13:05:01Z,94.89,3.75,4.86,2.34,1.47
2022-03-14T14:05:01Z,95.55,3.92,5.22,2.5,1.59
2022-03-14T15:05:01Z,95.46,-999.99,4.94,3.56,2.13
2022-03-14T16:05:01Z,101.5,4.01,5.48,2.47,1.64
2022-03-14T17:05:01Z,96.79,4.23,5.62,3.09,1.92
2022-03-14T18:05:01Z,100.15,4.32,6,2.95,1.93
2022-03-14T19:05:01Z,101.32,3.89,6.02,3.28,1.98
2022-03-14T20:05:01Z,108.5,3.98,6.59,2.33,1.77
2022-03-14T21:05:01Z,106.89,4.18,6.43,2.94,1.82
2022-03-14T22:05:01Z,108.84,4.75,7.1,2.85,1.78
2022-03-14T23:05:01Z,109.38,4.39,7,3.17,2.19
2022-03-15T00:05:01Z,113.08,4.32,7.71,2.91,1.88
2022-03-15T01:05:01Z,114.3,4.49,7.74,2.92,2.09
2022-03-15T02:05:01Z,117.42,5.09,7.8,3.24,2.16
2022-03-15T03:05:01Z,111.02,5.9,8.03,3.84,2.34
2022-03-15T04:05:01Z,110.87,4.77,8.24,3.05,2.06
2022-03-15T05:05:01Z,111.1,4.84,8.58,3.21,2.1
2022-03-15T06:05:01Z,113.73,5.14,8.43,4.04,2.33
2022-03-15T07:05:01Z,112.93,5.62,8.65,3.54,2.54
2022-03-15T08:05:01Z,114.73,5.58,9.03,3.14,2.33
2022-03-15T09:05:01Z,118.44,5.1,8.64,3.17,2.25
2022-03-15T18:05:01Z,115.54,5.72,9.3,3.71,2.57
2022-03-15T19:05:01Z,116.09,5.61,9.39,4.61,2.59
2022-03-15T20:05:01Z,117.71,5.57,9.29,4.03,2.49
2022-03-15T21:05:01Z,116.58,6.28,9.49,3.61,2.51
2022-03-15T22:05:01Z,117.47,5.69,9.25,3.17,2.3
2022-03-15T23:05:01Z,112.74,5.46,9.09,2.75,1.97
2022-03-16T00:05:01Z,115.15,5.55,9.29,2.59,1.96
2022-03-16T01:05:01Z,113.4,5.53,9.13,2.86,2.06
2022-03-16T02:05:01Z,114.11,5.02,9.23,2.66,2.1
2022-03-16T03:05:01Z,110.57,4.93,8.56,3.8,2.35
2022-03-16T04:05:01Z,110.52,5.14,8.59,3.8,2.29
2022-03-16T05:05:01Z,107.16,4.77,8.41,3.09,2.15
2022-03-16T06:05:01Z,109.68,5.41,8.64,3.17,2.13
2022-03-16T07:05:01Z,107.97,4.88,8.6,4.09,2.25
2022-03-16T08:05:01Z,111.28,5.3,8.55,2.72,2.18
2022-03-16T09:05:01Z,114.62,6.45,8.44,3.32,2.45
2022-03-16T10:05:01Z,104.65,-999.99,5.25,5.38,3.22
2022-03-16T11:05:01Z,110.83,4.73,8.7,3.26,2.02
2022-03-16T12:05:01Z,107.93,4.91,7.62,3.11,2.04
2022-03-16T13:05:01Z,106.97,4.86,6.64,2.73,1.95
2022-03-16T14:05:01Z,103.25,4.81,7.92,3.38,2.13
2022-03-16T15:05:01Z,108.43,5.02,5.65,3.07,2.12
2022-03-16T16:05:01Z,109.86,4.76,8.38,3.53,2.28
2022-03-16T17:05:01Z,107.61,5.22,7.98,3.08,2.28
2022-03-16T18:05:01Z,106.54,4.56,8.18,3.23,2.22
2022-03-16T19:05:01Z,108.97,4.89,7.97,3.33,2.1
2022-03-16T20:05:01Z,112.26,4.92,8.2,3.23,2.01
2022-03-16T21:05:01Z,108.09,5.41,8.27,3.02,1.98
2022-03-16T22:05:01Z,108.55,5.14,7.75,2.7,1.97
2022-03-16T23:05:01Z,107.77,5.03,7.4,2.74,1.81
2022-03-17T00:05:01Z,108.17,5.13,7.68,2.98,1.99
2022-03-17T01:05:01Z,112.27,4.82,8.23,3.23,1.9
2022-03-17T02:05:01Z,109.32,5.07,7.77,2.76,1.89
2022-03-17T03:05:01Z,105.74,4.85,7.68,2.45,1.97
2022-03-17T04:05:01Z,106.92,5.39,7.86,3.55,2.06
2022-03-17T05:05:01Z,109.93,5.32,8.21,3.64,2.01
2022-03-17T06:05:01Z,108.44,5.38,7.97,2.78,2.19
2022-03-17T07:05:01Z,106.78,5.4,7.67,3.27,2.08
2022-03-17T08:05:01Z,109.14,5.37,7.91,2.97,1.94
2022-03-17T09:05:01Z,109.7,4.78,7.76,3.09,2.04
2022-03-17T10:05:01Z,109.15,5.09,7.78,2.59,2.06
2022-03-17T11:05:01Z,113.86,5.41,8.05,3.18,1.94
2022-03-17T12:05:02Z,110.75,5.75,8.27,2.51,1.78
2022-03-17T13:05:01Z,113.23,5.12,8.25,3.18,1.85
2022-03-17T14:05:01Z,112.68,4.73,8.37,2.71,1.8
2022-03-17T15:05:01Z,112.77,5.78,8.04,2.84,1.87
2022-03-17T16:05:01Z,108.74,4.56,8,2.27,1.74
2022-03-17T17:05:01Z,108.92,4.48,8.28,3.1,1.87
2022-03-17T18:05:01Z,109.01,5.24,8.28,2.34,1.85
2022-03-17T19:05:01Z,108.5,5.09,7.94,2.26,1.69
2022-03-17T20:05:01Z,106.91,4.7,7.93,2.14,1.55
2022-03-17T21:05:01Z,114.81,5.61,8.16,2.85,1.89
2022-03-17T22:05:01Z,110.06,4.72,7.88,2.48,1.57
2022-03-17T23:05:01Z,116.71,5.59,8.75,2.66,1.71
2022-03-18T00:05:01Z,120.73,6.34,8.75,2.02,1.52
2022-03-18T01:05:01Z,121.02,6.34,9.32,1.98,1.51
2022-03-18T02:05:01Z,116.41,7.23,9.29,2.07,1.83
2022-03-18T03:05:01Z,117.08,6,9.08,2.22,1.6
2022-03-18T04:05:01Z,115.71,5.53,9.24,2.25,1.61
2022-03-18T05:05:01Z,112.8,6.04,8.86,2.54,1.82
2022-03-18T06:05:01Z,116.06,5.55,9.02,2.77,1.7
2022-03-18T07:05:01Z,112.94,5.29,8.45,2.15,1.71
2022-03-18T08:05:01Z,117.08,5.68,8.53,2.69,1.63
2022-03-18T09:05:01Z,110.21,5.19,7.71,2.39,1.84
2022-03-18T12:05:01Z,106.71,4.78,8.05,2.16,1.57
2022-03-18T13:05:01Z,101.64,4.64,6.82,2.37,1.65
2022-03-18T14:05:01Z,101.02,4.72,7.87,2.43,1.61
2022-03-18T15:05:01Z,105.8,4.31,7.63,2.24,1.63
2022-03-18T16:05:01Z,101.04,4.42,7.6,1.99,1.54
2022-03-18T17:05:01Z,102.94,4.82,6.73,2.06,1.37
2022-03-18T18:05:01Z,102.77,4.38,7.62,1.97,1.32
2022-03-18T19:05:01Z,101.2,4.42,6.89,1.95,1.38
2022-03-18T20:05:01Z,105.16,4.44,7.8,1.96,1.37
2022-03-18T21:05:01Z,104.57,4.89,7.81,2,1.45
2022-03-18T22:05:01Z,106.32,4.98,7.69,2.22,1.44
2022-03-18T23:05:01Z,101.88,4.82,7.69,2.3,1.47
2022-03-19T00:05:01Z,104.14,4.65,7.71,2.21,1.61
2022-03-19T01:05:01Z,99.3,4.58,7.26,2,1.53
2022-03-19T02:05:01Z,101.27,4.49,6.74,2.33,1.47
2022-03-19T03:05:01Z,103.16,4.72,7.28,2.01,1.44
2022-03-19T04:05:01Z,104.94,4.41,7.27,2.46,1.52
2022-03-19T05:05:01Z,105.68,4.67,7.16,2.01,1.46
2022-03-19T06:05:01Z,104.71,4.48,7.54,1.8,1.38
2022-03-19T07:05:01Z,102.83,3.95,7.59,2.2,1.43
2022-03-19T08:05:01Z,103.47,4.58,6.68,1.9,1.52
2022-03-19T09:05:02Z,105.36,4.75,7.16,2.79,1.58
2022-03-19T10:05:01Z,105.18,4.54,6.94,2.35,1.55
2022-03-19T11:05:01Z,106.15,4.61,7.91,2.58,1.54
2022-03-19T12:05:01Z,108.95,5.09,7.88,2.26,1.58
2022-03-19T13:05:01Z,110.86,4.71,7.91,2,1.38
2022-03-19T14:05:01Z,106.83,4.87,7.79,2.2,1.58
2022-03-19T15:05:01Z,105.31,5.39,8.05,2.73,1.61
2022-03-19T16:05:01Z,106.74,4.65,7.76,2.33,1.54
2022-03-19T17:05:01Z,107.19,4.7,7.43,2.12,1.53
2022-03-19T18:05:01Z,104.11,5.71,7.56,2.59,1.8
2022-03-19T19:05:01Z,103.9,6.2,8.42,2.61,1.7
2022-03-19T20:05:01Z,104.25,5.88,8.35,2.57,1.67
2022-03-19T21:05:01Z,104.06,5.78,8.71,2.34,1.79
2022-03-19T22:05:01Z,102.3,5.58,8.22,2.83,1.59
2022-03-19T23:05:01Z,104.62,6.33,8.61,2.77,1.67
2022-03-20T00:05:01Z,106.93,5.5,8.33,2.46,1.74
2022-03-20T01:05:01Z,103.33,6.41,8.35,2.48,1.66
2022-03-20T02:05:01Z,104.48,5.34,7.9,2.51,1.44
2022-03-20T03:05:01Z,103.43,5.91,8.48,2.12,1.46
2022-03-20T04:05:01Z,112.67,5.2,8.36,2.25,1.41
2022-03-20T05:05:01Z,110.3,5.11,8.28,1.89,1.3
2022-03-20T06:05:01Z,107.41,5.13,8.35,2.05,1.42
2022-03-20T07:05:01Z,113.59,4.99,7.78,1.93,1.21
2022-03-20T08:05:01Z,114.66,4.82,8.59,1.66,1.18
2022-03-20T09:05:01Z,117.11,4.85,8.55,1.71,1.2
2022-03-20T10:05:01Z,113.97,4.37,8.11,1.87,1.14
2022-03-20T11:05:01Z,109.31,4.21,8.3,1.65,1.17
2022-03-20T12:05:01Z,109.57,4.08,7.95,1.53,1.11
2022-03-20T13:05:01Z,111.86,4.5,8.39,1.59,1.15
2022-03-20T14:05:01Z,110.86,4.64,7.94,1.63,1.2
2022-03-20T15:05:01Z,112.71,4.18,8.51,1.44,1.04
2022-03-20T16:05:01Z,109.92,4.71,7.69,1.81,1.16
2022-03-20T17:05:01Z,111.08,4.16,7.62,1.44,1.07
2022-03-20T18:05:01Z,110.78,4.54,7.87,1.52,1.12
2022-03-20T19:05:01Z,113.6,4.65,8.64,1.29,1.04
2022-03-20T20:05:01Z,106.25,4.93,7.56,1.61,1.25
2022-03-20T21:05:01Z,109.02,4.24,8.12,1.88,1.26
2022-03-20T22:05:01Z,113.91,4.88,8.27,2.09,1.38
2022-03-20T23:05:01Z,108.83,4.75,8.16,2.13,1.41
2022-03-21T00:05:01Z,113.04,4.65,8.44,2.13,1.49
2022-03-21T02:05:01Z,115.58,4.66,8.63,1.88,1.39
2022-03-21T03:05:01Z,119.13,4.47,8.84,2.28,1.56
2022-03-21T04:05:01Z,115.54,4.49,8.69,2.35,1.57
2022-03-21T05:05:01Z,117.17,4.86,7.36,2.34,1.58
2022-03-21T06:05:01Z,121.54,4.37,8.24,1.96,1.58
2022-03-21T07:05:01Z,123.06,4.88,7.07,2.48,1.72
2022-03-21T08:05:01Z,121.23,4.52,8.11,2.83,1.69
2022-03-21T09:05:02Z,116.87,5,7.74,2.57,1.81
2022-03-21T16:05:01Z,121.62,4.96,7.88,3.33,2.29
2022-03-21T17:05:01Z,121.67,5.03,7.27,2.97,2.13
2022-03-21T18:05:01Z,122.13,5.7,7.85,3.27,2.45
2022-03-21T19:05:01Z,127.18,5.37,7.63,4.2,2.47
2022-03-21T20:05:01Z,123.07,5.38,7.45,3.7,2.31
2022-03-21T21:05:01Z,121.23,4.98,7.53,3.29,2.27
2022-03-21T22:05:01Z,121.09,4.51,7.14,3.69,2.1
2022-03-21T23:05:01Z,124.52,5.15,7.14,2.78,2.12
2022-03-22T00:05:01Z,120.93,5.11,7.25,3.11,2.06
2022-03-22T01:05:01Z,124.63,5.22,7.21,3.1,1.96
2022-03-22T02:05:01Z,122.53,4.75,7.41,2.81,1.85
2022-03-22T03:05:01Z,125.56,4.79,7.34,2.47,1.8
2022-03-22T04:05:01Z,123.72,4.92,7.27,2.08,1.51
2022-03-22T05:05:01Z,121.81,4.43,7.3,2.66,1.64
2022-03-22T06:05:01Z,119.98,4.6,7.55,2.54,1.63
2022-03-22T07:05:01Z,120.53,4.51,7.59,1.95,1.36
2022-03-22T08:05:01Z,121.54,4.5,7.38,1.81,1.47
2022-03-22T09:05:01Z,123.31,4.49,7.42,2.16,1.5
2022-03-22T10:05:01Z,127.65,4.52,7.4,2.35,1.61
2022-03-22T11:05:02Z,120.74,4.55,7.08,2.74,1.76
2022-03-22T12:05:01Z,124.21,4.8,7.37,3.01,2.09
2022-03-22T13:05:01Z,123.92,4.91,7.36,2.75,2.04
2022-03-22T14:05:01Z,122.69,4.92,7.71,3.39,2.08
2022-03-22T15:05:01Z,119.71,4.56,7.1,2.91,1.99
2022-03-22T16:05:01Z,121.6,4.96,6.87,2.54,1.87
2022-03-22T17:05:01Z,121.72,5.42,7.35,2.71,1.85
2022-03-22T18:05:01Z,117.18,4.81,7.8,2.29,1.55
2022-03-22T19:05:01Z,120.48,4.44,7.29,1.99,1.46
2022-03-22T20:05:01Z,119.14,4.93,7.92,2.54,1.59
2022-03-22T21:05:01Z,117.04,4.8,7.53,2.54,1.53
2022-03-22T22:05:01Z,121.11,4.24,7.53,2.08,1.49
2022-03-22T23:05:01Z,118.36,4.63,7.27,1.99,1.55
2022-03-23T00:05:01Z,120.47,4.42,7.62,2.45,1.55
2022-03-23T01:05:01Z,122.02,4.26,7.32,1.78,1.38
2022-03-23T02:05:01Z,124.84,4.34,7.87,2.26,1.53
2022-03-23T03:05:01Z,125.26,4.98,7.68,1.87,1.39
2022-03-23T04:05:01Z,121.82,4.75,7.66,1.88,1.39
2022-03-23T05:05:01Z,124.77,4.9,7.79,1.83,1.34
2022-03-23T06:05:01Z,122.18,4.4,7.57,1.67,1.15
2022-03-23T07:05:01Z,123.63,4.55,7.16,2.24,1.44
2022-03-23T08:05:01Z,127.21,4.72,7.62,2.11,1.5
2022-03-23T09:05:01Z,121.98,4.22,7.8,1.91,1.37
2022-03-23T10:05:01Z,120.41,4.35,6.6,2.44,1.51
2022-03-23T11:05:01Z,121.56,4.35,6.95,2.13,1.54
2022-03-23T12:05:01Z,118.32,4.64,7.31,2.79,1.63
2022-03-23T13:05:01Z,120.27,4.43,7.08,1.97,1.43
2022-03-23T14:05:01Z,122.55,4.32,7.82,2.14,1.33
2022-03-23T15:05:01Z,120.89,4.26,7.17,1.88,1.32
2022-03-23T16:05:01Z,122.98,4.45,5.98,2.04,1.49
2022-03-23T17:05:01Z,120.12,4.56,7.1,2.19,1.45
2022-03-23T18:05:01Z,118.17,4.41,6.57,1.94,1.37
2022-03-23T19:05:01Z,118.87,4.51,7.19,2.13,1.41
2022-03-23T20:05:01Z,113.32,4.31,5.81,1.73,1.43
2022-03-23T21:05:01Z,118.28,4.67,7,2.29,1.48
2022-03-23T22:05:01Z,117.25,4.29,6.72,1.91,1.55
2022-03-23T23:05:01Z,118.06,4.42,6.96,1.94,1.46
2022-03-24T00:05:01Z,123.74,4.56,7.45,2.21,1.58
2022-03-24T01:05:01Z,125.05,4.52,7,2.38,1.47
2022-03-24T02:05:01Z,123.76,5.09,7.35,2.05,1.68
2022-03-24T03:05:01Z,128.99,4.55,6.83,2.21,1.41
2022-03-24T04:05:01Z,117.49,4.36,6.98,2.27,1.47
2022-03-24T05:05:01Z,117.7,4.54,7.39,1.8,1.32
2022-03-24T06:05:01Z,118.09,4.47,7.17,1.95,1.39
2022-03-24T07:05:01Z,118.83,4.49,7.3,2.08,1.36
2022-03-24T08:05:01Z,122.72,4.58,7.13,1.8,1.28
2022-03-24T09:05:01Z,121.36,4.61,7.46,2.08,1.34
2022-03-24T12:05:01Z,117.5,4.44,7.09,2.66,1.65
2022-03-24T13:05:01Z,115.05,4.29,7.03,1.9,1.43
2022-03-24T14:05:01Z,113.73,4.11,7.28,2.15,1.36
2022-03-24T15:05:01Z,120.05,4.22,7.23,2.11,1.4
2022-03-24T16:05:01Z,119.1,4.59,7.24,1.85,1.38
2022-03-24T17:05:01Z,111.9,3.97,6.61,1.94,1.23
2022-03-24T18:05:01Z,113.93,3.99,5.63,1.68,1.2
2022-03-24T19:05:01Z,113.84,4.44,5.85,1.51,1.14
2022-03-24T20:05:01Z,120.12,4.71,7.2,1.87,1.08
2022-03-24T21:05:01Z,118.39,4.72,7.12,1.36,1.08
2022-03-24T22:05:01Z,119.9,4.07,6.66,1.67,1.12
2022-03-24T23:05:01Z,117.74,4.36,7.02,1.7,1.23
2022-03-25T00:05:01Z,117.58,4.26,7,1.67,1.15
2022-03-25T01:05:01Z,119,4.07,6.64,1.67,1.15
2022-03-25T02:05:01Z,118.54,3.89,6.28,1.73,1.12
2022-03-25T03:05:01Z,118.94,4.01,7.11,1.65,1.07
2022-03-25T04:05:01Z,117.54,3.77,4.77,1.35,0.99
2022-03-25T05:05:01Z,113.6,3.55,5.76,1.57,1.02
2022-03-25T06:05:01Z,114.94,3.66,4.71,1.62,1.08
2022-03-25T07:05:01Z,116.68,3.96,6.72,1.39,0.98
2022-03-25T08:05:01Z,112.38,3.92,5.34,1.82,1.07
2022-03-25T09:05:01Z,111.78,3.92,5.9,1.82,1.12
2022-03-25T10:05:01Z,112.93,4.03,6.89,1.72,1.19
2022-03-25T11:05:01Z,111.95,3.96,5.42,1.66,1.25
2022-03-25T12:05:01Z,111.81,4.17,6.4,1.82,1.36
2022-03-25T13:05:01Z,108.12,4.32,6.23,1.83,1.32
2022-03-25T14:05:01Z,110.42,4.01,6.51,2.25,1.45
2022-03-25T15:05:01Z,109.07,4.18,6.09,2.71,1.55
2022-03-25T16:05:01Z,109.12,3.87,5.37,2.48,1.42
2022-03-25T17:05:01Z,108.09,4.23,6.74,2.76,1.55
2022-03-25T18:05:01Z,104.81,3.81,5.81,2.77,1.46
2022-03-25T19:05:01Z,111.16,4.12,6.08,1.98,1.42
2022-03-25T20:05:01Z,110.41,4.5,6.25,2.74,1.67
2022-03-25T21:05:01Z,111.81,4.09,6.58,2.5,1.44
2022-03-25T22:05:01Z,108.39,4.4,6.42,2.18,1.49
2022-03-25T23:05:02Z,110.75,4.58,6.86,1.96,1.42
2022-03-26T00:05:01Z,115.18,4.32,6.77,1.92,1.28
2022-03-26T01:05:01Z,116.18,4.11,6.76,2.12,1.3
2022-03-26T02:05:01Z,113.86,4.19,6.91,1.87,1.35
2022-03-26T03:05:01Z,112.49,4.78,7.41,2.37,1.48
2022-03-26T04:05:01Z,118.28,4.66,7.06,2.12,1.38
2022-03-26T05:05:01Z,116.14,4.87,7.79,2.17,1.45
2022-03-26T06:05:01Z,113.76,4.41,7.13,2.33,1.39
2022-03-26T07:05:01Z,115.71,4.88,7.12,2.37,1.43
2022-03-26T08:05:01Z,116.1,4.46,7.61,2.32,1.44
2022-03-26T09:05:01Z,110.7,4.59,6.93,2.72,1.58
2022-03-26T10:05:01Z,108.9,4.63,6.99,2.02,1.46
2022-03-26T11:05:01Z,114.06,4.58,6.4,2.51,1.44
2022-03-26T12:05:01Z,114.06,4.71,7.08,2.24,1.5
2022-03-26T13:05:01Z,109.05,4.59,6.73,2.86,1.61
2022-03-26T14:05:01Z,111.48,4.58,6.85,2.01,1.37
2022-03-26T15:05:01Z,110.74,4.8,7.02,2.32,1.46
2022-03-26T16:05:01Z,111.21,4.81,7.46,1.82,1.25
2022-03-26T17:05:01Z,110.37,4.63,6.98,1.81,1.37
2022-03-26T18:05:01Z,110.37,4.45,7.18,1.85,1.32
2022-03-26T19:05:01Z,112.03,4.65,7.26,1.91,1.33
2022-03-26T20:05:01Z,109.83,4.69,7.43,1.71,1.31
2022-03-26T21:05:01Z,109.16,5.17,7.36,2.29,1.36
2022-03-26T22:05:01Z,113.33,5.13,7.72,1.7,1.23
2022-03-26T23:05:01Z,115.36,4.82,7.95,1.98,1.29
2022-03-27T00:05:01Z,112.85,5.45,7.23,2.23,1.39
2022-03-27T01:05:01Z,113,5.32,7.63,1.89,1.28
2022-03-27T02:05:01Z,111.31,5.24,7.86,1.85,1.24
2022-03-27T03:05:01Z,111.34,4.99,7.95,1.81,1.28
2022-03-27T04:05:01Z,112.86,4.95,8.11,2.31,1.4
2022-03-27T05:05:01Z,113.89,4.97,7.53,2.35,1.43
2022-03-27T06:05:01Z,114.09,4.96,8.07,1.96,1.3
2022-03-27T07:05:01Z,114.63,4.67,8.24,1.73,1.25
2022-03-27T08:05:01Z,117.77,5.33,8.44,2.35,1.36
2022-03-27T09:05:01Z,115.77,5.65,8.45,2.17,1.45
2022-03-28T06:05:01Z,118.28,4.92,7.35,1.35,0.78
2022-03-28T07:05:01Z,116.8,5.38,7.4,1.06,0.71
2022-03-28T08:05:01Z,113.72,4.97,7.24,1.09,0.68
2022-03-28T09:05:01Z,113.67,5.24,7.43,1.35,0.74
2022-03-28T10:05:01Z,117.06,4.39,6.72,1.03,0.66
2022-03-28T11:05:01Z,111.06,5.11,6,0.91,0.62
2022-03-28T12:05:01Z,118.28,4.85,7.86,0.85,0.64
2022-03-28T13:05:01Z,111.3,5.25,7.06,1,0.66
2022-03-28T14:05:01Z,116.08,4.33,6.37,1.03,0.66
2022-03-28T15:05:01Z,116.55,4.28,8.07,1.04,0.63
2022-03-28T16:05:01Z,113.28,4.08,7.58,0.8,0.56
2022-03-28T17:05:01Z,110.53,4.6,6.21,0.86,0.56
2022-03-28T18:05:01Z,119.5,4.54,7.85,0.79,0.62
2022-03-28T19:05:01Z,116.51,5.03,8.34,0.86,0.58
2022-03-28T20:05:01Z,119.28,4.37,8.16,0.76,0.55
2022-03-28T21:05:01Z,120.02,4.61,6.21,0.66,0.46
2022-03-28T22:05:01Z,109.07,5.49,7.78,0.74,0.51
2022-03-28T23:05:01Z,114.16,4.89,7.74,0.67,0.46
2022-03-29T00:05:01Z,113,4.18,6.36,0.58,0.4
2022-03-29T01:05:01Z,119,4.14,7.18,0.57,0.39
2022-03-29T02:05:01Z,120.98,4.06,8.14,0.57,0.4
2022-03-29T03:05:01Z,114.41,4.55,8.09,0.58,0.38
2022-03-29T04:05:01Z,112.54,3.6,7.93,0.53,0.37
2022-03-29T05:05:01Z,119.69,4.85,7.98,0.71,0.47
2022-03-29T06:05:01Z,115.67,4.01,7.91,0.6,0.38
2022-03-29T07:05:01Z,119.85,4.41,7.96,0.55,0.41
2022-03-29T08:05:01Z,118.55,3.88,7.63,0.57,0.39
2022-03-29T09:05:01Z,121.16,3.56,7.35,0.54,0.36
2022-03-29T10:05:01Z,114.55,4.49,7.74,0.5,0.36
2022-03-29T11:05:01Z,121.68,2.93,7.73,0.67,0.48
2022-03-29T12:05:01Z,123.55,2.77,7.52,0.66,0.5
2022-03-29T13:05:01Z,118.66,2.8,2.68,0.88,0.54
2022-03-29T14:05:02Z,122.58,2.76,3.35,0.78,0.56
2022-03-29T15:05:01Z,124.74,2.64,3.69,1,0.6
2022-03-29T16:05:01Z,124.56,2.68,3.24,0.98,0.63
2022-03-29T17:05:01Z,117.25,2.85,3.69,1.3,0.82
2022-03-29T18:05:01Z,112.6,3.07,3.84,1.24,0.87
2022-03-29T19:05:01Z,108.05,3.17,4.23,1.49,0.9
2022-03-29T20:05:01Z,108.46,3.37,4.47,1.31,0.89
2022-03-29T21:05:01Z,106.8,3.49,4.83,1.21,0.91
2022-03-29T22:05:01Z,113.53,3.91,5.36,1.96,1.23
2022-03-29T23:05:01Z,116.65,4.21,5.74,1.77,1.31
2022-03-30T00:05:01Z,118.09,4.33,6.14,1.65,1.17
2022-03-30T01:05:01Z,120.08,4.66,6.31,2.19,1.54
2022-03-30T02:05:01Z,120.45,4.72,6.35,2.01,1.3
2022-03-30T03:05:01Z,123.07,4.65,6.6,2.18,1.28
2022-03-30T04:05:01Z,113.58,4.94,6.29,1.78,1.26
2022-03-30T05:05:01Z,118.97,5.08,6.77,2.6,1.64
2022-03-30T06:05:01Z,116.56,4.65,6.73,1.87,1.42
2022-03-30T07:05:01Z,107.05,5.31,6.76,2.51,1.26
2022-03-30T08:05:01Z,109.76,4.89,6.7,1.95,1.26
2022-03-30T09:05:01Z,105.1,5.03,6.89,2.15,1.3
2022-03-30T12:05:01Z,104.93,5.54,7.18,1.73,1.1
2022-03-30T13:05:01Z,104.94,5.33,6.99,1.73,1.12
2022-03-30T14:05:01Z,101.56,5.63,7.15,1.65,1.01
2022-03-30T15:05:01Z,103.68,5.61,7.17,1.73,1.18
2022-03-30T16:05:01Z,104.72,4.63,7.33,1.57,0.98
2022-03-30T17:05:01Z,104.33,5.13,7.01,1.47,0.99
2022-03-30T18:05:01Z,104.34,4.85,7.03,1.29,0.92
2022-03-30T19:05:01Z,107.14,5.01,6.87,1.33,0.98
2022-03-30T20:05:01Z,109.45,4.63,7.13,1.3,0.96
2022-03-30T21:05:01Z,112.58,5.37,7.19,1.84,1.16
2022-03-30T22:05:01Z,114.76,4.39,7.02,1.48,0.97
2022-03-30T23:05:01Z,112,4.15,7.12,1.69,0.92
2022-03-31T00:05:01Z,117.27,4.01,6.75,1.46,1.01
2022-03-31T01:05:01Z,114.58,3.92,7.02,1.28,0.98
2022-03-31T02:05:01Z,122.73,4.16,7.02,1.43,0.91
2022-03-31T03:05:01Z,127.66,3.76,6.84,1.31,0.88
2022-03-31T04:05:01Z,127.83,4.11,7.1,1.35,0.89
2022-03-31T05:05:01Z,127.04,3.91,6.91,1.27,0.81
2022-03-31T06:05:01Z,142.96,3.55,6.72,1.02,0.73
2022-03-31T07:05:01Z,136.44,3.9,6.01,1.09,0.71
2022-03-31T08:05:02Z,140.6,3.53,6.58,0.97,0.66
2022-03-31T09:05:01Z,144.56,3.52,6.61,0.85,0.64
2022-03-31T10:05:01Z,159.72,3.6,6.02,0.91,0.59
2022-03-31T11:05:01Z,199.76,3.56,4.39,0.85,0.63
2022-03-31T12:05:01Z,188.23,4.18,4.45,0.92,0.64
2022-03-31T13:05:01Z,188.63,3.84,4.39,0.98,0.6
2022-03-31T14:05:01Z,202.9,3.36,4.39,0.89,0.59
2022-03-31T15:05:01Z,217.72,3.63,4.78,0.97,0.65
2022-03-31T16:05:01Z,204.48,3.17,4.71,0.88,0.64
2022-03-31T17:05:01Z,181.56,3.16,4.2,0.82,0.62
2022-03-31T18:05:01Z,199.63,3.53,4.17,1.02,0.73
2022-03-31T19:05:01Z,203.6,3.22,4.41,1.19,0.8
2022-03-31T20:05:01Z,177.89,3.04,4.48,1.16,0.76
2022-03-31T21:05:01Z,184.09,3.06,4.12,1.11,0.72
2022-03-31T22:05:01Z,175.8,3.07,3.74,1.12,0.73
2022-03-31T23:05:01Z,166.01,3.11,4.01,0.92,0.66
2022-04-01T00:05:01Z,157.56,3.54,3.74,0.93,0.68
2022-04-01T01:05:01Z,171.53,3.81,4.02,0.92,0.67
2022-04-01T02:05:01Z,181.17,3.61,8.67,0.87,0.7
2022-04-01T03:05:01Z,193.11,3.73,4.22,0.97,0.75
2022-04-01T04:05:01Z,203.89,3.41,4.36,1.01,0.76
2022-04-01T05:05:01Z,203.47,3.35,4.18,1.25,0.75
2022-04-01T06:05:01Z,209.83,3.44,4.36,1.44,0.84
2022-04-01T07:05:01Z,225.41,4.35,5.76,1.64,1.02
2022-04-01T08:05:01Z,227.56,4.2,6.05,1.9,1.2
2022-04-01T09:05:01Z,226.93,3.89,5.7,1.79,1.18
2022-04-01T10:05:01Z,225.23,3.95,5.71,2.14,1.24
2022-04-01T11:05:01Z,223.94,3.97,5.61,1.81,1.24
2022-04-01T12:05:01Z,220.93,3.29,5.16,1.63,0.99
2022-04-01T13:05:01Z,227.83,3.68,4.73,1.54,1.04
2022-04-01T14:05:01Z,220.86,3.19,4.72,1.51,0.99
2022-04-01T15:05:01Z,221.71,3.31,4.65,1.24,0.92
2022-04-01T16:05:01Z,209.63,3.05,4.69,1.21,0.8
2022-04-01T17:05:01Z,195.74,3.02,4.71,1.13,0.89
2022-04-01T18:05:01Z,202.38,3.39,4.56,1.28,0.95
2022-04-01T19:05:01Z,195.41,3.87,4.76,1.34,0.89
2022-04-01T20:05:01Z,213.79,3.39,4.59,1.79,1.11
2022-04-01T21:05:01Z,200.84,3.68,5.02,1.54,1.05
2022-04-01T22:05:01Z,204.66,3.51,5.04,1.4,1
2022-04-01T23:05:01Z,206.13,3.81,4.85,1.66,1.1
2022-04-02T00:05:02Z,209.44,3.81,4.86,1.49,1.06
2022-04-02T01:05:01Z,210.76,3.51,4.62,1.42,0.9
2022-04-02T02:05:01Z,213.38,3.38,4.28,1.4,0.97
2022-04-02T03:05:01Z,212.17,3.21,3.95,1.37,0.93
2022-04-02T04:05:01Z,213.55,3.18,3.1,1.23,0.88
2022-04-02T05:05:01Z,224.25,3.31,3.64,1.78,1.12
2022-04-02T06:05:01Z,226.15,3.41,4.22,1.62,1.16
2022-04-02T07:05:01Z,218.22,3.65,4.86,1.59,1.03
2022-04-02T08:05:01Z,214.46,3.53,4.34,1.45,0.88
2022-04-02T09:05:01Z,212.13,3.46,5,1.41,0.95
2022-04-03T18:05:01Z,133.07,3.91,5.2,1.24,0.86
2022-04-03T19:05:01Z,131.63,4.25,4.8,1.17,0.82
2022-04-03T20:05:01Z,133.03,3.58,5.28,1.1,0.84
2022-04-03T21:05:01Z,134.4,3.67,5.85,1.28,0.85
2022-04-03T22:05:01Z,133.02,3.47,6.76,1.35,0.89
2022-04-03T23:05:01Z,133.58,3.56,6.24,1.12,0.84
2022-04-04T00:05:01Z,131.37,3.59,4.8,1.3,0.89
2022-04-04T02:05:01Z,129.48,3.66,5.28,1.33,0.84
2022-04-04T03:05:01Z,122.2,3.73,5.98,1.06,0.78
2022-04-04T04:05:01Z,117.81,3.84,4.76,1.19,0.78
2022-04-04T05:05:01Z,115.41,3.46,4.61,1.07,0.75
2022-04-04T06:05:01Z,114.55,3.4,5.26,0.96,0.66
2022-04-04T07:05:01Z,120.02,3.46,5.12,0.96,0.69
2022-04-04T08:05:01Z,123.98,3.36,5.19,1.07,0.63
2022-04-04T09:05:01Z,119.64,3.53,5.65,0.96,0.6
2022-04-04T10:05:01Z,114.07,3.39,4.73,0.8,0.58
2022-04-04T11:05:01Z,115.84,3.29,4.96,1.18,0.69
2022-04-04T12:05:01Z,109.33,3.24,5.52,1.02,0.65
2022-04-04T13:05:01Z,108.16,3.47,5.62,1.39,0.81
2022-04-04T14:05:01Z,108.62,3.34,5.49,1.26,0.8
2022-04-04T15:05:01Z,109.85,3.48,5.66,1.05,0.75
2022-04-04T16:05:01Z,115.47,3.18,6.08,1.02,0.69
2022-04-04T17:05:01Z,113.86,3.26,6.02,1.09,0.7
2022-04-04T18:05:01Z,112.49,3.65,6.29,1.08,0.71
2022-04-04T19:05:01Z,111.83,3.97,5.29,1.02,0.81
2022-04-04T20:05:01Z,102.55,3.81,6.42,1.46,0.95
2022-04-04T21:05:01Z,102.61,3.85,5.32,1.45,1.03
2022-04-04T22:05:01Z,103.76,4.14,6.07,1.86,1.08
2022-04-04T23:05:01Z,107.59,3.77,5.83,1.33,0.91
2022-04-05T00:05:01Z,106.88,3.64,6.16,1.06,0.71
2022-04-05T01:05:01Z,110.67,3.29,5.8,0.9,0.64
2022-04-05T02:05:02Z,114.78,3.34,5.96,1.19,0.68
2022-04-05T03:05:01Z,118.48,3.75,6.27,0.96,0.7
2022-04-05T04:05:01Z,118.53,3.49,6.37,0.98,0.66
2022-04-05T05:05:01Z,119.03,2.98,5.84,0.75,0.56
2022-04-05T06:05:01Z,119,3.34,6.65,0.86,0.62
2022-04-05T07:05:01Z,116.89,3.09,5.95,0.96,0.59
2022-04-05T08:05:01Z,122.89,3.48,6.22,1,0.61
2022-04-05T09:05:01Z,118.76,3.64,6.36,0.94,0.63
2022-04-05T13:05:01Z,120.68,4.32,6.7,1.41,0.83
2022-04-05T14:05:01Z,121.75,4.76,6.85,1.33,1.03
2022-04-05T15:05:01Z,118.94,3.99,7.25,1.08,0.79
2022-04-05T16:05:01Z,124.24,4.15,7.14,1.08,0.78
2022-04-05T17:05:01Z,120.6,3.95,6.86,0.98,0.69
2022-04-05T18:05:01Z,125.6,4.27,7.52,1.3,0.75
2022-04-05T19:05:01Z,121.72,4.56,7.46,1.04,0.79
2022-04-05T20:05:01Z,122.51,4.22,7.31,1.03,0.72
2022-04-05T21:05:01Z,121.67,4.87,7.01,1.42,0.89
2022-04-05T22:05:01Z,125.13,4.86,7.55,1.39,0.85
2022-04-05T23:05:01Z,123.58,5.44,7.34,1.27,0.84
2022-04-06T00:05:01Z,128.91,5.53,7.28,1.04,0.78
2022-04-06T01:05:01Z,125.87,4.96,7.02,1.02,0.79
2022-04-06T02:05:01Z,130.75,4.8,7.02,1.18,0.75
2022-04-06T03:05:01Z,130.92,5.37,7.35,1.18,0.72
2022-04-06T04:05:01Z,130.23,5,6.35,0.99,0.73
2022-04-06T05:05:01Z,135.05,4.68,6.64,0.97,0.69
2022-04-06T06:05:01Z,132.31,4.59,6.75,0.94,0.64
2022-04-06T07:05:01Z,132.76,4.42,6.48,0.97,0.56
2022-04-06T08:05:01Z,130.16,4.91,6.73,0.92,0.59
2022-04-06T09:05:01Z,131.82,5.2,6.77,0.73,0.53
2022-04-06T10:05:01Z,132.3,3.93,6.52,0.86,0.54
2022-04-06T11:05:01Z,131.95,3.37,6.63,0.75,0.52
2022-04-06T12:05:01Z,135.45,3.47,6.81,1.06,0.62
2022-04-06T13:05:01Z,132.48,3.38,6.45,0.85,0.6
2022-04-06T14:05:01Z,136.41,2.93,3.24,0.91,0.69
2022-04-06T15:05:01Z,145.66,3.34,3.46,1.16,0.84
2022-04-06T16:05:01Z,174.28,2.99,3.66,1.17,0.77
2022-04-06T17:05:01Z,173.94,3.27,3.72,1.28,0.92
2022-04-06T18:05:01Z,185.23,3.44,4.27,1.31,0.96
2022-04-06T19:05:02Z,182.04,3.55,4.78,1.52,0.91
2022-04-06T20:05:01Z,190.09,4.09,4.97,1.54,0.93
2022-04-06T21:05:01Z,191.83,4.18,4.82,1.54,1.03
2022-04-06T22:05:01Z,183.43,4.09,5.06,1.24,0.93
2022-04-06T23:05:01Z,192.86,4.41,5.06,1.96,1.05
2022-04-07T00:05:01Z,183.64,3.89,5.2,1.33,0.88
2022-04-07T01:05:01Z,185.09,4.26,5.08,1.29,0.91
2022-04-07T02:05:01Z,194.88,3.94,5.02,1.22,0.8
2022-04-07T03:05:01Z,192.67,4.04,5.08,1.59,0.98
2022-04-07T04:05:01Z,182.7,3.74,5,1.5,0.89
2022-04-07T05:05:01Z,186.59,4.11,5.31,1.22,0.9
2022-04-07T06:05:02Z,181.23,4.11,5.12,1.3,0.78
2022-04-07T07:05:01Z,182.75,3.76,5.03,0.93,0.71
2022-04-07T08:05:01Z,176.58,3.86,5.03,0.9,0.67
2022-04-07T09:05:01Z,179.21,3.59,5.08,1.03,0.66
2022-04-07T10:05:01Z,185,3.56,4.59,1.17,0.75
2022-04-07T11:05:01Z,184.88,3.41,4.95,1.06,0.7
2022-04-07T12:05:01Z,189.49,3.4,4.99,1.28,0.81
2022-04-07T13:05:01Z,204.23,3.29,4.27,1.51,1.05
2022-04-07T14:05:01Z,208.38,3.72,4.58,1.64,1.05
2022-04-07T15:05:01Z,190.14,2.95,3.81,1.16,0.8
2022-04-07T16:05:01Z,183.5,3.2,3.69,1.06,0.82
2022-04-07T17:05:01Z,185.35,3.14,3.82,1.12,0.79
2022-04-07T18:05:01Z,187.97,3.22,4.14,1.15,0.76
2022-04-07T19:05:01Z,187.93,3.64,5.35,1.15,0.81
2022-04-07T20:05:01Z,187.63,3.64,4.62,1.34,0.8
2022-04-07T21:05:01Z,196.48,3.75,5.24,1.18,0.77
2022-04-07T22:05:01Z,191.07,3.74,5.26,1.17,0.78
2022-04-07T23:05:01Z,188.71,3.75,5.03,1.18,0.83
2022-04-08T00:05:01Z,187.29,3.41,4.53,1.12,0.62
2022-04-08T01:05:01Z,182.74,3.84,5.09,1.04,0.77
2022-04-08T02:05:01Z,180.2,4.03,5.32,1.11,0.77
2022-04-08T03:05:01Z,179.48,4,5.22,1.27,0.82
2022-04-08T04:05:01Z,177.23,4.2,5.74,1.59,0.92
2022-04-08T05:05:01Z,182.61,4.68,5.89,1.28,0.94
2022-04-08T06:05:01Z,180.74,5.2,6.22,1.29,1.09
2022-04-08T07:05:01Z,180.94,4.96,6.37,1.36,1.03
2022-04-08T08:05:01Z,180.82,4.73,6.46,1.25,0.97
2022-04-08T09:05:01Z,183.52,4.51,6.38,1.27,0.99
2022-04-08T13:05:01Z,180.48,3.29,5.88,1.63,0.92
2022-04-08T14:05:01Z,185.42,3.73,5.8,1.47,0.98
2022-04-08T15:05:01Z,186.71,3.6,5.33,1.19,0.91
2022-04-08T16:05:01Z,183.28,3.37,5.27,1.25,0.86
2022-04-08T17:05:01Z,192.04,3.6,3.72,1.33,1
2022-04-08T18:05:01Z,189.56,3.42,3.92,1.21,0.93
2022-04-08T19:05:01Z,184.87,3.13,5.39,1.22,0.8
2022-04-08T20:05:01Z,184.07,3.49,5.54,1.02,0.72
2022-04-08T21:05:01Z,181.32,3.38,5.48,0.97,0.71
2022-04-08T22:05:01Z,188.44,3.43,6.07,0.95,0.66
2022-04-08T23:05:01Z,183.37,3.54,5.29,1.11,0.69
2022-04-09T00:05:01Z,182.69,3.24,5.28,0.91,0.63
2022-04-09T01:05:02Z,184.84,3.14,5.64,1,0.65
2022-04-09T02:05:01Z,183.35,2.86,5.46,1.12,0.65
2022-04-09T03:05:01Z,183.34,3.33,5.71,0.87,0.56
2022-04-09T04:05:01Z,189.69,3.37,5.61,1.05,0.74
2022-04-09T05:05:01Z,194.95,3.06,5.78,1.11,0.82
2022-04-09T06:05:01Z,198.04,3.04,5.17,1.02,0.77
2022-04-09T07:05:01Z,192.25,3,5.63,1.07,0.68
2022-04-09T08:05:01Z,191.22,2.67,5.67,1.04,0.71
2022-04-09T09:05:02Z,187.85,3.24,5.51,1.04,0.79
2022-04-09T10:05:01Z,196.88,3.21,5.51,1.16,0.74
2022-04-09T11:05:01Z,199.82,3.35,4.88,1.22,0.79
2022-04-09T12:05:01Z,188.41,3.31,5.5,1.45,0.88
2022-04-09T13:05:01Z,196.43,3.4,5.73,1.26,0.76
2022-04-09T14:05:01Z,188.64,3.54,5.14,1.29,0.78
2022-04-09T15:05:01Z,163.94,3.71,5.13,1.56,1.08
2022-04-09T16:05:01Z,134.32,3.72,4.96,1.75,1.19
2022-04-09T17:05:01Z,126.54,3.74,4.62,2.2,1.37
2022-04-09T18:05:01Z,116.76,3.84,4.85,1.83,1.22
2022-04-09T19:05:01Z,115.21,3.58,4.67,1.54,1.15
2022-04-09T20:05:01Z,122.41,3.68,4.98,1.82,1.13
2022-04-09T21:05:01Z,118.57,3.54,4.87,1.48,1.06
2022-04-09T22:05:01Z,122.05,3.34,5.05,1.47,0.98
2022-04-09T23:05:01Z,122.9,3.66,4.79,1.44,0.96
2022-04-10T00:05:01Z,129.43,3.86,4.83,1.51,1
2022-04-10T01:05:01Z,135.29,4.16,5.13,1.39,0.95
2022-04-10T02:05:01Z,138.44,4.55,5.31,1.41,0.96
2022-04-10T03:05:01Z,139.57,4.09,5.12,1.4,0.97
2022-04-10T04:05:01Z,137.16,3.94,5.15,1.55,0.92
2022-04-10T05:05:01Z,134.31,3.48,4.83,1.51,0.8
2022-04-10T06:05:01Z,137.45,3.87,5.38,1.27,0.75
2022-04-10T07:05:01Z,137.34,4.07,5.05,1.2,0.79
2022-04-10T08:05:01Z,132.67,3.54,5.15,1.14,0.77
2022-04-10T09:05:01Z,129.56,3.68,4.89,1.26,0.78
2022-04-10T10:05:01Z,135.28,3.65,4.71,1.28,0.87
2022-04-10T11:05:01Z,133.28,3.59,4.53,1.41,0.84
2022-04-10T12:05:01Z,139.77,3.62,4.73,1.3,0.81
2022-04-10T13:05:01Z,142.7,3.53,4.76,1.19,0.74
2022-04-10T14:05:01Z,145.36,3.31,4.56,1.27,0.72
2022-04-10T15:05:01Z,140.91,3.29,4.13,0.86,0.62
2022-04-10T16:05:01Z,156.4,3.78,5.28,1.03,0.63
2022-04-10T17:05:01Z,150.52,3.77,4.36,0.67,0.51
2022-04-10T18:05:01Z,165.31,3.7,4.82,0.69,0.52
2022-04-10T19:05:02Z,165.88,3.66,4.38,0.67,0.51
2022-04-10T20:05:01Z,156.78,3.69,4.67,0.82,0.52
2022-04-10T21:05:01Z,164.75,3.89,4.6,0.69,0.48
2022-04-10T22:05:01Z,158.15,3.77,4.76,0.75,0.48
2022-04-10T23:05:01Z,160.95,3.64,4.62,0.8,0.51
2022-04-11T00:05:01Z,149.62,3.71,4.11,0.58,0.45
2022-04-11T02:05:01Z,148.73,3.72,4.53,0.84,0.5
2022-04-11T03:05:01Z,156.23,3.48,4.39,0.75,0.48
2022-04-11T04:05:01Z,150.44,3.81,4.73,0.65,0.49
2022-04-11T05:05:01Z,146.94,3.31,3.89,0.87,0.5
2022-04-11T06:05:01Z,141.85,3.79,4.74,0.96,0.51
2022-04-11T07:05:01Z,133.5,4.01,5.03,0.82,0.58
2022-04-11T08:05:01Z,132.86,3.62,4.87,0.86,0.57
2022-04-11T09:05:01Z,132.51,3.93,4.8,1.03,0.54
2022-04-11T10:05:01Z,127.85,3.88,5.08,1.07,0.61
2022-04-11T11:05:01Z,131.92,3.37,5.41,1.02,0.72
2022-04-11T12:05:01Z,126.52,3.6,5.44,1.11,0.73
2022-04-11T13:05:01Z,131.06,3.77,5.63,1.18,0.84
2022-04-11T14:05:01Z,129.71,3.42,5.34,1.2,0.88
2022-04-11T15:05:01Z,126.48,3.21,5.04,1.39,0.91
2022-04-11T16:05:01Z,121.05,3.18,5.3,1.66,0.95
2022-04-11T17:05:01Z,117.13,3.56,4.3,1.82,1.17
2022-04-11T18:05:01Z,114.46,3.37,4.93,1.79,1.15
2022-04-11T19:05:01Z,111.84,3.6,5.73,2.19,1.25
2022-04-11T20:05:01Z,115.49,3.59,5.63,2.27,1.32
2022-04-11T21:05:01Z,113.86,4.04,5.76,1.6,1.26
2022-04-11T22:05:01Z,109.91,4.12,5.85,1.89,1.38
2022-04-11T23:05:01Z,107.05,3.97,5.81,2.3,1.41
2022-04-12T00:05:01Z,109.33,4.31,5.91,2.51,1.69
2022-04-12T01:05:01Z,107.64,4.16,5.65,1.9,1.46
2022-04-12T02:05:01Z,104.86,4.02,5.47,2.37,1.61
2022-04-12T03:05:01Z,102.62,4.13,5.73,2.53,1.72
2022-04-12T04:05:01Z,104.54,4.07,6.04,2.34,1.4
2022-04-12T05:05:01Z,102.22,4.22,5.95,2.73,1.59
2022-04-12T06:05:01Z,99.06,4.66,5.76,2.54,1.72
2022-04-12T07:05:01Z,104.58,4.21,6.23,2.28,1.58
2022-04-12T08:05:01Z,107.86,4.44,7.16,3.08,1.9
2022-04-12T09:05:01Z,107.75,4.98,7.05,2.58,1.72
2022-04-12T10:05:01Z,110.39,5.19,7.56,2.54,1.8
2022-04-12T11:05:01Z,105.98,5.3,7.16,3.05,1.87
2022-04-12T12:05:01Z,108.66,4.92,7.31,2.35,1.7
2022-04-12T13:05:01Z,110.81,5.09,7.4,2.72,1.73
2022-04-12T14:05:01Z,106.25,4.81,6.74,2.4,1.82
2022-04-12T15:05:01Z,109.48,4.72,6.65,2.55,1.81
2022-04-12T16:05:02Z,107.81,5.08,7.32,2.5,1.66
2022-04-12T17:05:01Z,107.62,5.02,7.77,2.22,1.63
2022-04-12T18:05:01Z,107.23,4.91,7.6,1.95,1.35
2022-04-12T19:05:01Z,109.13,4.87,7.89,2.44,1.41
2022-04-12T20:05:01Z,110.81,4.2,7.32,2.39,1.37
2022-04-12T21:05:01Z,106.33,4.28,7.37,1.71,1.33
2022-04-12T22:05:01Z,106.08,4.54,7.64,1.66,1.31
2022-04-12T23:05:01Z,102.87,-999.99,7.29,3.07,1.84
2022-04-13T00:05:01Z,108.32,4.66,7.97,2.1,1.31
2022-04-13T01:05:01Z,108.96,4.87,7.98,2.19,1.38
2022-04-13T02:05:01Z,107.49,4.16,8.17,1.7,1.07
2022-04-13T03:05:01Z,108.45,4.95,7.94,2.09,1.25
2022-04-13T04:05:01Z,107.2,4.78,7.79,1.84,1.34
2022-04-13T05:05:01Z,106.96,4.7,7.81,1.69,1.18
2022-04-13T06:05:01Z,104.58,4.68,7.18,1.66,1.08
2022-04-13T07:05:01Z,107.04,5.02,7.98,2.17,1.31
2022-04-13T08:05:01Z,107.98,5.13,7.78,2.07,1.48
2022-04-13T09:05:01Z,104.2,4.75,7.47,1.67,1.26
2022-04-13T10:05:01Z,105.52,4.16,7.69,1.63,1.18
2022-04-13T11:05:01Z,103.01,4.18,7.19,2.13,1.37
2022-04-13T12:05:01Z,103.48,4.27,7.42,2.17,1.33
2022-04-13T13:05:01Z,102.46,4.08,7.53,1.9,1.25
2022-04-13T14:05:01Z,105.24,4.5,7.48,1.84,1.35
2022-04-13T15:05:01Z,101.78,4.21,7.68,1.81,1.32
2022-04-13T16:05:01Z,99.79,3.77,7.15,2.24,1.28
2022-04-13T17:05:02Z,106.76,4.44,7.62,1.83,1.29
2022-04-13T18:05:01Z,109.64,4.77,8.03,1.66,1.15
2022-04-13T19:05:01Z,106.55,4.34,7.8,1.77,1.15
2022-04-13T20:05:01Z,106.75,4.58,7.59,2.28,1.57
2022-04-13T21:05:01Z,108.56,4.67,7.78,2.47,1.51
2022-04-13T22:05:01Z,106.05,5.42,7.33,2.61,1.82
2022-04-13T23:05:01Z,112.31,5.85,8.06,2.34,1.72
2022-04-14T00:05:01Z,109.13,4.51,7.84,2.01,1.34
2022-04-14T01:05:01Z,106.29,5.07,8.08,2.26,1.36
2022-04-14T02:05:01Z,106.29,5.03,7.77,2.1,1.43
2022-04-14T03:05:01Z,107.92,5.71,7.69,2.18,1.31
2022-04-14T04:05:01Z,108.5,5.56,7.91,2.14,1.39
2022-04-14T05:05:01Z,110.33,4.88,7.84,1.76,1.06
2022-04-14T06:05:01Z,109.06,5.29,7.53,2.08,1.12
2022-04-14T07:05:01Z,111.97,5.94,7.54,1.84,1.24
2022-04-14T08:05:01Z,113.12,5.99,7.89,1.71,1.23
2022-04-14T09:05:01Z,114.68,5.32,7.74,1.65,1.04
2022-04-14T13:05:01Z,117.89,4.52,7.5,2.23,1.35
2022-04-14T14:05:01Z,108.42,4.35,7.38,2.18,1.41
2022-04-14T15:05:01Z,114.25,4.82,7.32,1.88,1.34
2022-04-14T16:05:02Z,110.62,4.51,7.59,2.13,1.39
2022-04-14T17:05:01Z,113.45,4.87,7.58,2.26,1.63
2022-04-14T18:05:01Z,109.64,4.34,7.13,2.54,1.6
2022-04-14T19:05:01Z,110.99,4.31,7.47,1.79,1.49
2022-04-14T20:05:01Z,120.2,4.93,8.3,1.97,1.39
2022-04-14T21:05:01Z,115.81,4.89,7.83,1.71,1.18
2022-04-14T22:05:01Z,112.75,4.72,8.03,1.43,1.08
2022-04-14T23:05:01Z,112.49,5.12,7.36,1.55,1
2022-04-15T00:05:01Z,115.4,4.96,7.59,1.23,0.84
2022-04-15T01:05:01Z,115.37,5.25,7.75,1.6,0.95
2022-04-15T02:05:01Z,122.73,4.7,7.71,1.05,0.81
2022-04-15T03:05:01Z,118.9,6.04,7.87,1.4,1.01
2022-04-15T04:05:01Z,118.87,5.43,7.92,1.38,0.85
2022-04-15T05:05:02Z,116.87,6.18,7.61,1.45,0.94
2022-04-15T06:05:01Z,121.89,5.88,7.88,1.42,0.95
2022-04-15T07:05:01Z,118.17,5.59,7.24,1.66,0.94
2022-04-15T08:05:01Z,120.73,6.29,7.68,1.36,0.92
2022-04-15T09:05:01Z,123.73,6.34,7.95,1.23,0.9
2022-04-15T10:05:01Z,123.3,6.29,7.36,1.56,0.92
2022-04-15T11:05:01Z,128.16,5.48,7.95,1.56,1.07
2022-04-15T12:05:01Z,127.73,5.18,7.84,1.33,0.92
2022-04-15T13:05:01Z,124.6,5.71,7.82,1.25,0.96
2022-04-15T14:05:01Z,126.29,5.77,7.96,1.43,1.03
2022-04-15T15:05:01Z,122.04,5.24,7.82,1.24,0.87
2022-04-15T16:05:01Z,124.83,5,7.79,1.18,0.87
2022-04-15T17:05:01Z,123.81,5.46,7.8,1.41,0.96
2022-04-15T18:05:01Z,120.91,5.38,7.96,1.04,0.83
2022-04-15T19:05:01Z,124.63,5.59,8.33,1.32,0.9
2022-04-15T20:05:01Z,121.56,5.44,8.41,0.92,0.67
2022-04-15T21:05:01Z,126.19,5.14,7.98,0.88,0.71
2022-04-15T22:05:01Z,120.08,6.01,8.47,0.94,0.74
2022-04-15T23:05:01Z,110.78,5.38,8.35,1.02,0.69
2022-04-16T00:05:01Z,123.59,5.34,7.61,1.16,0.69
2022-04-16T01:05:01Z,121.7,5.76,7.38,1.06,0.74
2022-04-16T02:05:01Z,121.82,5.65,7.72,0.88,0.73
2022-04-16T09:05:01Z,120.7,5.05,6.76,0.83,0.53
2022-04-16T10:05:01Z,121.37,5.21,7.35,0.68,0.45
2022-04-16T11:05:02Z,119.15,4.16,6.03,0.54,0.43
2022-04-16T12:05:01Z,122.37,4.89,6.62,0.79,0.52
2022-04-16T13:05:01Z,125.53,4.12,6.89,0.68,0.48
2022-04-16T14:05:01Z,122.03,4.46,6.71,0.73,0.5
2022-04-16T15:05:01Z,125.6,4.14,7.12,0.65,0.42
2022-04-16T16:05:01Z,125.19,3.39,6.59,0.59,0.44
2022-04-16T17:05:01Z,124.36,2.91,6.78,0.71,0.49
2022-04-16T18:05:01Z,135.07,3,3.18,0.75,0.55
2022-04-16T19:05:01Z,151.13,2.93,3.8,0.79,0.53
2022-04-16T20:05:01Z,152.76,3.06,3.61,0.98,0.62
2022-04-16T21:05:01Z,164.87,3.45,4.13,0.93,0.62
2022-04-16T22:05:01Z,155.53,3.49,4.05,0.87,0.57
2022-04-16T23:05:01Z,183.73,3.78,4.19,1.05,0.64
2022-04-17T00:05:01Z,178.59,3.59,3.95,0.83,0.55
2022-04-17T01:05:01Z,151.65,3.51,3.61,0.7,0.49
2022-04-17T02:05:01Z,148.57,3.85,3.61,0.6,0.46
2022-04-17T03:05:01Z,151.24,3.73,3.52,0.58,0.42
2022-04-17T04:05:01Z,134.71,3.39,3.59,0.73,0.45
2022-04-17T05:05:01Z,129.63,3.3,3.44,0.52,0.37
2022-04-17T06:05:01Z,134.25,3.47,7.4,0.65,0.36
2022-04-17T07:05:01Z,129.21,3.52,8.2,0.53,0.33
2022-04-17T08:05:01Z,122.56,3.53,8.76,0.71,0.41
2022-04-17T09:05:01Z,122.27,3.41,9.17,0.5,0.34
2022-04-17T18:05:01Z,95.39,3.25,4.31,0.9,0.65
2022-04-17T19:05:01Z,102.06,3.19,4.72,0.99,0.62
2022-04-17T20:05:01Z,106.46,3.21,4.41,0.75,0.52
2022-04-17T21:05:01Z,104.63,3.34,4.28,0.69,0.51
2022-04-17T22:05:01Z,106.99,3.21,4.22,0.89,0.53
2022-04-17T23:05:01Z,107.73,3.07,4.17,0.56,0.43
2022-04-18T00:05:01Z,115.35,3.73,8.25,0.48,0.42
2022-04-18T02:05:01Z,116.8,3.73,8.17,0.6,0.37
2022-04-18T03:05:01Z,109.22,3.83,8.2,0.39,0.33
2022-04-18T04:05:01Z,109.74,3.4,7.7,0.52,0.34
2022-04-18T05:05:01Z,105.54,3.6,6.61,0.42,0.3
2022-04-18T06:05:01Z,101.84,4.19,6.86,0.4,0.31
2022-04-18T07:05:01Z,104.53,4.59,7.28,0.54,0.34
2022-04-18T08:05:01Z,107.58,4.73,7.6,0.57,0.38
2022-04-18T09:05:01Z,103.96,4.9,7.18,0.51,0.39
2022-04-18T10:05:01Z,103.41,4.31,6.02,0.5,0.4
2022-04-18T11:05:01Z,99.24,3.97,5.84,0.75,0.44
2022-04-18T12:05:01Z,98.83,4.77,6,0.67,0.49
2022-04-18T13:05:01Z,98.66,4.72,6.37,0.65,0.48
2022-04-18T14:05:01Z,105.69,4.41,6.38,0.85,0.53
2022-04-18T15:05:01Z,113.47,3.65,6.36,1,0.56
2022-04-18T16:05:01Z,108.56,3.4,6.85,0.81,0.57
2022-04-18T17:05:01Z,115.74,3.54,6.61,0.67,0.5
2022-04-18T18:05:01Z,107.96,3.54,6.53,0.67,0.49
2022-04-18T19:05:01Z,107.64,3.34,6.39,0.62,0.46
2022-04-18T20:05:01Z,111.07,4.09,6.21,0.59,0.45
2022-04-18T21:05:01Z,106.66,3.53,6.28,0.53,0.37
2022-04-18T22:05:01Z,106.1,3.43,5.83,0.53,0.39
2022-04-18T23:05:01Z,105.67,3.71,6.05,0.64,0.37
2022-04-19T00:05:01Z,111.51,3.37,5.69,0.53,0.36
2022-04-19T01:05:01Z,111.53,3.25,5.47,0.45,0.34
2022-04-19T02:05:01Z,113.59,3.3,5.67,0.43,0.33
2022-04-19T03:05:01Z,116.97,2.88,4.98,0.45,0.3
2022-04-19T04:05:01Z,109.72,3.32,5.81,0.5,0.32
2022-04-19T05:05:01Z,122.65,2.62,5.94,0.48,0.32
2022-04-19T06:05:01Z,107.1,3.11,5.16,0.41,0.32
2022-04-19T07:05:01Z,111.09,3.26,5.17,0.4,0.29
2022-04-19T08:05:01Z,111.02,2.73,5.05,0.42,0.27
2022-04-19T09:05:01Z,107.77,2.77,5.27,0.48,0.3
2022-04-19T10:05:01Z,113.52,2.68,5,0.49,0.3
2022-04-19T11:05:01Z,111.68,2.74,4.76,0.4,0.28
2022-04-19T12:05:01Z,140.07,3.14,5.03,0.36,0.24
2022-04-19T13:05:01Z,144.24,2.88,4.92,0.37,0.25
2022-04-19T14:05:01Z,137.94,2.36,4.66,0.51,0.32
2022-04-19T15:05:01Z,127.5,2.34,4.15,0.43,0.31
2022-04-19T16:05:01Z,133.83,2.61,5.3,0.37,0.28
2022-04-19T17:05:01Z,135.74,2.72,4.99,0.35,0.25
2022-04-19T18:05:01Z,125.31,2.75,5.18,0.35,0.24
2022-04-19T19:05:01Z,130,2.83,5.33,0.28,0.23
2022-04-19T20:05:01Z,121.66,3.19,6.44,0.43,0.28
2022-04-19T21:05:01Z,110.12,2.42,6.1,0.32,0.23
2022-04-19T22:05:01Z,140.42,2.44,4.99,0.33,0.25
2022-04-19T23:05:01Z,114.83,2.62,5.95,0.32,0.21
2022-04-20T00:05:01Z,119.87,2.12,5.06,0.33,0.23
2022-04-20T01:05:01Z,132.26,2.31,7.25,0.43,0.29
2022-04-20T02:05:01Z,113.07,2.37,3.86,0.54,0.31
2022-04-20T03:05:01Z,123.88,2.36,3.93,0.64,0.42
2022-04-20T04:05:01Z,128,2.65,3.99,0.8,0.57
2022-04-20T05:05:01Z,122.03,2.74,3.63,0.9,0.63
2022-04-20T06:05:01Z,110.38,3.07,3.93,1.34,0.81
2022-04-20T07:05:01Z,94.75,3.49,4.41,2.11,1.13
2022-04-20T08:05:01Z,91.13,3.55,4.9,1.76,1.18
2022-04-20T09:05:01Z,93.38,3.49,4.93,1.87,1.18
2022-04-20T13:05:01Z,88.37,3.99,5.06,2.42,1.6
2022-04-20T14:05:01Z,87.23,-999.99,4.36,4.13,2.47
2022-04-20T15:05:01Z,86.56,3.83,5.95,2.66,1.52
2022-04-20T16:05:01Z,85.53,4.21,5.85,2.19,1.57
2022-04-20T17:05:01Z,86.89,3.59,5.77,1.94,1.36
2022-04-20T18:05:01Z,86.7,3.51,4.92,1.86,1.31
2022-04-20T19:05:01Z,86.93,3.47,5.23,1.8,1.1
2022-04-20T20:05:01Z,95.21,3.23,4.15,1.39,0.87
2022-04-20T21:05:01Z,104.82,3.2,3.97,1.78,0.97
2022-04-20T22:05:01Z,114.63,3.47,5.26,1.07,0.79
2022-04-20T23:05:01Z,130.46,4.05,5.64,1.19,0.85
2022-04-21T00:05:01Z,150.34,4.22,6.54,1.57,1
2022-04-21T01:05:01Z,147.57,3.82,6.17,1.42,0.94
2022-04-21T02:05:01Z,153.06,3.97,5.95,1.67,1.17
2022-04-21T03:05:01Z,141.64,4.59,6.06,2.1,1.41
2022-04-21T04:05:01Z,130.98,4.34,5.87,1.85,1.4
2022-04-21T05:05:01Z,149.38,4.66,6.97,2.19,1.32
2022-04-21T06:05:01Z,143.51,4.28,6.82,1.9,1.2
2022-04-21T07:05:01Z,138.88,4.85,6.84,2.27,1.28
2022-04-21T08:05:01Z,141.17,4.5,6.1,1.67,1.09
2022-04-21T09:05:01Z,141.81,4.55,6.64,1.5,1.12
2022-04-21T10:05:01Z,130.97,4.41,5.87,1.71,1.04
2022-04-21T11:05:01Z,132.72,4.38,5.31,1.64,0.94
2022-04-21T12:05:01Z,132.19,5.24,6.08,1.45,1
2022-04-21T13:05:01Z,138.01,4.74,6,1.17,0.82
2022-04-21T14:05:01Z,156.49,4.43,7.89,1.04,0.8
2022-04-21T15:05:01Z,160.49,3.67,8.86,1.26,0.89
2022-04-21T16:05:01Z,153.19,4.01,7.7,1.04,0.77
2022-04-21T17:05:01Z,157.02,4.11,7.25,1.01,0.63
2022-04-21T18:05:01Z,153.69,4.24,6.65,0.83,0.63
2022-04-21T19:05:01Z,146.68,3.85,7.31,0.64,0.51
2022-04-21T20:05:01Z,133.96,4.72,8.03,0.88,0.56
2022-04-21T21:05:01Z,134.51,4.63,7.73,0.86,0.59
2022-04-21T22:05:01Z,133.66,4.62,7.99,0.75,0.5
2022-04-21T23:05:01Z,126.73,4.72,7.57,0.89,0.55
2022-04-22T00:05:01Z,120.17,5.32,7.65,0.76,0.61
2022-04-22T01:05:01Z,121.72,4.92,8.31,0.85,0.6
2022-04-22T02:05:01Z,118.96,5.03,7.73,0.87,0.65
2022-04-22T03:05:01Z,126.86,3.98,8.04,0.91,0.62
2022-04-22T04:05:01Z,118.86,5.55,8.36,1.15,0.77
2022-04-22T05:05:01Z,134.2,4.44,8.21,0.94,0.78
2022-04-22T06:05:01Z,131.06,4.63,8.01,1.19,0.86
2022-04-22T07:05:02Z,131.14,3.83,8.14,1.25,0.86
2022-04-22T08:05:01Z,119.24,4.81,8.31,1.27,0.93
2022-04-22T09:05:01Z,119.43,4.72,8.15,1.27,0.83
2022-04-22T10:05:01Z,114.39,4.51,7.66,1.16,0.81
2022-04-22T11:05:01Z,113.42,4.69,8.42,1.35,0.81
2022-04-22T12:05:01Z,119.2,4.56,7.97,1.42,0.83
2022-04-22T13:05:01Z,106.18,5.12,8.61,1.16,0.9
2022-04-22T14:05:01Z,112.55,5.66,8.7,1.39,0.95
2022-04-22T15:05:01Z,115.17,4.88,7.97,1.35,0.92
2022-04-22T16:05:01Z,124.75,4.01,8.66,1.15,0.91
2022-04-22T17:05:01Z,129.4,4.15,8.44,1.03,0.78
2022-04-22T18:05:01Z,129.35,4.65,8.63,1.23,0.82
2022-04-22T19:05:01Z,145.88,3.99,8.8,1.14,0.89
2022-04-22T20:05:01Z,163.09,4.38,4.96,1.57,1.11
2022-04-22T21:05:01Z,161.38,4.08,5.21,1.72,1.13
2022-04-22T22:05:01Z,170.03,4.6,5.08,1.92,1.24
2022-04-22T23:05:01Z,174.38,4.3,5.33,1.51,1.09
2022-04-23T00:05:01Z,175.55,4.48,5.22,1.59,1.06
2022-04-23T01:05:01Z,180.5,4.13,5.05,1.29,1
2022-04-23T02:05:01Z,170.15,3.92,5.62,1.33,0.89
2022-04-23T03:05:01Z,172.49,4.15,5.26,1.19,0.87
2022-04-23T04:05:01Z,165.32,4.41,5.97,1.68,0.98
2022-04-23T05:05:01Z,165.94,4.35,5.48,1.44,0.97
2022-04-23T06:05:01Z,165.46,4.69,6.08,1.85,1.21
2022-04-23T07:05:01Z,162.6,4.92,6.38,1.89,1.37
2022-04-23T08:05:01Z,163.88,4.48,6.32,1.39,1.08
2022-04-23T09:05:01Z,170.7,4.58,6.39,2.27,1.46
2022-04-25T14:05:01Z,156.34,3.11,4.94,0.64,0.43
2022-04-25T15:05:01Z,165.69,3.64,4.41,0.73,0.42
2022-04-25T16:05:01Z,164.71,3.33,4.66,0.64,0.38
2022-04-25T17:05:01Z,166.6,3.77,4.81,0.51,0.35
2022-04-25T18:05:01Z,171.93,3.05,4.66,0.63,0.38
2022-04-25T19:05:01Z,178.39,3.42,4.74,0.53,0.41
2022-04-25T20:05:01Z,179.85,3.56,4.71,0.62,0.41
2022-04-25T21:05:01Z,163.92,3.32,4.82,0.56,0.38
2022-04-25T22:05:01Z,163.38,3.38,4.54,0.48,0.35
2022-04-25T23:05:01Z,167.45,3.83,4.35,0.49,0.36
2022-04-26T00:05:01Z,158.8,3.42,4.54,0.48,0.31
2022-04-26T01:05:01Z,160.41,3.07,4.05,0.55,0.32
2022-04-26T02:05:01Z,153.92,3.06,4.42,0.42,0.29
2022-04-26T03:05:01Z,162.95,3.49,5.39,0.47,0.29
2022-04-26T04:05:01Z,150.77,3.35,5.24,0.41,0.27
2022-04-26T05:05:01Z,162.79,3.28,4.63,0.34,0.25
2022-04-26T06:05:01Z,152.92,3.5,5.25,0.43,0.27
2022-04-26T07:05:01Z,150.79,3.39,4.36,0.36,0.27
2022-04-26T08:05:01Z,145.66,3.05,3.7,0.43,0.24
2022-04-26T09:05:01Z,155.76,3.68,4.81,0.39,0.24
2022-04-26T13:05:01Z,154.6,2.83,4.19,0.37,0.22
2022-04-26T14:05:01Z,140.64,2.69,6.29,0.29,0.21
2022-04-26T15:05:01Z,135.45,2.41,4.21,0.31,0.23
2022-04-26T16:05:01Z,149.92,2.48,3.69,0.34,0.19
2022-04-26T17:05:01Z,140.81,2.56,4.36,0.27,0.19
2022-04-26T18:05:01Z,189.4,2.99,4.06,0.36,0.24
2022-04-26T19:05:01Z,128.05,3.38,5.65,0.31,0.23
2022-04-26T20:05:01Z,138.79,3.2,4.05,0.32,0.21
2022-04-26T21:05:01Z,152.6,3.26,3.92,0.36,0.22
2022-04-26T22:05:01Z,176.25,3.32,3.79,0.31,0.2
2022-04-26T23:05:01Z,137.59,3.17,3.69,0.26,0.18
2022-04-27T00:05:01Z,157.69,3.29,3.9,0.22,0.15
2022-04-27T01:05:02Z,117.37,3.02,6.42,0.23,0.16
2022-04-27T02:05:01Z,140.95,3.31,4,0.25,0.17
2022-04-27T03:05:01Z,144.22,2.16,3.54,0.23,0.14
2022-04-27T04:05:01Z,137.29,2.72,3.86,0.22,0.14
2022-04-27T05:05:01Z,151.75,2.95,5.34,0.25,0.18
2022-04-27T06:05:01Z,155.28,2.84,5.95,0.26,0.18
2022-04-27T07:05:01Z,159.02,3.57,4.96,0.33,0.22
2022-04-27T08:05:01Z,156.46,3.26,5.21,0.31,0.22
2022-04-27T09:05:01Z,162.23,3.48,5.3,0.31,0.22
2022-04-27T10:05:01Z,169.58,3.44,4.98,0.33,0.23
2022-04-27T11:05:01Z,149.21,3.56,5.03,0.33,0.22
2022-04-27T12:05:01Z,161.14,3.35,5.12,0.3,0.23
2022-04-27T13:05:01Z,148.25,3.6,5.39,0.36,0.24
2022-04-27T14:05:01Z,154.07,3.69,5.27,0.39,0.23
2022-04-27T15:05:01Z,160.53,3.64,5.23,0.42,0.25
2022-04-27T16:05:01Z,150.74,3.32,5.04,0.5,0.3
2022-04-27T17:05:01Z,156.67,3.13,4.97,0.47,0.25
2022-04-27T18:05:01Z,140.22,3.55,4.59,0.35,0.24
2022-04-27T19:05:02Z,144.25,3.9,4.78,0.37,0.27
2022-04-27T20:05:01Z,143.71,3.8,4.66,0.39,0.29
2022-04-27T21:05:01Z,137.04,3.7,4.4,0.47,0.27
2022-04-27T22:05:01Z,141.52,3.72,4.79,0.33,0.25
2022-04-27T23:05:01Z,127.02,3.55,4.54,0.39,0.26
2022-04-28T00:05:01Z,125.86,3.85,6.86,0.37,0.25
2022-04-28T01:05:01Z,133.29,2.91,5.26,0.36,0.22
2022-04-28T02:05:01Z,127.51,3.01,5.35,0.33,0.23
2022-04-28T03:05:01Z,138.57,2.92,5.17,0.38,0.23
2022-04-28T04:05:01Z,137.67,3.23,5.52,0.32,0.23
2022-04-28T05:05:01Z,126.31,2.96,5.32,0.4,0.26
2022-04-28T06:05:01Z,138.56,3.55,5.49,0.39,0.25
2022-04-28T07:05:01Z,130.91,3.46,5.34,0.43,0.27
2022-04-28T08:05:01Z,131.69,4,5.27,0.42,0.28
2022-04-28T09:05:01Z,124.5,3.11,5.36,0.58,0.4
2022-04-28T10:05:01Z,125.3,2.54,2.66,0.71,0.46
2022-04-28T11:05:01Z,124.74,2.57,5.27,0.59,0.41
2022-04-28T12:05:01Z,120.3,2.41,5.1,0.59,0.42
2022-04-28T13:05:01Z,116.74,2.71,5.11,0.57,0.4
2022-04-28T14:05:01Z,114.86,2.74,3.42,0.71,0.49
2022-04-28T15:05:01Z,113.01,3.05,3.84,0.65,0.48
2022-04-28T16:05:01Z,93.43,3.17,4.01,0.97,0.54
2022-04-28T17:05:01Z,90.22,3.4,4.78,0.97,0.63
2022-04-28T18:05:01Z,93.14,3.7,4.62,1.15,0.69
2022-04-28T19:05:01Z,98.94,3.47,4.77,0.95,0.71
2022-04-28T20:05:01Z,97.71,3.43,4.76,0.93,0.65
2022-04-28T21:05:01Z,97.58,3.63,4.77,0.89,0.58
2022-04-28T22:05:01Z,98.37,3.69,4.9,0.83,0.53
2022-04-28T23:05:01Z,102.42,3.77,5.18,0.63,0.43
2022-04-29T00:05:01Z,100.22,3.75,5.05,0.79,0.45
2022-04-29T01:05:01Z,106.45,3.52,4.64,0.76,0.46
2022-04-29T02:05:02Z,101.02,3.85,5.2,0.61,0.48
2022-04-29T03:05:01Z,97.8,3.74,4.86,0.66,0.45
2022-04-29T04:05:01Z,102.53,3.57,5.02,0.61,0.42
2022-04-29T05:05:01Z,98.31,3.36,4.84,0.82,0.46
2022-04-29T06:05:01Z,103.5,3.21,5.13,0.78,0.44
2022-04-29T07:05:01Z,104.53,3.47,4.72,0.59,0.42
2022-04-29T08:05:01Z,109.66,3.37,4.91,0.72,0.41
2022-04-29T09:05:01Z,105.15,3.43,4.74,0.6,0.4
2022-04-29T13:05:01Z,104.38,3.75,4.99,0.51,0.33
2022-04-29T14:05:01Z,96.41,2.97,4.61,0.42,0.28
2022-04-29T15:05:01Z,99.01,3.59,4.87,0.61,0.41
2022-04-29T16:05:01Z,95.76,2.96,4.91,0.56,0.36
2022-04-29T17:05:01Z,98.2,3.49,4.87,0.6,0.4
2022-04-29T18:05:01Z,97.63,3.66,4.73,0.55,0.39
2022-04-29T19:05:01Z,109.32,3.66,4.76,0.57,0.36
2022-04-29T20:05:01Z,110.83,3.76,4.95,0.56,0.4
2022-04-29T21:05:01Z,108.21,3.96,4.9,0.52,0.36
2022-04-29T22:05:01Z,101.89,3.69,4.72,0.49,0.34
2022-04-29T23:05:01Z,107.39,4.07,4.86,0.47,0.36
2022-04-30T00:05:01Z,110.53,3.89,4.78,0.53,0.31
2022-04-30T01:05:01Z,110.11,3.29,4.83,0.44,0.28
2022-04-30T02:05:01Z,118.12,3.83,5.04,0.42,0.29
2022-04-30T03:05:01Z,117.24,3.84,4.84,0.46,0.27
2022-04-30T04:05:01Z,117.03,3.68,4.78,0.39,0.25
2022-04-30T05:05:01Z,113.64,3.66,5.15,0.36,0.25
2022-04-30T06:05:01Z,120.86,4.01,5.11,0.32,0.24
2022-04-30T07:05:01Z,122.31,3.4,5.12,0.34,0.24
2022-04-30T08:05:01Z,99.07,3.91,5.07,0.3,0.23
2022-04-30T09:05:01Z,107.98,4.12,4.9,0.4,0.24
2022-04-30T10:05:01Z,104.46,3.28,4.97,0.31,0.21
2022-04-30T11:05:01Z,122.91,2.91,5.08,0.32,0.21
2022-04-30T12:05:01Z,134.28,2.85,4.82,0.32,0.22
2022-04-30T13:05:01Z,119.44,2.32,4.75,0.34,0.25
2022-04-30T14:05:01Z,125.78,2.22,5.22,0.35,0.23
2022-04-30T15:05:01Z,110.14,2.5,5.14,0.31,0.21
2022-04-30T16:05:01Z,116.5,2.72,5.11,0.4,0.25
2022-04-30T17:05:01Z,104.49,2.64,5.17,0.42,0.27
2022-04-30T18:05:01Z,114.19,2.87,5.06,0.42,0.29
2022-04-30T19:05:01Z,116.67,2.86,3.21,0.49,0.36
2022-04-30T20:05:01Z,121.46,2.98,3.18,0.5,0.31
2022-04-30T21:05:01Z,127.72,3.06,3.47,0.57,0.36
2022-04-30T22:05:01Z,116.56,3.33,3.33,0.47,0.31
2022-04-30T23:05:01Z,105.79,3.6,3.71,0.41,0.3
2022-05-01T00:05:01Z,108.17,3.18,4.78,0.4,0.27
2022-05-01T01:05:01Z,118.39,3.14,5.03,0.36,0.25
2022-05-01T02:05:01Z,102.91,3.31,4.78,0.32,0.22
2022-05-01T03:05:01Z,101.97,2.72,4.91,0.3,0.2
2022-05-01T04:05:02Z,117.02,2.34,4.83,0.29,0.19
2022-05-01T05:05:01Z,113.76,2.41,5.01,0.27,0.18
2022-05-01T06:05:01Z,109.15,2.3,5.01,0.26,0.18
2022-05-01T07:05:01Z,133.08,2.3,4.19,0.24,0.18
2022-05-01T08:05:01Z,117.32,2.36,4.94,0.28,0.19
2022-05-01T09:05:01Z,131.83,2.26,4.69,0.3,0.18
2022-05-01T10:05:01Z,132.67,1.9,5.18,0.28,0.19
2022-05-01T11:05:01Z,163.61,1.92,4.79,0.32,0.24
2022-05-01T12:05:01Z,184.1,2.55,4.46,0.31,0.23
2022-05-01T13:05:01Z,191.66,2.88,4.46,0.39,0.25
2022-05-01T14:05:01Z,195.98,3.33,4.23,0.45,0.26
2022-05-01T15:05:01Z,187.99,3.28,4.34,0.43,0.25
2022-05-01T16:05:01Z,202.61,2.92,4.06,0.37,0.23
2022-05-01T17:05:01Z,189.89,2.92,4.05,0.33,0.22
2022-05-01T18:05:01Z,185.64,2.73,4.29,0.31,0.2
2022-05-01T19:05:01Z,179.56,2.09,4.01,0.33,0.22
2022-05-01T20:05:01Z,174.05,2.28,4.02,0.3,0.19
2022-05-01T21:05:01Z,159.31,2.29,3.85,0.3,0.17
2022-05-01T22:05:01Z,157.25,2.57,3.9,0.33,0.2
2022-05-01T23:05:01Z,157.23,2.44,3.83,0.29,0.18
2022-05-02T00:05:01Z,140.83,2.63,3.69,0.31,0.2
2022-05-02T01:05:01Z,133.17,2.63,3.82,0.43,0.27
2022-05-02T02:05:01Z,145.59,3.05,3.81,0.49,0.33
2022-05-02T03:05:01Z,135.17,3.08,3.91,0.56,0.34
2022-05-02T04:05:01Z,126.34,3.25,3.76,0.48,0.34
2022-05-02T05:05:01Z,135.92,3.25,4.29,0.51,0.37
2022-05-02T06:05:01Z,131.94,2.86,4.3,0.46,0.34
2022-05-02T07:05:01Z,138.52,3.09,4.08,0.69,0.35
2022-05-02T08:05:01Z,132.04,3,4.08,0.56,0.37
2022-05-02T09:05:01Z,136.03,2.67,4.17,0.57,0.4
2022-05-02T16:05:01Z,170.25,2.28,4.83,0.6,0.41
2022-05-02T17:05:01Z,172.18,2.35,2.62,0.68,0.45
2022-05-02T18:05:01Z,164.28,2.59,2.79,0.81,0.48
2022-05-02T19:05:01Z,171.44,2.68,3.08,0.75,0.51
2022-05-02T20:05:01Z,162.1,2.73,3.56,0.69,0.51
2022-05-02T21:05:01Z,153.85,2.81,4.14,0.74,0.5
2022-05-02T22:05:01Z,158.74,2.7,4.01,0.65,0.44
2022-05-02T23:05:01Z,156.27,2.71,3.76,0.76,0.5
2022-05-03T00:05:02Z,151.82,2.63,3.86,0.76,0.49
2022-05-03T01:05:01Z,152.64,2.67,4.01,0.79,0.5
2022-05-03T02:05:01Z,145.19,2.87,4.37,0.76,0.51
2022-05-03T03:05:01Z,136.56,2.79,4.44,0.8,0.59
2022-05-03T04:05:01Z,141.49,2.8,4.42,0.8,0.6
2022-05-03T09:05:01Z,122.89,2.78,3.77,1.15,0.67
2022-05-03T10:05:01Z,119.09,2.79,3.51,0.95,0.68
2022-05-03T11:05:01Z,114.15,2.78,3.72,1.26,0.81
2022-05-03T12:05:01Z,117.75,3.02,3.69,1.31,0.77
2022-05-03T13:05:01Z,121.92,3.07,4.17,1.05,0.76
2022-05-03T14:05:01Z,119.38,3.12,4.38,1.2,0.81
2022-05-03T15:05:01Z,115.39,3.02,4.4,1.23,0.81
2022-05-03T16:05:01Z,127.54,3.03,4.51,1.04,0.76
2022-05-03T17:05:01Z,125.4,3.01,4.34,1.04,0.65
2022-05-03T18:05:01Z,125.44,3.06,4.5,0.82,0.61
2022-05-03T19:05:01Z,129.52,3.35,4.58,1,0.71
2022-05-03T20:05:01Z,123.93,3.24,4.48,0.99,0.67
2022-05-03T21:05:01Z,134.43,3.6,4.96,0.93,0.62
2022-05-03T22:05:01Z,133.77,3.63,4.37,0.91,0.57
2022-05-03T23:05:01Z,136.75,3.59,4.79,0.9,0.61
2022-05-04T00:05:01Z,136.59,3.43,4.52,0.81,0.57
2022-05-04T01:05:01Z,141.76,3.54,4.62,0.93,0.52
2022-05-04T02:05:01Z,141.17,3.61,4.67,0.8,0.52
2022-05-04T03:05:01Z,141,3.53,4.51,0.66,0.47
2022-05-04T04:05:01Z,142.71,3.59,4.41,0.74,0.48
2022-05-04T05:05:01Z,144.34,3.31,4.29,0.63,0.43
2022-05-04T06:05:01Z,151.17,2.75,4.21,0.65,0.42
2022-05-04T07:05:01Z,142.59,2.66,4.51,0.62,0.42
2022-05-04T08:05:01Z,146.08,2.54,4.14,0.58,0.47
2022-05-04T09:05:01Z,146.78,2.59,4.2,0.72,0.5
2022-05-04T10:05:01Z,145.06,2.7,4.18,0.6,0.46
2022-05-04T11:05:01Z,134.67,2.97,4.19,0.57,0.47
2022-05-04T12:05:01Z,123.76,3.19,3.93,0.65,0.48
2022-05-04T13:05:01Z,123.74,2.66,3.99,0.81,0.48
2022-05-04T14:05:01Z,117.85,2.67,4.26,0.8,0.51
2022-05-04T15:05:01Z,120.12,3.04,3.95,0.76,0.51
2023-02-08T17:51:16Z,118.69,4,7.99,2.72,1.68
2023-02-08T18:51:16Z,114.91,4.42,7.86,2.06,1.52
2023-02-08T19:51:16Z,111.38,4.09,7.42,2.52,1.55
2023-02-08T20:51:16Z,117.1,4.59,8.19,2.22,1.55
2023-02-08T21:51:16Z,109.19,4.39,7.98,2.16,1.52
2023-02-08T22:51:16Z,111.89,5.08,7.9,2.46,1.55
2023-02-08T23:51:16Z,108.3,5.17,8.22,2.04,1.44
2023-02-09T00:51:16Z,104.13,4.57,8.03,2.05,1.4
2023-02-09T01:51:16Z,108.5,5.06,7.88,2.21,1.43
2023-02-09T02:51:16Z,105.66,5,7.95,2.04,1.5
2023-02-09T03:51:16Z,112.28,4.72,7.79,2.27,1.44
2023-02-09T04:51:16Z,106.26,4.18,7.48,2.08,1.34
2023-02-09T05:51:16Z,110.06,4.99,7.79,1.91,1.45
2023-02-09T06:51:16Z,108.81,4.78,7.66,1.93,1.26
2023-02-09T07:51:16Z,109.4,4.73,7.86,2.14,1.4
2023-02-09T08:51:16Z,113.09,4.89,8.05,2.21,1.43
2023-02-09T11:51:16Z,109.8,4.49,6.85,2.17,1.39
2023-02-09T12:51:16Z,107.22,4.71,7.87,1.96,1.45
2023-02-09T13:51:16Z,106.06,4.48,7.82,1.99,1.4
2023-02-09T14:51:16Z,105.06,4.5,7.92,2.02,1.41
2023-02-09T15:51:16Z,110.39,4.69,7.76,1.91,1.25
2023-02-09T17:51:16Z,107.61,4.95,7.98,2.01,1.35
2023-02-09T18:51:16Z,108.84,4.81,8.2,2.02,1.12
2023-02-09T19:51:16Z,108.48,5.05,7.98,1.55,1.13
2023-02-09T20:51:16Z,109.69,4.85,7.85,1.59,1.06
2023-02-09T21:51:16Z,112.38,4.98,7.73,2.04,1.23
2023-02-09T22:51:16Z,108.68,4.64,7.89,1.6,1.09
2023-02-09T23:51:16Z,112.46,4.75,7.55,1.5,1
2023-02-10T00:51:16Z,112.43,5.12,7.79,1.53,1.08
2023-02-10T02:51:16Z,116.87,4.41,7.8,1.38,0.88
2023-02-10T03:51:16Z,112.79,5.09,7.25,1.26,0.91
2023-02-10T04:51:16Z,114.3,4.19,7.36,0.94,0.76
2023-02-10T05:51:16Z,119.68,3.8,6.49,0.94,0.71
2023-02-10T06:51:16Z,121.96,3.88,7.28,0.9,0.68
2023-02-10T07:51:16Z,120.21,3.73,7.47,1.22,0.68
2023-02-10T08:51:16Z,117.07,3.62,7.32,1,0.65
2023-02-10T09:51:16Z,116.1,4.51,7.2,0.88,0.66
2023-02-10T10:51:16Z,123.53,4.32,6.37,0.81,0.59
2023-02-10T11:51:16Z,129.52,4.79,7.61,0.78,0.51
2023-02-10T12:51:16Z,121.57,3.9,7.31,0.69,0.54
2023-02-10T13:51:16Z,115.3,3.48,6.77,1,0.63
2023-02-10T14:51:16Z,114.53,3.55,7.33,0.99,0.66
2023-02-10T15:51:16Z,121.85,3.3,7.21,0.95,0.61
2023-02-10T16:51:16Z,115.06,3.6,7.12,1.05,0.65
2023-02-10T18:51:16Z,128.4,3.17,7.3,0.94,0.72
2023-02-10T19:51:16Z,130.4,4.14,10.37,1.06,0.71
2023-02-10T20:51:16Z,127.25,3.92,10.57,1.26,0.68
2023-02-10T22:51:16Z,126.93,4.32,10.17,0.86,0.65
2023-02-10T23:51:16Z,128.43,4.55,10.37,0.95,0.71
2023-02-11T01:51:16Z,132.66,4.27,10.32,0.83,0.63
2023-02-11T02:51:16Z,129.68,4.08,10.39,0.76,0.6
2023-02-11T03:51:16Z,132.18,3.82,9.99,0.73,0.57
2023-02-11T04:51:16Z,129.61,4.85,9.95,0.77,0.59
2023-02-11T06:51:16Z,132.91,3.49,10.28,0.89,0.52
2023-02-11T07:51:16Z,132.71,4.76,9.92,0.81,0.61
2023-02-11T08:51:16Z,133.45,4.09,10.48,0.82,0.6
2023-02-11T09:51:16Z,129.1,4.71,10.06,0.83,0.58
2023-02-11T10:51:16Z,132.05,4.05,10.02,0.89,0.56
2023-02-11T11:51:16Z,132,5.5,10.31,0.82,0.56
2023-02-11T12:51:16Z,133.04,3.76,9.84,0.65,0.49
2023-02-11T13:51:16Z,126.79,3.36,9.76,0.6,0.48
2023-02-11T14:51:16Z,131.56,3.01,9.36,0.65,0.53
2023-02-11T15:51:16Z,133.92,3.48,9.67,0.69,0.53
2023-02-11T16:51:16Z,136.57,3.36,10.07,0.66,0.48
2023-02-11T17:51:16Z,127.63,3.44,9.47,0.9,0.54
2023-02-11T18:51:16Z,133.22,4.11,10,0.7,0.53
2023-02-11T20:51:16Z,138.4,3.8,10.08,0.74,0.46
2023-02-11T22:51:16Z,136.04,3.04,10.3,0.54,0.41
2023-02-11T23:51:16Z,125.25,3.5,10.23,0.61,0.46
2023-02-12T00:51:16Z,138.13,3.45,9.8,0.61,0.42
2023-02-12T02:51:16Z,133.24,2.89,9.16,0.58,0.37
2023-02-12T05:51:16Z,137.17,2.93,9.4,0.81,0.42
2023-02-12T06:51:16Z,130.11,3,9.78,0.58,0.41
2023-02-12T07:51:16Z,134.65,2.97,9.37,0.55,0.4
2023-02-12T08:51:16Z,126.91,2.79,9.81,0.64,0.38
2023-02-12T09:51:16Z,132.4,3,9.08,0.54,0.35
2023-02-12T10:51:16Z,126.48,4.07,9.34,0.43,0.33
2023-02-12T11:51:16Z,142.88,3.39,9.42,0.58,0.35
2023-02-12T12:51:16Z,136.81,3.04,9.47,0.59,0.36
2023-02-12T13:51:16Z,135.09,2.6,7.89,0.46,0.35
2023-02-12T14:51:16Z,138.96,3.15,9.5,0.59,0.4
2023-02-12T15:51:16Z,133.15,3.06,9.38,0.58,0.41
2023-02-12T18:51:16Z,143.54,2.77,9.46,0.48,0.34
2023-02-12T19:51:16Z,152.55,2.76,8.94,0.45,0.33
2023-02-12T21:51:16Z,152.57,3.04,8.66,0.47,0.33
2023-02-12T22:51:16Z,154.75,2.74,9.11,0.43,0.32
2023-02-12T23:51:16Z,145.66,2.51,8.64,0.42,0.31
2023-02-13T00:51:16Z,156.32,2.39,8.59,0.4,0.3
2023-02-13T01:51:16Z,142.43,2.39,8.84,0.47,0.29
2023-02-13T02:51:16Z,142.16,2.55,8.86,0.45,0.28
2023-02-13T06:51:16Z,153.98,2.3,8.49,0.37,0.25
2023-02-13T07:51:16Z,147.35,2.57,8.27,0.37,0.26
2023-02-13T08:51:16Z,147.43,2.5,7.96,0.31,0.22
2023-02-13T09:51:16Z,144.24,2.47,8.24,0.33,0.25
2023-02-13T10:51:16Z,156.96,2.88,8.09,0.34,0.23
2023-02-13T11:51:16Z,160.17,2.85,4.98,0.3,0.21
2023-02-13T12:51:16Z,153.07,2.41,8.13,0.28,0.19
2023-02-13T13:51:16Z,153.07,1.98,8.21,0.35,0.23
2023-02-13T14:51:16Z,157.51,2.11,7.98,0.32,0.25
2023-02-13T15:51:16Z,156.21,2.02,4.37,0.29,0.23
2023-02-13T16:51:16Z,166.77,2.11,4.31,0.41,0.26
2023-02-13T17:51:16Z,153.98,1.93,4.64,0.37,0.25
2023-02-13T18:51:16Z,174.15,2.07,4.37,0.34,0.26
2023-02-13T20:51:16Z,166.69,2.09,4.41,0.39,0.24
2023-02-13T21:51:16Z,157.71,2.05,4.22,0.35,0.21
2023-02-13T22:51:16Z,168.47,2.12,4.58,0.28,0.21
2023-02-13T23:51:16Z,150.82,2.07,4.92,0.28,0.2
2023-02-14T01:51:16Z,149.85,1.96,4.96,0.33,0.22
2023-02-14T03:51:16Z,162.02,1.91,4.58,0.31,0.21
2023-02-14T04:51:16Z,169.33,1.95,4.29,0.32,0.22
2023-02-14T05:51:16Z,161.52,2.01,4.78,0.37,0.22
2023-02-14T06:51:16Z,173.12,1.94,5.15,0.34,0.2
2023-02-14T07:51:16Z,183.5,2,4.77,0.27,0.2
2023-02-14T08:51:16Z,166.4,1.82,4.72,0.29,0.2
2023-02-14T10:51:16Z,178.33,2.73,4.97,0.27,0.19
2023-02-14T11:51:16Z,161.82,2.46,4.94,0.29,0.19
2023-02-14T12:51:16Z,176.21,2.08,4.83,0.33,0.2
2023-02-14T13:51:16Z,193.3,1.88,5.01,0.35,0.23
2023-02-14T14:51:16Z,191.15,1.87,4.79,0.41,0.25
2023-02-14T15:51:16Z,180.02,1.86,1.9,0.39,0.28
2023-02-14T16:51:16Z,186.38,1.85,2.06,0.35,0.25
2023-02-14T17:51:16Z,191.12,1.93,4.7,0.34,0.23
2023-02-14T19:51:16Z,150.79,2.02,5.26,0.33,0.23
2023-02-14T20:51:16Z,158.26,2.03,5.33,0.35,0.24
2023-02-14T21:51:16Z,175.12,2.49,4.65,0.34,0.24
2023-02-14T22:51:16Z,173.63,2.79,5.9,0.35,0.26
2023-02-14T23:51:16Z,184.72,2.57,5.55,0.38,0.26
2023-02-15T00:51:16Z,180.14,3.02,5.38,0.48,0.33
2023-02-15T04:51:16Z,183.69,2.03,5.51,0.4,0.25
2023-02-15T05:51:16Z,184.26,2.71,5.63,0.44,0.31
2023-02-15T06:51:16Z,174.46,2.76,5.41,0.38,0.28
2023-02-15T07:51:16Z,191.05,3.27,5.41,0.47,0.27
2023-02-15T08:51:16Z,184.92,3,5.59,0.46,0.31
2023-02-15T09:51:16Z,176.81,3.13,5.21,0.64,0.33
2023-02-15T10:51:16Z,179.53,2.92,5.1,0.48,0.32
2023-02-15T11:51:16Z,176.99,3.62,5.35,0.45,0.31
2023-02-15T12:51:16Z,189.54,3.01,5.02,0.46,0.31
2023-02-15T13:51:16Z,190.43,3.39,5.53,0.51,0.32
2023-02-15T14:51:16Z,189.36,3.31,5.37,0.42,0.29
2023-02-15T15:51:16Z,182.53,3.34,5.17,0.46,0.28
2023-02-15T16:51:16Z,189.47,3.39,4.99,0.48,0.28
2023-02-15T17:51:16Z,191.29,3.64,5.11,0.46,0.29
2023-02-15T18:51:16Z,186.45,3.37,5.38,0.53,0.36
2023-02-15T19:51:16Z,180.88,2.91,5.51,0.61,0.39
2023-02-15T20:51:16Z,182.18,3.71,5.66,0.59,0.4
2023-02-15T21:51:16Z,182.14,3.25,5.4,0.5,0.34
2023-02-15T22:51:16Z,184.59,2.59,5.48,0.61,0.32
2023-02-15T23:51:16Z,186.03,2.48,5.43,0.56,0.3
2023-02-16T00:51:16Z,189.03,2.5,5.25,0.51,0.31
2023-02-16T01:51:16Z,181.95,2.26,5.1,0.47,0.32
2023-02-16T02:51:16Z,177.17,2.11,5.2,0.43,0.28
2023-02-16T03:51:16Z,178.92,2.33,5.02,0.45,0.3
2023-02-16T04:51:16Z,183.92,2.15,5.03,0.54,0.3
2023-02-16T05:51:16Z,177.31,2.44,4.98,0.42,0.29
2023-02-16T06:51:16Z,167.55,2.1,4.69,0.41,0.28
2023-02-16T07:51:16Z,160.51,2.08,5.02,0.4,0.26
2023-02-16T08:51:16Z,152.27,2.27,4.8,0.48,0.26
2023-02-16T09:51:16Z,142.53,2.47,5.24,0.38,0.26
2023-02-16T10:51:16Z,163.34,2.61,4.53,0.44,0.28
2023-02-16T11:51:16Z,153.43,2.97,5.12,0.35,0.24
2023-02-16T12:51:16Z,139.68,3.16,5.08,0.38,0.26
2023-02-16T13:51:16Z,150.19,3.18,5.11,0.41,0.23
2023-02-16T14:51:16Z,134.04,3.05,4.98,0.45,0.27
2023-02-16T15:51:16Z,142.52,3.01,4.84,0.36,0.25
2023-02-16T16:51:16Z,141.59,2.79,5.13,0.37,0.3
2023-02-16T17:51:16Z,131.94,2.75,5.03,0.39,0.27
2023-02-16T18:51:16Z,134.73,3.34,4.88,0.34,0.23
2023-02-16T19:51:16Z,132.97,2.63,4.82,0.4,0.25
2023-02-16T20:51:16Z,139.02,2.79,4.6,0.35,0.25
2023-02-16T21:51:16Z,137.41,2.41,4.37,0.34,0.24
2023-02-16T22:51:16Z,131.11,2.16,4.62,0.35,0.21
2023-02-16T23:51:16Z,147.97,1.85,4.34,0.35,0.23
2023-02-17T00:51:16Z,145.96,1.94,4.34,0.36,0.23
2023-02-17T01:51:16Z,133.73,2.13,4.33,0.35,0.22
2023-02-17T02:51:16Z,119.27,2.24,4.4,0.29,0.19
2023-02-17T03:51:16Z,126.94,1.94,4.53,0.32,0.21
2023-02-17T04:51:16Z,127.09,1.76,4.61,0.33,0.2
2023-02-17T05:51:16Z,148.44,1.87,5.05,0.3,0.18
2023-02-17T06:51:16Z,136.34,1.89,4.33,0.26,0.17
2023-02-17T07:51:16Z,133.56,1.96,4.53,0.23,0.16
2023-02-17T08:51:16Z,145.93,1.68,3.99,0.28,0.19
2023-02-17T09:51:16Z,137.5,2.36,4.12,0.32,0.2
2023-02-17T10:51:16Z,118.71,1.86,4.37,0.26,0.18
2023-02-17T11:51:16Z,151.12,1.79,4.35,0.32,0.21
2023-02-17T12:51:16Z,135.38,1.89,4.45,0.25,0.21
2023-02-17T13:51:16Z,122.14,1.82,1.76,0.3,0.22
2023-02-17T14:51:16Z,133.47,2.01,2.48,0.49,0.33
2023-02-17T15:51:16Z,150.29,2.01,2.61,0.48,0.32
2023-02-17T16:51:16Z,126.48,1.86,2.59,0.54,0.33
2023-02-17T17:51:16Z,136.76,2.1,2.7,0.51,0.31
2023-02-17T18:51:16Z,134.48,1.98,2.59,0.45,0.29
2023-02-17T19:51:16Z,135.54,2,2.52,0.37,0.25
2023-02-17T20:51:16Z,111.95,2.33,4.29,0.29,0.21
2023-02-17T22:51:16Z,141.84,2.25,2.62,0.3,0.18
2023-02-17T23:51:16Z,153.43,2.01,2.61,0.28,0.17
2023-02-18T00:51:16Z,131.19,1.9,4.32,0.26,0.17
2023-02-18T01:51:16Z,148,1.78,2.66,0.26,0.2
2023-02-18T03:51:16Z,168.77,2,2.55,0.3,0.21
2023-02-18T04:51:16Z,193.09,2.4,2.73,0.32,0.2
2023-02-18T05:51:16Z,191.74,2.2,3.08,0.32,0.2
2023-02-18T06:51:16Z,162.43,2.07,2.95,0.29,0.2
2023-02-18T07:51:16Z,160.99,2.01,2.88,0.37,0.24
2023-02-18T08:51:16Z,198.73,2.26,2.72,0.26,0.18
2023-02-18T09:51:16Z,175.29,2.4,3.02,0.29,0.19
2023-02-18T10:51:16Z,167.41,2.24,2.8,0.26,0.19
2023-02-18T11:51:16Z,174.27,1.95,2.77,0.3,0.22
2023-02-18T12:51:16Z,167.25,1.89,2.86,0.3,0.2
2023-02-18T13:51:16Z,191.21,1.79,1.94,0.34,0.27
2023-02-18T14:51:16Z,176.31,2.23,2.71,0.53,0.36
2023-02-18T15:51:16Z,174.6,2.2,2.85,0.57,0.36
2023-02-18T16:51:16Z,185.19,2.1,2.92,0.5,0.32
2023-02-18T19:51:16Z,179.76,2.18,2.94,0.46,0.32
2023-02-18T20:51:16Z,172.66,2.2,3.04,0.56,0.36
2023-02-18T22:51:16Z,171.84,2.57,3.24,0.43,0.32
2023-02-18T23:51:16Z,178.13,2.49,3.26,0.55,0.35
2023-02-19T00:51:16Z,179.02,2.51,3.24,0.44,0.31
2023-02-19T01:51:16Z,187.3,2.68,3.31,0.43,0.31
2023-02-19T02:51:16Z,181.42,2.47,3.42,0.57,0.31
2023-02-19T03:51:16Z,183.14,2.61,3.58,0.5,0.32
2023-02-19T04:51:16Z,178.6,2.57,3.37,0.4,0.28
2023-02-19T05:51:16Z,193.59,2.51,3.41,0.43,0.29
2023-02-19T06:51:16Z,189.25,2.66,3.35,0.44,0.27
2023-02-19T07:51:16Z,177.77,2.79,3.29,0.4,0.26
2023-02-19T08:51:16Z,174.46,2.72,3.45,0.34,0.24
2023-02-19T09:51:16Z,166.89,2.42,3.23,0.4,0.23
2023-02-19T10:51:16Z,172.43,2.14,4.69,0.48,0.29
2023-02-19T11:51:16Z,177.32,2.03,4.52,0.35,0.25
2023-02-19T12:51:16Z,175.01,2.32,4.5,0.32,0.23
2023-02-19T13:51:16Z,171.88,2.41,4.82,0.34,0.26
2023-02-19T14:51:16Z,187.67,2.06,2.85,0.39,0.27
2023-02-19T15:51:16Z,167.57,2.09,4.54,0.4,0.25
2023-02-19T16:51:16Z,176.88,2.54,2.77,0.33,0.23
2023-02-19T17:51:16Z,132.89,2.59,4.58,0.47,0.27
2023-02-19T18:51:16Z,163.46,2.5,4.8,0.3,0.23
2023-02-19T19:51:16Z,178.8,2.41,4.76,0.36,0.22
2023-02-19T20:51:16Z,179.2,2.14,5,0.32,0.21
2023-02-19T21:51:16Z,163.4,2.03,4.53,0.33,0.23
2023-02-19T22:51:16Z,163.22,2.31,4.96,0.38,0.24
2023-02-19T23:51:16Z,188.88,2.49,4.81,0.37,0.22
2023-02-20T00:51:16Z,169.47,2.87,4.58,0.35,0.24
2023-02-20T01:51:16Z,172.3,2.34,4.46,0.34,0.22
2023-02-20T02:51:16Z,167.1,2.55,4.38,0.35,0.2
2023-02-20T03:51:16Z,165.91,2.64,4.4,0.33,0.22
2023-02-20T04:51:16Z,187.05,2.28,4.33,0.3,0.2
2023-02-20T05:51:16Z,168.13,2.42,4.53,0.28,0.2
2023-02-20T06:51:16Z,166.27,2.05,4.7,0.28,0.2
2023-02-20T07:51:16Z,183.36,2.38,4.73,0.27,0.2
2023-02-20T08:51:16Z,178.88,2.32,4.86,0.29,0.19
2023-02-20T09:51:16Z,185.02,2.48,4.48,0.29,0.17
2023-02-20T10:51:16Z,164.88,2.59,4.3,0.28,0.16
2023-02-20T11:51:16Z,184.53,2.03,4.56,0.29,0.17
2023-02-20T12:51:16Z,177.05,2.17,4.64,0.24,0.17
2023-02-20T13:51:16Z,163,2.01,2.38,0.4,0.27
2023-02-20T14:51:16Z,177.9,1.98,2.64,0.54,0.31
2023-02-20T15:51:16Z,156.01,1.88,4.42,0.39,0.26
2023-02-20T16:51:16Z,139.08,1.88,2.31,0.38,0.23
2023-02-20T17:51:16Z,152.51,1.89,4.24,0.31,0.21
2023-02-20T18:51:16Z,142.12,1.95,4.75,0.28,0.21
2023-02-20T19:51:16Z,136.81,2.02,4.58,0.3,0.24
2023-02-20T20:51:16Z,154.38,2.2,4.57,0.34,0.22
2023-02-20T21:51:16Z,150.25,1.85,3.54,0.34,0.22
2023-02-20T22:51:16Z,143.64,2.23,4.53,0.27,0.19
2023-02-20T23:51:16Z,139.27,2.17,4.41,0.25,0.17
2023-02-21T00:51:16Z,136.43,1.96,4.29,0.32,0.2
2023-02-21T02:51:16Z,104.23,2.07,4.52,0.29,0.21
2023-02-21T03:51:16Z,127.04,2.31,4.01,0.33,0.2
2023-02-21T04:51:16Z,131.68,2.35,4.39,0.34,0.21
2023-02-21T05:51:16Z,137.79,2.42,4.17,0.32,0.19
2023-02-21T06:51:16Z,116.23,2.59,4.09,0.31,0.19
2023-02-21T07:51:16Z,115.37,2.3,5.36,0.28,0.2
2023-02-21T08:51:16Z,125.35,2.16,4.14,0.31,0.19
2023-02-21T09:51:16Z,143.21,2.68,4.17,0.22,0.17
2023-02-21T10:51:16Z,150.39,2.87,4.49,0.24,0.17
2023-02-21T11:51:16Z,155.92,2.44,4.38,0.28,0.17
2023-02-21T12:51:16Z,145.17,1.99,4.74,0.33,0.23
2023-02-21T14:51:16Z,167.28,2.25,4.55,0.38,0.3
2023-02-21T15:51:16Z,191.72,2.17,4.57,0.47,0.32
2023-02-21T16:51:16Z,174.45,2.33,4.4,0.42,0.29
2023-02-21T17:51:16Z,173.91,2.23,4.48,0.38,0.28
2023-02-21T18:51:16Z,171.27,2.4,4.37,0.34,0.24
2023-02-21T19:51:16Z,161.46,2.32,4.51,0.34,0.24
2023-02-21T20:51:16Z,138.44,2.3,4.79,0.4,0.24
2023-02-21T21:51:16Z,163.06,2.13,4.59,0.37,0.25
2023-02-21T22:51:16Z,157.25,2.25,4.37,0.42,0.23
2023-02-21T23:51:16Z,154.86,2.3,4.43,0.33,0.23
2023-02-22T00:51:16Z,144.35,2.46,4.72,0.29,0.22
2023-02-22T01:51:16Z,170.68,2.3,4.84,0.35,0.21
2023-02-22T02:51:16Z,160.71,2.03,4.61,0.5,0.31
2023-02-22T03:51:16Z,147.77,2.25,2.64,0.45,0.31
2023-02-22T04:51:16Z,136.8,1.87,4.22,0.39,0.25
2023-02-22T05:51:16Z,150.75,2.15,4.34,0.31,0.21
2023-02-22T06:51:16Z,106.93,2.23,4.83,0.55,0.31
2023-02-22T07:51:16Z,137.88,2.04,4.5,0.38,0.24
2023-02-22T08:51:16Z,156.66,2.26,4.73,0.37,0.22
2023-02-22T09:51:16Z,142.49,2.36,4.54,0.35,0.23
2023-02-22T10:51:16Z,143.78,3.04,4.73,0.38,0.25
2023-02-22T11:51:16Z,137.28,2.59,4.13,0.51,0.3
2023-02-22T12:51:16Z,134.04,2.55,4.05,0.4,0.26
2023-02-22T13:51:16Z,138.33,2.14,4.09,0.41,0.27
2023-02-22T14:51:16Z,140.26,2.25,3.46,0.41,0.25
2023-02-22T15:51:16Z,133.63,2.15,3.44,0.33,0.23
2023-02-22T16:51:16Z,139.65,2.32,3.94,0.34,0.26
2023-02-22T17:51:16Z,128.1,2.2,4.82,0.42,0.28
2023-02-22T18:51:16Z,138.83,2.11,3.7,0.36,0.27
2023-02-22T19:51:16Z,139.21,2.14,3.72,0.38,0.28
2023-02-22T20:51:16Z,125.75,2.45,3.85,0.35,0.24
2023-02-22T21:51:16Z,119.1,2.36,3.35,0.44,0.24
2023-02-22T22:51:16Z,126.64,2.31,3.55,0.29,0.22
2023-02-22T23:51:16Z,128.77,2.38,3.39,0.29,0.2
2023-02-23T00:51:16Z,149.73,2,3.37,0.33,0.22
2023-02-23T01:51:16Z,138.68,2.51,3.91,0.3,0.21
2023-02-23T02:51:16Z,130.86,2.36,3.16,0.3,0.22
2023-02-23T03:51:16Z,132.5,2.82,4.43,0.41,0.25
2023-02-23T04:51:16Z,130.71,2.26,3.66,0.26,0.19
2023-02-23T05:51:16Z,162.63,2.26,3.3,0.24,0.17
2023-02-23T06:51:16Z,125.47,2,3.26,0.35,0.22
2023-02-23T07:51:16Z,123.61,2.08,3.25,0.3,0.18
2023-02-23T08:51:16Z,141.6,2.13,3.04,0.24,0.18
2023-02-23T09:51:16Z,126.46,1.95,3.15,0.26,0.16
2023-02-23T10:51:16Z,122.56,2.12,3.18,0.27,0.19
2023-02-23T11:51:16Z,145.14,1.87,4.11,0.25,0.19
2023-02-23T12:51:16Z,158.78,1.71,3.48,0.29,0.18
2023-02-23T13:51:16Z,138.45,1.76,1.62,0.27,0.18
2023-02-23T14:51:16Z,127.39,1.74,2,0.28,0.2
2023-02-23T15:51:16Z,107.27,2.01,4.4,0.42,0.32
2023-02-23T16:51:16Z,127.65,1.93,2.28,0.5,0.33
2023-02-23T17:51:16Z,165,2.19,2.54,0.64,0.42
2023-02-23T18:51:16Z,132.67,2.43,2.99,0.9,0.55
2023-02-23T19:51:16Z,135.98,2.44,2.97,0.75,0.5
2023-02-23T20:51:16Z,122.67,2.53,3.12,0.77,0.61
2023-02-23T21:51:16Z,150.08,2.75,3.39,1.03,0.7
2023-02-23T22:51:16Z,155.13,3.13,4.09,1.23,0.9
2023-02-23T23:51:16Z,155.96,2.87,4.37,1.17,0.79
2023-02-24T00:51:16Z,165.37,3.09,3.73,1.28,0.85
2023-02-24T01:51:16Z,163.05,2.95,3.91,1.02,0.72
2023-02-24T02:51:16Z,160.33,2.8,4.67,0.85,0.62
2023-02-24T03:51:16Z,166.42,3.29,5.08,1,0.62
2023-02-24T04:51:16Z,169.55,3.31,5,0.89,0.63
2023-02-24T05:51:16Z,165.84,3.78,5.03,0.87,0.65
2023-02-24T06:51:16Z,152.94,3.58,5.1,0.87,0.55
2023-02-24T07:51:16Z,148.71,3.18,4.99,0.75,0.52
2023-02-24T08:51:16Z,167.68,3.33,5.12,0.67,0.48
2023-02-24T09:51:16Z,168.68,2.95,5.02,0.7,0.48
2023-02-24T10:51:16Z,168.47,2.71,4.84,0.62,0.46
2023-02-24T11:51:16Z,167.55,2.54,4.94,0.65,0.44
2023-02-24T12:51:16Z,159.63,3.34,4.86,0.64,0.44
2023-02-24T13:51:16Z,154.16,3.26,4.6,0.67,0.38
2023-02-24T14:51:16Z,134.08,2.92,4.68,0.48,0.38
2023-02-24T15:51:16Z,164.24,2.65,4.68,0.55,0.35
2023-02-24T16:51:16Z,142.73,2.76,4.82,0.54,0.36
2023-02-24T19:51:16Z,138.24,2.27,4.73,0.48,0.33
2023-02-24T21:51:16Z,131.91,2.14,4.76,0.45,0.34
2023-02-24T22:51:16Z,123.87,2.15,2.01,0.53,0.36
2023-02-24T23:51:16Z,128.55,2.14,5.27,0.55,0.36
2023-02-25T00:51:16Z,129.54,2.42,5.47,0.53,0.36
2023-02-25T01:51:16Z,122.19,2.63,5.94,0.61,0.4
2023-02-25T02:51:16Z,125.84,2.6,5.71,0.62,0.41
2023-02-25T03:51:16Z,115.42,2.74,5.56,0.75,0.43
2023-02-25T04:51:16Z,115.75,2.59,5.56,0.68,0.4
2023-02-25T05:51:16Z,115.14,2.67,6.08,0.79,0.46
2023-02-25T06:51:16Z,110.61,2.74,6.51,0.72,0.44
2023-02-25T07:51:16Z,113.84,2.95,6.36,0.61,0.44
2023-02-25T08:51:16Z,109.77,2.89,5.71,0.7,0.46
2023-02-25T09:51:16Z,109.81,4.21,6.02,0.76,0.52
2023-02-25T10:51:16Z,113.85,3.55,6.3,0.74,0.47
2023-02-25T11:51:16Z,112.53,3.88,6.05,0.49,0.36
2023-02-25T12:51:16Z,118.09,3.21,5.97,0.61,0.44
2023-02-25T13:51:16Z,107.73,3.38,6.01,0.54,0.39
2023-02-25T14:51:16Z,110.49,2.94,5.85,0.78,0.5
2023-02-25T15:51:16Z,108.1,2.48,5.75,0.74,0.48
2023-02-25T16:51:16Z,103.07,2.4,5.58,0.59,0.43
2023-02-25T17:51:16Z,115.7,2.61,5.65,0.58,0.37
2023-02-25T18:51:16Z,105.78,2.51,5.63,0.54,0.38
2023-02-25T19:51:16Z,102.62,2.63,5.77,0.6,0.41
2023-02-25T21:51:16Z,114.57,2.8,5.54,0.53,0.39
2023-02-25T22:51:16Z,132.41,3.29,5.34,0.58,0.36
2023-02-25T23:51:16Z,146.78,3.17,5.25,0.55,0.38
2023-02-26T00:51:16Z,173.69,2.88,4.01,0.6,0.4
2023-02-26T01:51:16Z,180.7,3.39,4.09,0.58,0.4
2023-02-26T02:51:16Z,168.95,3.42,4.1,0.54,0.43
2023-02-26T04:51:16Z,146.21,3.21,3.9,0.87,0.51
2023-02-26T05:51:16Z,173.52,3.24,3.93,0.79,0.53
2023-02-26T06:51:16Z,160.15,3.38,3.45,0.62,0.47
2023-02-26T07:51:16Z,154.48,3.16,8.04,0.66,0.44
2023-02-26T08:51:16Z,171.08,3.08,8.05,0.74,0.46
2023-02-26T09:51:16Z,163.07,3.56,8.07,0.71,0.53
2023-02-26T10:51:16Z,178.95,3.3,8.09,0.75,0.53
2023-02-26T12:51:16Z,172.05,3.19,7.87,0.77,0.52
2023-02-26T13:51:16Z,178.43,3.44,7.31,0.97,0.64
2023-02-26T14:51:16Z,190.56,3.55,7.76,1.11,0.79
2023-02-26T15:51:16Z,193.8,4.1,7.29,1.16,0.91
2023-02-26T18:51:16Z,181.28,3.57,6.55,1.58,1.08
2023-02-26T19:51:16Z,132.51,3.39,4.3,2.02,1.29
2023-02-26T20:51:16Z,134.6,3.59,4.61,2,1.44
2023-02-26T21:51:16Z,131.68,3.99,5.24,2.4,1.48
2023-02-27T15:40:09Z,107.42,4.91,9.45,1.89,1.26
2023-02-27T16:40:09Z,115.03,5.42,9.97,1.84,1.3
2023-02-27T18:40:09Z,107.6,4.43,9.41,1.8,1.24
2023-02-27T19:40:09Z,111.52,5.17,9.78,1.72,1.19
2023-02-27T20:40:09Z,113.11,5.2,9.63,1.35,1.02
2023-02-27T22:40:09Z,108.63,6.29,10.25,1.71,1.33
2023-02-27T23:40:09Z,114.26,5.46,10.22,1.56,1.22
2023-02-28T00:40:09Z,117.52,7.39,10.06,2.21,1.66
2023-02-28T02:40:09Z,116.9,5.22,9.48,2.25,1.48
2023-02-28T03:40:09Z,120.54,5.42,9.42,2.28,1.63
2023-02-28T04:40:09Z,114.62,5.51,9.45,2.57,1.71
2023-02-28T05:40:09Z,123.76,5.82,9.5,3.19,1.77
2023-02-28T06:40:09Z,115.38,5.72,9.94,3.12,1.98
2023-02-28T07:40:09Z,113.73,5.99,9.47,2.82,2
2023-02-28T08:40:09Z,112.45,7.66,9.39,3.99,2.38
2023-02-28T09:40:09Z,115.3,7.58,9.44,3.45,2.21
2023-02-28T10:40:09Z,116.42,8.29,9.76,4.02,2.47
2023-02-28T11:40:09Z,119.5,7.56,9.5,2.68,2.19
2023-02-28T12:40:09Z,120.53,6.84,9.38,3.03,2.15
2023-02-28T13:40:09Z,121.84,6.83,9.42,2.33,2.02
2023-02-28T14:40:09Z,123.36,6.72,10.03,2.98,1.82
2023-02-28T15:40:09Z,125.19,6.23,9.54,2.57,1.84
2023-02-28T16:40:09Z,125.77,6.78,9.35,2.39,1.8
2023-02-28T18:40:09Z,135.21,5.49,9.28,2.82,1.84
2023-02-28T19:40:09Z,138,5.1,9.36,2.15,1.61
2023-02-28T20:40:09Z,130.28,6.43,9.48,2.59,1.82
2023-02-28T21:40:09Z,134.14,6.38,9.39,3.15,1.75
2023-02-28T22:40:09Z,128.99,5.33,9.45,2.38,1.49
2023-03-01T03:40:09Z,137.23,5.66,9.43,1.71,1.3
2023-03-01T04:40:09Z,133.69,5.92,8.9,1.72,1.28
2023-03-01T05:40:09Z,141.1,4.65,9.3,1.54,1.06
2023-03-01T06:40:09Z,130.85,5.03,9.25,1.53,1.1
2023-03-01T07:40:09Z,128.67,4.94,8.59,1.76,1.09
2023-03-01T08:40:09Z,128.63,4.52,9.26,1.71,1.05
2023-03-01T09:40:09Z,123.48,5.12,9.19,1.43,1
2023-03-01T10:40:09Z,137.56,5.38,9.25,1.49,1.02
2023-03-01T11:40:09Z,120.49,4.9,9.4,1.29,0.94
2023-03-01T12:40:09Z,121.69,5.07,8.82,1.57,1.1
2023-03-01T13:40:09Z,123.22,4.8,9.09,1.4,1
2023-03-02T07:40:09Z,109.42,3.63,7.5,1.36,0.79
2023-03-02T08:40:09Z,106.84,3.8,6.81,1.48,0.87
2023-03-02T09:40:09Z,109.66,3.99,6.68,1.14,0.87
2023-03-02T10:40:09Z,106.47,4.54,6.21,1.53,0.92
2023-03-02T11:40:09Z,105.84,4.75,6.83,1.64,0.95
2023-03-02T12:40:09Z,105.46,4.41,6.41,1.36,0.88
2023-03-02T13:40:09Z,107.29,4.24,6.57,1.41,0.93
2023-03-02T14:40:09Z,105.97,3.79,6.73,1.33,0.94
2023-03-02T15:40:09Z,105.1,3.97,7.16,1.27,0.96
2023-03-02T18:40:09Z,104.57,4.5,6.76,1.08,0.74
2023-03-02T19:40:09Z,108.1,4.25,6.86,1.08,0.77
2023-03-02T21:40:09Z,107.21,4.33,6.96,0.9,0.65
2023-03-02T22:40:09Z,112.78,4.56,7.01,0.99,0.75
2023-03-03T00:40:09Z,110.86,4.86,7.06,0.97,0.71
2023-03-03T01:40:09Z,111.9,5.48,6.94,1.12,0.87
2023-03-03T03:40:09Z,108.77,4.24,6.72,1.29,0.84
2023-03-03T05:40:09Z,106.37,4.09,6.86,1.22,0.73
2023-03-03T06:40:09Z,109.67,4.4,6.73,1.08,0.74
2023-03-03T07:40:09Z,105.87,3.81,7.28,1.13,0.74
2023-03-03T08:42:16Z,113.59,4.11,7.39,1.14,0.81
2023-03-03T09:42:16Z,107.64,4.21,6.99,1.08,0.72
2023-03-03T10:42:16Z,112.22,4.42,7.11,0.98,0.6
2023-03-03T11:42:16Z,118.34,4.42,7.52,1.08,0.62
2023-03-03T12:42:16Z,119.86,3.8,7.39,0.87,0.59
2023-03-03T13:42:16Z,118.41,3.46,6.88,0.9,0.61
2023-03-03T14:42:16Z,114.81,3.74,7.03,0.86,0.57
2023-03-03T15:42:16Z,115.37,3.65,7.46,0.86,0.59
2023-03-03T16:42:16Z,118.12,3.57,7.19,0.92,0.6
2023-03-03T17:42:16Z,115.57,3.61,7.44,0.83,0.63
2023-03-03T18:42:16Z,116.68,3.37,7.21,0.76,0.58
2023-03-03T19:42:16Z,116.23,3.71,7.32,0.81,0.55
2023-03-03T21:42:16Z,116.41,4.08,7.46,1.12,0.66
2023-03-03T23:42:16Z,114.92,4.05,7.31,0.94,0.68
2023-03-04T02:42:16Z,113.4,4.02,7.62,1.09,0.73
2023-03-04T05:42:16Z,112.57,3.67,7.38,1.01,0.75
2023-03-04T06:42:16Z,119.23,3.75,7.47,0.94,0.7
2023-03-04T07:42:16Z,115.12,4.07,7.09,1.1,0.67
2023-03-04T08:42:16Z,116.8,4.03,7.25,0.93,0.69
2023-03-04T09:42:16Z,110.5,4.18,6.88,0.83,0.65
2023-03-04T10:42:16Z,113.09,4.49,6.86,0.82,0.63
2023-03-04T11:42:16Z,109.06,3.85,6.75,0.99,0.66
2023-03-04T12:42:16Z,110.85,3.71,6.83,0.93,0.67
2023-03-04T13:42:16Z,108.95,3.17,6.61,0.83,0.64
2023-03-04T14:42:16Z,115.48,3.32,6.68,1.13,0.68
2023-03-04T15:42:16Z,106.97,3.01,6.77,0.93,0.71
2023-03-04T16:42:16Z,108.62,3.43,6.65,1.12,0.78
2023-03-04T18:42:16Z,153.39,3.39,3.71,1.33,0.85
2023-03-04T19:42:16Z,155.98,3.4,3.85,1.15,0.79
2023-03-04T21:42:16Z,193.18,3.45,4.05,1.11,0.8
2023-03-04T22:42:16Z,184.68,3.84,4.35,1.33,0.74
2023-03-05T00:42:16Z,178.17,3.77,4.19,1.15,0.7
2023-03-05T01:42:16Z,181.22,3.67,4.02,0.98,0.65
2023-03-05T02:42:16Z,164.35,3.51,4.12,1.02,0.59
2023-03-05T03:42:16Z,160.98,3.05,4.08,0.94,0.5
2023-03-05T04:42:16Z,145.3,3.15,3.99,0.69,0.5
2023-03-05T05:42:16Z,133.45,3.23,3.7,0.61,0.46
2023-03-05T06:42:16Z,135.22,3.23,3.69,0.73,0.46
2023-03-05T07:42:16Z,119.77,3.3,5.71,0.6,0.41
2023-03-05T08:42:16Z,120.29,3.37,5.36,0.52,0.37
2023-03-05T09:42:16Z,120.78,3.28,5.44,0.53,0.39
2023-03-05T10:42:16Z,114.68,3.07,5.45,0.51,0.36
2023-03-05T11:42:16Z,126.7,2.47,5.42,0.48,0.38
2023-03-05T12:42:16Z,171.75,2.69,4.91,0.74,0.52
2023-03-05T13:42:16Z,168.87,2.61,2.84,0.88,0.57
2023-03-05T14:42:16Z,181.56,2.88,5.06,0.9,0.62
2023-03-05T15:42:16Z,178.21,2.79,5.03,0.93,0.61
2023-03-05T16:42:16Z,194.04,2.86,3.65,1.2,0.69
2023-03-05T17:42:16Z,189.92,2.71,3.77,0.85,0.64
2023-03-05T18:42:16Z,194.77,2.91,4.17,1.14,0.66
2023-03-05T19:42:16Z,196.39,2.84,3.76,1,0.62
2023-03-05T20:42:16Z,195.07,3.02,4.04,1.06,0.61
2023-03-05T21:42:16Z,195.05,3.07,4,0.91,0.52
2023-03-05T22:42:16Z,179.31,3.08,4.04,0.86,0.52
2023-03-05T23:42:16Z,172.83,3.03,3.84,0.79,0.53
2023-03-06T00:42:16Z,162.14,3.44,3.88,0.86,0.52
2023-03-06T01:42:16Z,155.31,3.06,4.21,0.63,0.45
2023-03-06T02:42:16Z,154.32,3.15,3.99,0.56,0.42
2023-03-06T03:42:16Z,155.07,3.09,4.01,0.67,0.39
2023-03-06T04:42:16Z,171.2,3.25,3.84,0.55,0.4
2023-03-06T05:42:16Z,184.57,4.08,6.04,0.81,0.6
2023-03-06T06:42:16Z,183,4.52,5.84,1.3,0.78
2023-03-06T07:42:16Z,179.94,4.7,5.92,1.88,1.13
2023-03-06T08:42:16Z,176.13,4.95,6.51,1.76,1.21
2023-03-06T09:42:16Z,180.19,5.21,6.59,1.7,1.33
2023-03-06T10:42:16Z,173.92,4.49,6.39,1.54,1.01
2023-03-06T11:42:16Z,177.44,4.11,5.9,1.56,0.89
2023-03-06T12:42:16Z,175.1,4.32,5.71,1.19,0.86
2023-03-06T13:42:16Z,175.11,3.86,5.72,1.09,0.75
2023-03-06T14:42:16Z,171.32,4.28,5.6,1.16,0.8
2023-03-06T15:42:16Z,170.76,3.96,5.35,1.26,0.69
2023-03-06T16:42:16Z,169.42,3.79,5.34,0.94,0.68
2023-03-06T20:42:16Z,152.35,2.95,5.23,0.88,0.51
2023-03-06T21:42:16Z,158.42,3.46,4.77,0.8,0.54
2023-03-06T22:42:16Z,160.43,3.54,4.56,0.7,0.51
2023-03-06T23:42:16Z,156.61,3.27,4.79,0.84,0.49
2023-03-07T02:42:16Z,171.17,3.02,4.49,0.69,0.5
2023-03-07T04:42:16Z,167.3,2.74,4.35,0.64,0.43
2023-03-07T05:42:16Z,163.7,3.24,4.22,0.68,0.46
2023-03-07T06:42:16Z,173.5,3.15,4.18,0.58,0.4
2023-03-07T07:42:16Z,187.95,3.16,4.88,0.68,0.45
2023-03-07T08:42:16Z,181.04,2.88,4.57,0.63,0.46
2023-03-07T09:42:16Z,197.73,3.14,4.75,0.65,0.42
2023-03-07T10:42:16Z,184.44,3.08,4.5,0.6,0.39
2023-03-07T11:42:16Z,186.47,3.45,4.53,0.62,0.4
2023-03-07T12:42:16Z,177.88,3.04,4.66,0.5,0.36
2023-03-07T13:42:16Z,172.04,3.49,5.11,0.57,0.37
2023-03-07T14:42:16Z,167.78,2.97,4.81,0.61,0.39
2023-03-07T15:42:16Z,180.39,2.83,4.81,0.57,0.42
2023-03-07T16:42:16Z,182.11,2.75,4.72,0.81,0.48
2023-03-07T19:42:16Z,186.1,3.33,5.05,0.97,0.66
2023-03-07T20:42:16Z,185.65,3.13,4.98,1.03,0.67
2023-03-07T22:42:16Z,193.55,3.23,4.88,0.93,0.61
2023-03-07T23:42:16Z,191.3,3.32,5.02,0.97,0.57
2023-03-08T00:42:16Z,188.9,3.35,5.12,0.88,0.62
2023-03-08T02:42:16Z,0,0.99,190.53,191.02,0.66
2023-03-08T10:15:20Z,180.49,3.12,5.79,0.77,0.57
2023-03-08T11:15:20Z,179.72,2.96,5.5,0.89,0.59
2023-03-08T12:15:20Z,173.54,3.55,5.57,0.74,0.52
2023-03-08T14:15:20Z,188.02,3.05,5.34,0.69,0.47
2023-03-08T15:15:20Z,182.71,3.49,4.87,0.8,0.5
2023-03-08T16:15:20Z,179.83,3.28,5.04,0.65,0.47
2023-03-08T18:15:20Z,180.55,3.1,5.78,0.86,0.57
2023-03-08T19:15:20Z,185.16,3.32,5.92,1.01,0.58
2023-03-08T20:15:20Z,191.51,3.47,5.35,0.82,0.59
2023-03-08T21:15:20Z,193.44,3.66,5.69,1.08,0.72
2023-03-08T22:15:20Z,186.6,3.46,5.29,0.85,0.64
2023-03-08T23:15:20Z,191.93,4.62,5.59,1,0.74
2023-03-09T00:15:20Z,189.5,4.05,5.43,1.12,0.78
2023-03-09T01:15:20Z,189.92,4.07,5.56,1.34,0.8
2023-03-09T02:15:20Z,186.92,3.94,5.57,1.28,0.86
2023-03-09T03:15:20Z,187.91,4.45,5.62,1.2,0.87
2023-03-09T04:15:20Z,179.76,3.92,5.67,1.2,0.81
2023-03-09T05:15:20Z,179.55,3.63,5.96,1.08,0.71
2023-03-09T06:15:20Z,178.92,4.07,5.58,1.11,0.84
2023-03-09T07:15:20Z,176.82,4.39,5.57,0.88,0.73
2023-03-09T08:15:20Z,184.06,3.81,5.31,1.25,0.68
2023-03-09T09:15:20Z,188.34,3.64,5.51,1.05,0.75
2023-03-09T10:15:20Z,179.44,3.84,5.4,1.26,0.77
2023-03-09T11:15:20Z,182.54,4.26,5.42,0.98,0.71
2023-03-09T12:15:20Z,185.92,3.52,5.63,1.14,0.68
2023-03-09T13:15:20Z,183.65,3.57,5.27,0.73,0.54
2023-03-09T14:15:20Z,188.85,3.67,5.49,0.84,0.64
2023-03-09T15:15:20Z,180.39,2.74,5.35,1.04,0.7
2023-03-09T16:15:20Z,184.43,3.02,3.42,1.35,0.84
2023-03-09T17:15:20Z,189.28,3.29,3.62,1.17,0.79
2023-03-09T18:15:20Z,186.03,3.26,5.41,1.1,0.71
2023-03-09T19:15:20Z,197.32,-999.99,4.97,1.81,1.08
2023-03-09T20:15:20Z,196.73,3.17,5.5,1.3,0.89
2023-03-09T22:15:20Z,188.91,3.22,5.56,1.04,0.68
2023-03-09T23:15:20Z,194.44,3.27,4.36,1.19,0.75
2023-03-10T00:15:20Z,198.95,3.13,4.84,1.15,0.77
2023-03-10T01:15:20Z,202.8,3.13,5.1,0.95,0.68
2023-03-10T03:15:20Z,206.85,3.36,4.57,1.13,0.77
2023-03-10T04:15:20Z,208.96,3.31,4.59,1.21,0.8
2023-03-10T05:15:20Z,200.88,3.37,5.09,1.26,0.88
2023-03-10T06:15:20Z,204.66,3.57,4.87,1.24,0.92
2023-03-10T07:15:20Z,211.46,3.33,3.99,1.34,0.9
2023-03-10T08:15:20Z,210.31,3.71,4.64,1.26,0.98
2023-03-10T09:15:20Z,213.05,3.77,4.93,1.49,1.02
2023-03-10T10:15:20Z,218.23,3.29,4.35,1.47,0.98
2023-03-10T11:15:20Z,212.54,3.33,4.42,1.64,1.08
2023-03-10T12:15:20Z,211.8,3.32,4.69,1.4,1.05
2023-03-10T13:15:20Z,215.04,3.3,4.7,1.58,1.09
2023-03-10T14:15:20Z,217.63,3.08,3.58,1.7,1.05
2023-03-10T15:15:20Z,217.1,3.6,4.5,1.73,1.11
2023-03-10T16:15:20Z,209.37,3.22,5.39,1.51,0.95
2023-03-10T19:15:20Z,200.65,3.36,4.12,1.15,0.76
2023-03-10T20:15:20Z,192.59,3.43,6.26,1.08,0.68
2023-03-10T21:15:20Z,191.65,3.54,5.81,0.96,0.71
2023-03-10T22:15:20Z,194.75,3.53,4.01,1.06,0.72
2023-03-10T23:15:20Z,187.31,3.85,5.73,1.27,0.85
2023-03-11T00:15:20Z,195.22,3.35,4.67,1.09,0.8
2023-03-11T01:15:20Z,195.65,3.59,4.65,1.23,0.86
2023-03-11T02:15:20Z,203.17,3.51,4.83,1.07,0.81
2023-03-11T03:15:20Z,220.14,3.67,4.4,2.13,1.23
2023-03-11T05:15:20Z,226.88,3.38,4.53,1.73,1.15
2023-03-11T06:15:20Z,234.02,3.42,4.82,1.62,1.16
2023-03-11T07:15:20Z,235.87,3.07,3.53,2.44,1.34
2023-03-11T08:15:20Z,247.01,-999.99,4.78,2.79,1.67
2023-03-11T09:15:20Z,243.69,3.61,4.69,2.21,1.34
2023-03-11T10:15:20Z,238.96,3.32,4.14,1.79,1.29
2023-03-11T11:15:20Z,224.41,3.39,4.36,1.34,1.02
2023-03-11T12:15:20Z,230.48,3.44,4.05,1.64,1.18
2023-03-11T13:15:20Z,223.68,3.29,4.37,1.69,1.15
2023-03-11T14:15:20Z,221.22,3.41,5.18,1.61,1.12
2023-03-11T15:15:20Z,225.39,3.19,4.74,1.63,1
2023-03-11T16:15:20Z,210.55,3.31,5.15,1.35,1.02
2023-03-11T17:15:20Z,212.56,3.2,4.85,1.42,0.94
2023-03-11T18:15:20Z,209.53,3.32,5.55,1.64,1.03
2023-03-11T19:15:20Z,205.54,3.18,5.42,1.72,1
2023-03-11T20:15:20Z,203.95,3.18,5.53,1.42,1.03
2023-03-11T21:15:20Z,193.82,3.32,5.7,1.37,1.05
2023-03-11T22:15:20Z,190.29,3.41,5.53,1.36,0.93
2023-03-11T23:15:20Z,185.38,3.69,5.64,1.39,0.94
2023-03-12T00:15:20Z,189.22,3.65,5.03,1.22,0.8
2023-03-12T01:15:20Z,179.67,3.86,5.73,1.4,0.92
2023-03-12T02:15:20Z,186.92,3.64,5.42,1.39,0.83
2023-03-12T03:15:20Z,185.55,3.18,5.29,1.41,0.83
2023-03-12T05:15:20Z,189.4,3.78,5.54,1.05,0.76
2023-03-12T06:15:20Z,188.34,3.21,5.5,1.01,0.7
2023-03-12T07:15:20Z,187.43,3.4,5.29,1.05,0.68
2023-03-12T08:15:20Z,185.88,2.9,4.87,0.8,0.58
2023-03-12T09:15:20Z,167.37,3.19,5.45,0.79,0.59
2023-03-12T10:15:20Z,177.04,2.92,4.9,0.95,0.63
2023-03-12T11:15:20Z,151.86,2.99,3.28,1.23,0.8
2023-03-12T12:15:20Z,139.07,2.86,3.49,0.99,0.72
2023-03-12T13:15:20Z,167.02,3.44,5.48,1.03,0.68
2023-03-12T14:15:20Z,161.9,3.49,5.29,0.81,0.61
2023-03-12T15:15:20Z,158.13,3.6,5.61,0.93,0.57
2023-03-12T16:15:20Z,144.54,3.57,5.4,0.79,0.53
2023-03-12T18:15:20Z,138.41,3.22,5.06,0.84,0.59
2023-03-12T20:15:20Z,141.48,3.85,5.55,0.66,0.49
2023-03-12T21:15:20Z,126.54,3.86,5.29,0.74,0.47
2023-03-12T23:15:20Z,136.2,3.64,5.22,0.6,0.45
2023-03-13T00:15:20Z,127.4,3.89,4.88,0.75,0.45
2023-03-13T01:15:20Z,129.63,3.65,5.17,0.61,0.42
2023-03-13T03:15:20Z,124.22,3.91,4.96,0.66,0.42
2023-03-13T04:15:20Z,144.2,3.93,4.97,0.58,0.38
2023-03-13T05:15:20Z,140.32,3.78,5.05,0.5,0.37
2023-03-13T06:15:20Z,137.3,3.33,4.88,0.59,0.36
2023-03-13T07:15:20Z,131,3.56,5.3,0.56,0.38
2023-03-13T08:15:20Z,142.39,3.33,4.9,0.43,0.3
2023-03-13T09:15:20Z,134.5,3.66,5.37,0.51,0.34
2023-03-13T10:15:20Z,138.08,3.42,7.3,0.51,0.36
2023-03-13T11:15:20Z,139.22,3.28,7.59,0.52,0.37
2023-03-13T12:15:20Z,147.47,2.91,5.06,0.46,0.34
2023-03-13T13:15:20Z,159.78,3.23,4.11,0.7,0.54
2023-03-13T14:15:20Z,157.26,3.16,3.91,0.73,0.53
2023-03-13T15:15:20Z,159.57,3.34,4.13,0.85,0.56
2023-03-13T16:15:20Z,172.34,3.46,4.52,1.3,0.68
2023-03-13T18:15:20Z,171.43,3.89,5.03,1.21,0.83
2023-03-13T19:15:20Z,164.24,4.51,5.35,1.52,1.1
2023-03-13T20:15:20Z,163.72,4.63,5.85,1.92,1.35
2023-03-13T21:15:20Z,168.23,4.21,5.88,1.99,1.25
2023-03-13T22:15:20Z,175.21,4.41,6.11,2.04,1.49
2023-03-13T23:15:20Z,183.03,4.42,6.38,2.42,1.59
2023-03-14T01:15:20Z,181.54,3.71,5.92,1.49,1.08
2023-03-14T02:15:20Z,186.98,4.35,6.18,1.6,1.16
2023-03-14T04:15:20Z,190.39,3.61,5.84,1.8,1.04
2023-03-14T05:15:20Z,200.67,3.26,5.76,1.79,1.15
2023-03-14T06:15:20Z,195.27,3.48,5.78,1.56,0.96
2023-03-14T07:15:20Z,199.47,3.29,5.79,1.44,0.95
2023-03-14T08:15:20Z,209.87,3,5.44,1.45,1.04
2023-03-14T09:15:20Z,205.38,3.05,5.43,1.28,0.96
2023-03-14T10:15:20Z,209.92,3.27,5.59,1.55,0.88
2023-03-14T11:15:20Z,199.07,3.05,5.39,1.12,0.78
2023-03-14T12:15:20Z,194.94,3.1,5.66,1.12,0.7
2023-03-14T13:15:20Z,216.03,3.13,3.94,1.24,0.91
2023-03-14T14:15:20Z,222.55,2.98,3.73,1.33,0.92
2023-03-14T15:15:20Z,229.65,3.03,4.31,2.1,1.08
2023-03-14T16:15:20Z,132.49,6.92,-999.99,3.1,1.13
2023-03-14T22:15:20Z,173.91,3.1,6.47,0.89,0.61
2023-03-15T00:15:20Z,163.44,3.39,6.41,0.77,0.54
2023-03-15T01:15:20Z,149.26,3.65,6.02,0.93,0.54
2023-03-15T04:15:20Z,162.69,3.37,5.31,0.69,0.51
2023-03-15T05:15:20Z,166.7,3.46,5.97,0.75,0.55
2023-03-15T06:15:20Z,159.19,3.16,5.62,0.81,0.54
2023-03-15T07:15:20Z,143.31,3.16,5.77,0.75,0.49
2023-03-15T09:15:20Z,136.81,3,6.5,0.7,0.42
2023-03-15T10:15:20Z,137.97,3.58,6.19,0.68,0.41
2023-03-15T11:15:20Z,149.89,3.98,5.23,0.54,0.41
2023-03-15T12:15:20Z,139.48,3.73,6.09,0.61,0.41
2023-03-15T13:15:20Z,133.99,3.72,6.29,0.67,0.45
2023-03-15T14:15:20Z,125.43,3.5,4.44,0.63,0.44
2023-03-15T15:15:20Z,129.58,4.02,4.64,0.73,0.48
2023-03-15T16:15:20Z,132.58,4.18,4.5,0.63,0.44
2023-03-15T17:15:20Z,131.24,4.29,5.9,0.6,0.43
2023-03-15T18:15:20Z,137.36,3.94,5.53,0.67,0.42
2023-03-15T19:15:20Z,138,3.9,5.83,0.7,0.44
2023-03-15T20:15:20Z,132.34,4.25,5.59,0.55,0.38
2023-03-15T21:15:20Z,138.61,4.25,5.93,0.55,0.42
2023-03-15T22:15:20Z,137.67,3.56,5.64,0.54,0.41
2023-03-16T00:15:20Z,139.64,3.72,5.72,0.54,0.38
2023-03-16T02:15:20Z,134,3.2,5.64,0.5,0.37
2023-03-16T03:15:20Z,131.43,3.18,4.99,0.49,0.37
2023-03-16T05:15:20Z,123.28,3.16,5.21,0.5,0.36
2023-03-16T06:15:20Z,134.34,2.54,5.64,0.43,0.32
2023-03-16T07:15:20Z,133.83,2.81,8.38,0.38,0.3
2023-03-16T08:15:20Z,125.07,3.54,5.23,0.41,0.33
2023-03-16T09:15:20Z,121.75,3.89,8.95,0.44,0.3
2023-03-16T10:15:20Z,137.91,3.93,8.69,0.42,0.29
2023-03-16T11:15:20Z,135.69,4.59,8.46,0.45,0.3
2023-03-16T12:15:20Z,127.67,3.9,8.87,0.36,0.27
2023-03-16T13:15:20Z,132.91,4.41,8.57,0.47,0.31
2023-03-16T14:15:20Z,129.44,4.39,8.6,0.48,0.31
2023-03-16T15:15:20Z,136.84,4.19,8.49,0.44,0.31
2023-03-16T16:15:20Z,135.28,3.92,8.47,0.54,0.31
2023-03-16T17:15:20Z,134.21,3.74,8.21,0.39,0.3
2023-03-17T12:11:36Z,118.56,3.14,5.17,1.21,0.8
2023-03-17T13:11:36Z,122.79,3.16,5.13,1.21,0.85
2023-03-17T14:11:36Z,126.79,3.04,5.41,1.14,0.71
2023-03-17T15:11:36Z,123.98,3.34,4.9,1.03,0.72
2023-03-17T16:11:36Z,124.36,3.03,4.3,1.02,0.74
2023-03-17T17:11:36Z,122.22,3.15,5.23,1.12,0.78
2023-03-17T18:11:36Z,121.61,3.5,5.94,1.01,0.8
2023-03-18T09:33:38Z,120.52,5.85,7.39,1.17,0.83
2023-03-18T10:33:38Z,119.22,5.63,7.32,1.46,0.89
2023-03-18T11:33:38Z,124.62,5.54,7.03,1.34,0.8
2023-03-18T12:33:38Z,121.05,5.43,7.53,1.3,0.79
2023-03-18T13:33:38Z,124.15,4.88,6.88,1.19,0.81
2023-03-18T14:33:38Z,116.03,5,7.38,1.27,0.86
2023-03-18T15:33:38Z,119.46,4.37,7.01,1.07,0.71
2023-03-18T16:33:38Z,115.48,4.86,7.36,1.22,0.85
2023-03-18T17:33:38Z,114.09,4.08,7.31,0.98,0.69
2023-03-18T18:33:38Z,114.2,4.42,7.34,1.15,0.78
2023-03-18T19:33:38Z,117.7,4.08,7.14,1,0.65
2023-03-18T20:33:38Z,112.7,4.8,7.31,1.19,0.73
2023-03-18T21:33:38Z,114.81,4.53,7.54,0.86,0.61
2023-03-18T22:33:38Z,116.43,5.24,7.21,0.9,0.65
2023-03-18T23:33:38Z,120.9,4.73,7.14,0.86,0.58
2023-03-19T00:33:38Z,110.7,4.98,6.81,1,0.63
2023-03-19T02:33:38Z,115.1,4.6,6.84,1.06,0.63
2023-03-19T03:33:38Z,117.48,4.42,6.75,0.77,0.52
2023-03-19T04:33:38Z,114.42,4.87,6.83,0.87,0.62
2023-03-19T05:33:38Z,111.31,4.17,6.62,0.82,0.48
2023-03-19T06:33:38Z,107.72,4.9,6.77,0.74,0.51
2023-03-19T07:33:38Z,111.11,4.48,6.42,0.65,0.47
2023-03-19T08:33:38Z,110.67,4.55,6.35,0.64,0.46
2023-03-19T09:33:38Z,109.32,4.79,6.37,0.74,0.47
2023-03-19T10:33:38Z,108.89,4.89,6.02,0.63,0.46
2023-03-19T11:33:38Z,110.83,4.37,6.32,0.71,0.4
2023-03-19T12:33:38Z,107.27,4.64,6.14,0.55,0.39
2023-03-19T13:33:38Z,111.07,4.21,5.97,0.53,0.38
2023-03-19T14:33:38Z,107.83,4.14,5.91,0.55,0.4
2023-03-19T15:33:38Z,108.33,3.75,5.87,0.6,0.39
2023-03-19T16:33:38Z,112.46,4.2,5.91,0.63,0.42
2023-03-19T17:33:38Z,122.43,3.09,6.02,0.55,0.38
2023-03-19T18:33:38Z,123.75,3.11,5.81,0.61,0.41
2023-03-19T19:33:38Z,125.8,3.11,5.76,0.65,0.42
2023-03-19T20:33:38Z,118.66,3.36,5.53,0.59,0.4
2023-03-19T21:33:38Z,131.14,3.33,5.99,0.4,0.35
2023-03-19T22:33:38Z,130.77,3.03,5.69,0.48,0.35
2023-03-19T23:33:38Z,126.82,2.95,5.86,0.5,0.36
2023-03-20T00:33:38Z,120.57,2.71,5.57,0.45,0.3
2023-03-20T02:33:38Z,114.92,3.09,5.71,0.38,0.26
2023-03-20T03:33:38Z,126.04,3.21,5.23,0.32,0.24
2023-03-20T04:33:38Z,127.05,3.21,5.09,0.33,0.23
2023-03-20T05:33:38Z,136.84,3.25,5.9,0.31,0.21
2023-03-20T06:33:38Z,143.76,2.51,5.07,0.32,0.23
2023-03-20T07:33:38Z,126.42,2.42,5.88,0.33,0.23
2023-03-20T08:33:38Z,131.4,2.77,5.65,0.31,0.21
2023-03-20T09:33:38Z,123.99,2.93,5.24,0.3,0.21
2023-03-20T10:33:38Z,143.63,2.56,5.72,0.28,0.21
2023-03-20T11:33:38Z,138.37,2.18,2.01,0.37,0.24
2023-03-20T12:33:38Z,152.85,2.08,2.42,0.47,0.28
2023-03-20T13:33:38Z,131.28,2.25,2.16,0.39,0.24
2023-03-20T14:33:38Z,130.25,2.28,2.44,0.54,0.28
2023-03-20T15:33:38Z,156.79,2.54,2.75,0.42,0.33
2023-03-20T16:33:38Z,130.4,2.58,2.93,0.59,0.36
2023-03-20T17:33:38Z,131.22,2.71,3.03,0.53,0.36
2023-03-20T18:33:38Z,130.81,2.57,3.08,0.54,0.31
2023-03-20T19:33:38Z,141.51,2.22,2.93,0.46,0.31
2023-03-20T20:33:38Z,127.98,2.38,3.28,0.44,0.33
2023-03-20T22:33:38Z,116.74,2.26,3.21,0.5,0.32
2023-03-20T23:33:38Z,144.68,2.33,3.35,0.38,0.29
2023-03-21T00:33:38Z,128.19,2.37,3.13,0.42,0.27
2023-03-21T01:33:38Z,144.57,2.57,3.33,0.33,0.26
2023-03-21T02:33:38Z,118.9,2.51,3.22,0.36,0.25
2023-03-21T03:33:38Z,109.8,2.45,3.16,0.43,0.27
2023-03-21T04:33:38Z,146.07,2.7,5.57,0.4,0.27
2023-03-21T05:33:38Z,134.28,2.7,3.73,0.3,0.24
2023-03-21T06:33:38Z,165.7,2.89,4.23,0.42,0.28
2023-03-22T10:19:52Z,186.74,2.89,4.23,0.51,0.37
2023-03-22T11:19:52Z,187.36,2.55,4.58,0.59,0.4
2023-03-22T12:19:52Z,198.95,2.62,4.53,0.65,0.44
2023-03-22T13:19:52Z,193.34,2.93,4.67,0.74,0.44
2023-03-22T14:19:52Z,188.98,3.1,4.5,0.62,0.42
2023-03-22T15:19:52Z,202.09,3.23,4.72,0.6,0.44
2023-03-22T16:19:52Z,185.84,2.73,4.6,0.66,0.45
2023-03-22T17:19:52Z,191.95,2.95,4.59,0.68,0.49
2023-03-22T18:19:52Z,193.34,2.89,3.99,0.65,0.47
2023-03-22T19:19:52Z,182.45,2.78,4.22,0.79,0.47
2023-03-22T20:19:52Z,181.43,2.94,4.28,0.88,0.53
2023-03-22T21:19:52Z,180.67,2.99,4.03,0.95,0.57
2023-03-22T22:19:52Z,168.79,2.95,4.29,0.83,0.55
2023-03-22T23:19:52Z,178.5,2.87,4.05,0.83,0.54
2023-03-23T00:19:52Z,176.19,2.98,4.27,0.81,0.52
2023-03-23T01:19:52Z,170.91,2.91,3.91,0.59,0.45
2023-03-23T02:19:52Z,170.31,3.11,4.08,0.66,0.42
2023-03-23T03:19:52Z,168.04,2.8,3.93,0.72,0.44
2023-03-23T04:19:52Z,168.14,3.08,3.92,0.59,0.41
2023-03-23T05:19:52Z,167.03,3.04,3.76,0.59,0.4
2023-03-23T06:19:52Z,168.14,3.08,4.11,0.61,0.41
2023-03-23T07:19:52Z,164.86,3.29,4.63,0.71,0.46
2023-03-23T08:19:52Z,175.31,3.54,4.58,0.75,0.52
2023-03-23T09:19:52Z,182.42,4.12,4.79,0.97,0.61
2023-03-23T10:19:52Z,185.65,3.83,4.74,0.95,0.65
2023-03-23T11:19:52Z,189.54,3.62,4.63,0.98,0.64
2023-03-23T12:19:52Z,190.81,4.2,5.02,1.28,0.71
2023-03-23T13:19:52Z,186.61,3.47,5.05,0.99,0.67
2023-03-23T14:19:52Z,184.12,3.59,4.95,1,0.69
2023-03-23T15:19:52Z,185.28,3.29,4.81,0.88,0.68
2023-03-23T16:19:52Z,183.47,3.5,4.82,1.04,0.67
2023-03-23T17:19:52Z,179.27,3.35,4.91,1.11,0.7
2023-03-23T18:19:52Z,174.98,3.54,5.04,0.92,0.59
2023-03-23T19:19:52Z,168.42,3.22,4.78,0.77,0.53
2023-03-23T20:19:52Z,168.02,3.98,4.9,0.82,0.55
2023-03-23T21:19:52Z,161.48,3.48,4.64,0.94,0.54
2023-03-23T22:19:52Z,166.56,3.68,4.69,0.74,0.53
2023-03-23T23:19:52Z,169.9,3.59,4.72,0.89,0.57
2023-03-24T00:19:52Z,166.65,4.1,4.84,0.86,0.61
2023-03-24T01:19:52Z,165.01,4.43,4.85,1.07,0.76
2023-03-24T02:19:52Z,166.69,4.44,5.33,1.14,0.74
2023-03-24T03:19:52Z,164.81,4.18,5.2,1.13,0.73
2023-03-24T04:19:52Z,177.36,4.13,5.36,1.34,0.84
2023-03-24T05:19:52Z,175.08,4.74,5.39,1.43,0.93
2023-03-24T06:19:52Z,178.42,4.19,5.7,1.35,0.9
2023-03-24T07:19:52Z,174.77,4.45,5.67,1.68,1.07
2023-03-24T08:19:52Z,172.27,4.43,5.47,1.24,0.89
2023-03-24T09:19:52Z,171.63,4.17,5.45,1.12,0.86
2023-03-24T10:19:52Z,174.92,4.13,5.32,1.49,0.89
2023-03-24T11:19:52Z,176.14,4.32,5.16,1.15,0.84
2023-03-24T12:19:52Z,171.91,3.64,5.22,1.17,0.84
2023-03-24T13:19:52Z,177.52,3.45,5.12,1.08,0.77
2023-03-24T14:19:52Z,180.73,3.53,5.34,1.25,0.77
2023-03-24T15:19:52Z,172.81,3.35,5.19,0.98,0.71
2023-03-24T16:19:52Z,174.38,3.26,5.12,0.94,0.63
2023-03-24T17:19:52Z,177.42,3.47,4.97,1,0.64
2023-03-24T18:19:52Z,180.65,3.44,4.87,0.96,0.66
2023-03-24T19:19:52Z,181.76,2.98,4.88,1.03,0.7
2023-03-24T20:19:52Z,170.56,2.98,4.68,1.18,0.7
2023-03-24T21:19:52Z,170.74,2.76,4.42,0.94,0.57
2023-03-24T22:19:52Z,169.21,2.7,4.41,0.71,0.5
2023-03-24T23:19:52Z,177.72,2.87,4.38,0.66,0.45
2023-03-25T00:19:52Z,174.12,2.84,4.45,0.58,0.4
2023-03-25T01:19:52Z,162.72,3.11,4.23,0.59,0.41
2023-03-25T02:19:52Z,160.56,3.05,4.29,0.51,0.36
2023-03-25T03:19:52Z,148.98,3.11,4.25,0.56,0.33
2023-03-25T04:19:52Z,145.01,3.15,4.16,0.55,0.36
2023-03-25T05:19:52Z,137.54,3.02,4.21,0.53,0.35
2023-03-25T06:19:52Z,149.61,2.85,4.38,0.52,0.33
2023-03-25T07:19:52Z,136.43,2.84,4.22,0.53,0.35
2023-03-25T08:19:52Z,150.85,2.79,4.1,0.54,0.37
2023-03-25T09:19:52Z,147.26,3.08,3.98,0.71,0.42
2023-03-25T10:19:52Z,121.46,3.35,4.39,0.75,0.45
2023-03-25T11:19:52Z,119.94,3.5,4.16,0.85,0.51
2023-03-25T12:19:52Z,121.08,3.4,4.37,0.79,0.52
2023-03-25T13:19:52Z,121.01,3.06,4.15,0.72,0.49
2023-03-25T14:19:52Z,128.82,3.2,4.19,0.82,0.49
2023-03-25T15:19:52Z,130.06,3.21,4.12,0.66,0.44
2023-03-25T16:19:52Z,134.51,3.24,4.42,0.55,0.41
2023-03-25T17:19:52Z,139.59,3.32,4.43,0.65,0.42
2023-03-25T18:19:52Z,138.33,3.06,4.31,0.62,0.43
2023-03-25T19:19:52Z,137.36,3.42,4,0.67,0.4
2023-03-25T20:19:52Z,143.29,3.34,4.02,0.68,0.39
2023-03-25T21:19:52Z,141.86,3.32,4.17,0.57,0.35
2023-03-25T22:19:52Z,127.32,3.3,4.1,0.48,0.34
2023-03-25T23:19:52Z,128.04,2.74,4.32,0.47,0.36
2023-03-26T00:19:52Z,140.1,2.69,3.94,0.45,0.33
2023-03-26T01:19:52Z,149.16,2.72,4.18,0.48,0.31
2023-03-26T02:19:52Z,156.25,2.54,4.27,0.47,0.29
2023-03-26T03:19:52Z,153.7,2.46,2.84,0.54,0.36
2023-03-26T04:19:52Z,156.51,2.4,2.71,0.71,0.4
2023-03-26T05:19:52Z,166.43,2.68,4.49,0.73,0.48
2023-03-26T06:19:52Z,171.51,2.78,4.44,0.63,0.44
2023-03-26T07:19:52Z,170.44,2.89,4.19,0.69,0.48
2023-03-26T08:19:52Z,164.94,2.74,4.31,0.84,0.5
2023-03-26T09:19:52Z,169.72,2.95,4.07,0.64,0.46
2023-03-26T10:19:52Z,172.41,2.85,4.24,0.64,0.43
2023-03-26T11:19:52Z,178.63,2.87,3.47,0.79,0.56
2023-03-26T12:19:52Z,208.97,2.86,3.86,1.06,0.71
2023-03-26T13:19:52Z,225.21,2.99,4,1.01,0.73
2023-03-26T14:19:52Z,241.27,2.87,3.86,0.97,0.74
2023-03-26T15:19:52Z,240.57,2.82,3.57,1.22,0.78
2023-03-26T16:19:52Z,238.37,2.86,3.84,1.01,0.73
2023-03-26T17:19:52Z,246.83,3.02,3.87,1.15,0.75
2023-03-26T18:19:52Z,243.1,2.72,4.09,1.01,0.64
2023-03-26T19:19:52Z,245.88,2.95,4.12,1.06,0.7
2023-03-26T20:19:52Z,245.17,3.01,3.75,1.07,0.67
2023-03-26T21:19:52Z,222.54,2.8,4.01,1.02,0.76
2023-03-26T22:19:52Z,199.85,3.18,4.22,1.34,0.86
2023-03-26T23:19:52Z,149.5,2.95,3.93,1.03,0.72
2023-03-27T00:19:52Z,337.14,6.04,-999.99,2.41,1.55
2023-03-27T01:19:52Z,232.3,3.18,4.41,1.8,1.03
2023-03-27T02:19:52Z,233.36,3.21,4.73,1.22,0.93
2023-03-27T03:19:52Z,236.09,3.21,4.42,1.36,0.75
2023-03-27T04:19:52Z,233.9,2.82,4.26,1.02,0.68
2023-03-27T05:19:52Z,240.5,2.89,4.41,0.83,0.61
2023-03-27T06:19:52Z,227.69,2.77,4.29,0.9,0.56
2023-03-27T07:19:52Z,226.75,2.81,3.49,0.98,0.6
2023-03-27T08:19:52Z,0,0.92,225.96,246.23,0.54
2023-03-27T10:57:00Z,195.48,2.74,4.73,0.53,0.39
2023-03-27T11:57:00Z,198.29,3,3.85,0.61,0.43
2023-03-27T12:57:00Z,186.62,3.03,4.68,0.6,0.43
2023-03-27T13:57:00Z,137.28,3.59,6.03,0.79,0.54
2023-03-27T14:57:00Z,143.96,3.44,6.25,0.76,0.55
2023-03-27T15:57:00Z,141.42,3.28,6.49,1.04,0.59
2023-03-27T16:57:00Z,127.1,3.34,6.68,1,0.63
2023-03-27T17:57:00Z,132.49,2.8,5.99,0.89,0.59
2023-03-27T18:57:00Z,111.4,3.24,6.45,0.89,0.66
2023-03-27T19:57:00Z,119.27,3.42,6.36,1,0.68
2023-03-27T20:57:00Z,105.28,3.51,6.6,1.06,0.68
2023-03-27T21:57:00Z,114.97,3.54,6.3,0.93,0.7
2023-03-27T22:57:00Z,116.34,3.81,6.16,1.13,0.77
2023-03-27T23:57:00Z,111.35,3.46,5.89,1.11,0.73
2023-03-28T00:57:00Z,110.66,3.6,6.31,1.15,0.87
2023-03-28T01:57:00Z,107.4,3.31,6.13,1.17,0.81
2023-03-28T02:57:00Z,113.71,3.29,4.12,1.06,0.78
2023-03-28T03:57:00Z,114.3,3.27,3.84,0.96,0.75
2023-03-28T04:57:00Z,115.4,3.21,3.94,1.06,0.74
2023-03-28T05:57:00Z,113.38,3.17,5.22,1.03,0.73
2023-03-28T06:57:00Z,116.24,3.11,4.07,1.11,0.75
2023-03-28T07:57:00Z,103.44,3.77,3.99,1.23,0.91
2023-03-28T08:57:00Z,93.34,4.51,7.92,1.62,1.06
2023-03-28T09:57:00Z,92.74,3.96,4.69,1.25,0.89
2023-03-28T10:57:00Z,89.19,4,6.36,1.27,0.87
2023-03-28T11:57:00Z,90,3.69,6.29,1.31,0.81
2023-03-28T12:57:00Z,94.6,3.58,6.58,1.09,0.72
2023-03-28T13:57:00Z,94.45,3.34,5.15,0.87,0.65
2023-03-28T14:57:00Z,97.07,3.43,5.86,0.83,0.59
2023-03-28T15:57:00Z,100.33,3.54,5.82,0.87,0.55
2023-03-28T16:57:00Z,104.6,3.38,5.94,0.79,0.5
2023-03-28T17:57:00Z,104.83,3.45,5.69,0.75,0.54
2023-03-28T18:57:00Z,112.03,3.54,6.61,0.73,0.51
2023-03-28T19:57:00Z,118.94,3.72,7.63,0.85,0.53
2023-03-28T20:57:00Z,124.76,3.86,6.85,0.81,0.49
2023-03-28T21:57:00Z,118.28,4.19,7.5,0.68,0.48
2023-03-28T22:57:00Z,117.31,4.14,7.93,0.63,0.44
2023-03-28T23:57:00Z,118.8,4.11,7.99,0.64,0.45
2023-03-29T00:57:00Z,117.41,3.91,7.04,0.7,0.44
2023-03-29T01:57:00Z,127.21,4.1,7.86,0.54,0.42
2023-03-29T02:57:00Z,132.05,3.68,7.75,0.64,0.4
2023-03-29T03:57:00Z,140.62,3.49,7.62,0.53,0.41
2023-03-29T04:57:00Z,129.46,3.52,7.58,0.56,0.38
2023-03-29T05:57:00Z,134.87,3.42,7.6,0.59,0.38
2023-03-29T06:57:00Z,136.64,3.42,7.83,0.57,0.4
2023-03-29T07:57:00Z,153.05,3.37,3.7,0.61,0.43
2023-03-29T08:57:00Z,158.91,3.31,3.9,0.79,0.53
2023-03-29T09:57:00Z,167.41,3.03,4.3,1.07,0.6
2023-03-29T10:57:00Z,167.51,3.24,4.2,0.82,0.6
2023-03-29T11:57:00Z,163.96,3.2,4.32,0.79,0.56
2023-03-29T12:57:00Z,175.43,3.38,4.21,0.8,0.59
2023-03-29T13:57:00Z,177.12,3.11,4.39,0.9,0.62
2023-03-29T14:57:00Z,183.44,3.28,4.5,0.97,0.64
2023-03-29T15:57:00Z,177.53,3.14,4.45,1.07,0.64
2023-03-29T16:57:00Z,188.93,3.16,4.58,0.98,0.61
2023-03-29T17:57:00Z,187.19,3.29,4.43,0.97,0.59
2023-03-29T18:57:00Z,179.36,3.42,4.6,0.76,0.57
2023-03-29T19:57:00Z,190.58,3.16,4.39,0.68,0.53
2023-03-29T20:57:00Z,181.94,3.13,4.48,0.83,0.56
2023-03-29T21:57:00Z,183.75,3.32,4.58,0.77,0.47
2023-03-29T22:57:00Z,174.06,3.35,4.43,0.8,0.47
2023-03-29T23:57:00Z,171.13,3.46,4.6,0.71,0.49
2023-03-30T00:57:00Z,180.52,3.14,5.54,0.71,0.45
2023-03-30T01:57:00Z,176.69,3.65,4.52,0.84,0.5
2023-03-30T02:57:00Z,180.04,3.65,4.93,0.78,0.56
2023-03-30T03:57:00Z,187.68,3.69,4.52,0.96,1.02
2023-03-30T04:57:00Z,178.8,3.83,4.67,0.94,0.56
2023-03-30T05:57:00Z,175.41,4.15,4.73,0.63,0.55
2023-03-30T06:57:00Z,167.97,3.84,4.72,0.88,0.62
2023-03-30T07:57:00Z,166.99,3.62,4.57,0.76,0.58
2023-03-30T08:57:00Z,168.73,3.29,4.93,0.78,0.53
2023-03-30T09:57:00Z,169.49,3.14,4.72,0.89,0.52
2023-03-30T10:57:00Z,172.05,3.61,4.81,0.96,0.6
2023-03-30T11:57:00Z,170.57,3.36,4.34,0.73,0.52
2023-03-30T12:57:00Z,173.08,3.12,4.95,0.69,0.49
2023-03-30T13:57:00Z,177.08,3.34,4.75,0.72,0.52
2023-03-30T14:57:00Z,166.93,3.37,4.67,0.67,0.46
2023-03-30T15:57:00Z,179.43,3,4.53,0.68,0.45
2023-03-30T16:57:00Z,165.88,2.91,4.37,0.67,0.44
2023-03-30T17:57:00Z,167.55,3.02,4.41,0.73,0.49
2023-03-30T18:57:00Z,158.45,3.11,4.46,0.7,0.48
2023-03-30T19:57:00Z,150,3.16,4.32,0.65,0.45
2023-03-30T20:57:00Z,142.86,3.01,4.07,0.6,0.42
2023-03-30T21:57:00Z,131.52,3.21,4.14,0.68,0.44
2023-03-30T22:57:00Z,135.3,3.13,4.26,0.59,0.41
2023-03-30T23:57:00Z,139.61,3.43,3.83,0.56,0.36
2023-03-31T00:57:00Z,124.23,3.6,4.14,0.56,0.36
2023-03-31T01:57:00Z,122.04,2.72,3.77,0.47,0.3
2023-03-31T02:57:00Z,121.2,2.54,4.28,0.59,0.33
2023-03-31T03:57:00Z,147.06,2.51,3.86,0.82,0.43
2023-03-31T04:57:00Z,169.15,2.7,4.85,0.64,0.46
2023-03-31T05:57:00Z,173.13,2.82,4.99,0.84,0.54
2023-03-31T06:57:00Z,179.77,2.65,5.19,0.88,0.54
2023-03-31T07:57:00Z,184.23,2.95,5.1,0.83,0.54
2023-03-31T08:57:00Z,178.59,2.96,5.26,0.78,0.54
2023-03-31T09:57:00Z,170.84,2.69,4.64,0.64,0.46
2023-03-31T10:57:00Z,177.93,3.01,5.1,0.85,0.51
2023-03-31T11:57:00Z,196.89,3.08,4.93,0.88,0.57
2023-03-31T12:57:00Z,202.11,3,3.54,0.89,0.66
2023-03-31T13:57:00Z,201.69,3.18,3.81,1.31,0.73
2023-03-31T14:57:00Z,209.82,3.29,3.96,1.31,0.83
2023-03-31T15:57:00Z,210.93,3.31,4.16,1.31,0.76
2023-03-31T16:57:00Z,199.73,3.29,3.78,1.19,0.74
2023-03-31T17:57:00Z,195.55,3.02,3.74,0.99,0.67
2023-03-31T18:57:00Z,178.76,3.05,3.41,0.88,0.64
2023-03-31T19:57:00Z,190.72,3.05,5.09,1.12,0.69
2023-03-31T20:57:00Z,169.15,3.01,5.2,1.05,0.79
2023-03-31T21:57:00Z,161.9,2.92,3.33,1.19,0.79
2023-03-31T22:57:00Z,181.94,2.95,5.23,0.88,0.61
2023-03-31T23:57:00Z,178.36,3.06,4.96,0.72,0.48
2023-04-01T00:57:00Z,147.26,3.29,3.72,0.76,0.5
2023-04-01T01:57:00Z,123.72,3.35,4.5,1.12,0.63
2023-04-01T02:57:00Z,117.87,3.86,4.37,1.14,0.64
2023-04-01T03:57:00Z,112.25,3.66,4.59,1.12,0.65
2023-04-01T04:57:00Z,120.57,3.95,4.59,0.76,0.6
2023-04-01T05:57:00Z,135.09,3.39,4.42,1.11,0.63
2023-04-01T06:57:00Z,158.86,3.33,4.51,0.96,0.72
2023-04-01T07:57:00Z,167.29,3.04,4.48,1.08,0.73
2023-04-01T08:57:00Z,168.85,3.64,4.57,1.22,0.78
2023-04-01T09:57:00Z,165.75,3.53,5,1,0.67
2023-04-01T10:57:00Z,194.95,3.3,4.47,1.08,0.63
2023-04-01T11:57:00Z,184.17,3.06,4.41,0.99,0.64
2023-04-01T12:57:00Z,206.72,3.13,3.6,1.12,0.79
2023-04-01T13:57:00Z,211.45,3.09,4.29,1.23,0.79
2023-04-01T14:57:00Z,215.08,3.1,4.31,1.23,0.82
2023-04-01T15:57:00Z,223.97,3.27,4.43,1.5,0.99
2023-04-01T16:57:00Z,229.42,3.29,4.55,1.36,0.96
2023-04-01T17:57:00Z,224.15,3.4,4.52,1.4,0.93
2023-04-01T18:57:00Z,227.68,3.07,4.24,1.59,0.98
2023-04-01T19:57:00Z,238.99,3.25,4.15,1.75,1
2023-04-01T20:57:00Z,233.97,3.17,4.03,1.19,0.86
2023-04-01T21:57:00Z,215.3,2.88,3.87,0.93,0.62
2023-04-01T22:57:00Z,163.26,3.15,4.13,1.24,0.82
2023-04-01T23:57:00Z,213.52,3.18,4.7,1.37,0.83
2023-04-02T00:57:00Z,199.88,3.58,4.65,1.32,0.85
2023-04-02T01:57:00Z,182.5,3.66,4.54,1.16,0.81
2023-04-02T02:57:00Z,207.38,3.22,4.31,1.03,0.72
2023-04-02T03:57:00Z,190.67,3.39,4.33,1.09,0.76
2023-04-02T04:57:00Z,236.95,3.18,4.17,1.14,0.8
2023-04-02T05:57:00Z,244.29,3.14,4.15,1.18,0.81
2023-04-02T06:57:00Z,216.66,3.05,4.98,1.05,0.7
2023-04-02T07:57:00Z,220.08,3.22,3.95,1.09,0.67
2023-04-02T08:57:00Z,240,3.39,4.42,1.39,0.93
2023-04-02T09:57:00Z,238.42,3.46,4.54,1.1,0.79
2023-04-02T10:57:00Z,228.19,2.95,4.19,1.17,0.68
2023-04-02T11:57:00Z,220.79,3.29,4.11,1.16,0.75
2023-04-02T12:57:00Z,216.98,3.45,4.26,1.34,0.87
2023-04-02T13:57:00Z,202.08,3.28,4.2,1.21,0.81
2023-04-02T14:57:00Z,213.9,3.31,4,1.34,0.94
2023-04-02T15:57:00Z,226.13,3.97,4.49,1.82,1.22
2023-04-02T16:57:00Z,221.19,3.84,4.51,1.61,1.12
2023-04-02T17:57:00Z,219.44,3.7,4.8,1.44,1.05
2023-04-02T18:57:00Z,215.58,3.8,4.84,1.74,1.02
2023-04-02T19:57:00Z,201.31,3.76,4.91,1.63,1.08
2023-04-02T20:57:00Z,203.4,4.21,5.5,1.51,1.08
2023-04-02T21:57:00Z,193.1,4.13,4.89,1.35,1.01
2023-04-02T22:57:00Z,158.85,3.86,4.32,1.36,0.86
2023-04-02T23:57:00Z,133.69,3.89,4.69,1.48,0.86
2023-04-03T00:57:00Z,130.44,3.52,4.54,1.18,0.77
2023-04-03T01:57:00Z,132.84,3.58,6.39,0.99,0.73
2023-04-03T02:57:00Z,130.35,3.71,7.33,1.15,0.81
2023-04-03T04:57:00Z,127.61,4.18,7.54,1.13,0.73
2023-04-03T05:57:00Z,144.66,3.78,4.76,0.95,0.7
2023-04-03T06:57:00Z,145.33,3.86,7.8,0.92,0.69
2023-04-03T07:57:00Z,145.97,3.9,4.42,0.96,0.68
2023-04-03T08:57:00Z,149.98,4.11,4.92,0.92,0.68
2023-04-03T09:57:00Z,138.77,4.23,7.82,1.03,0.75
2023-04-03T10:57:00Z,149.77,4.23,8.07,1.13,0.8
2023-04-03T11:57:00Z,130.74,4.32,7.96,1.13,0.82
2023-04-03T12:57:00Z,121.74,4.1,7.71,1.06,0.74
2023-04-03T13:57:00Z,119.69,4.13,8.07,1.08,0.76
2023-04-03T14:57:00Z,118.16,3.79,7.66,1.17,0.76
2023-04-03T15:57:00Z,122.83,3.4,7.7,1.09,0.8
2023-04-03T16:57:00Z,118.96,3.58,7.1,1.04,0.74
2023-04-03T17:57:00Z,119.52,3.34,7.14,1.15,0.7
2023-04-03T18:57:00Z,126.41,3.5,7.53,0.94,0.71
2023-04-03T19:57:00Z,127.8,3.69,7.21,0.99,0.74
2023-04-03T20:57:00Z,131.27,4.35,7.38,1.03,0.75
2023-04-03T21:57:00Z,143.87,3.93,7.38,1.1,0.73
2023-04-03T22:57:00Z,143.09,3.76,3.85,1.11,0.7
2023-04-03T23:57:00Z,159.12,3.54,3.95,1.13,0.68
2023-04-04T00:57:00Z,161.91,3.72,4.14,1.06,0.74
2023-04-04T01:57:00Z,164.25,3.42,4,1.05,0.69
2023-04-04T02:57:00Z,160.95,3.94,3.99,1.04,0.7
2023-04-04T03:57:00Z,157.79,3.89,6.15,0.76,0.54
2023-04-04T04:57:00Z,147.31,3.68,7.37,0.71,0.53
2023-04-04T05:57:00Z,154.56,3.47,3.88,0.81,0.53
2023-04-04T06:57:00Z,147.74,3.58,3.94,0.73,0.51
2023-04-04T07:57:00Z,144.83,3.46,4.63,0.64,0.48
2023-04-04T08:57:00Z,150.16,3.82,3.84,0.81,0.48
2023-04-04T09:57:00Z,131.49,3.3,4.77,0.66,0.47
2023-04-04T10:57:00Z,129.57,2.78,7.11,0.88,0.6
2023-04-04T11:57:00Z,119.8,2.82,6.7,0.84,0.57
2023-04-04T12:57:00Z,116.57,2.94,6.76,1.01,0.67
2023-04-04T13:57:00Z,105.48,3.05,3.29,0.92,0.71
2023-04-04T14:57:00Z,89.36,3.42,6.32,1.13,0.81
2023-04-04T15:57:00Z,95.42,3.47,6.06,1.29,0.84
2023-04-04T16:57:00Z,93.4,3.56,5.94,1.24,0.81
2023-04-04T17:57:00Z,92.14,3.54,4.74,1.39,0.82
2023-04-04T18:57:00Z,93.73,3.79,5.65,0.96,0.71
2023-04-04T19:57:00Z,94.9,3.67,5.55,1.29,0.77
2023-04-04T20:57:00Z,105.14,3.79,4.98,1.05,0.69
2023-04-04T21:57:00Z,107.17,3.77,5.03,1.03,0.67
2023-04-04T22:57:00Z,115.01,4.11,7.82,1.13,0.69
2023-04-04T23:57:00Z,112.64,4.01,7.55,0.83,0.63
2023-04-05T00:57:00Z,117.83,4.31,7.59,0.98,0.59
2023-04-05T01:57:00Z,107.79,3.72,6.65,0.74,0.53
2023-04-05T02:57:00Z,113.94,3.64,7.47,0.62,0.5
2023-04-05T03:57:00Z,120.83,4.19,6.81,0.75,0.55
2023-04-05T04:57:00Z,116.54,3.77,6.8,0.68,0.49
2023-04-05T05:57:00Z,120.45,3.37,7.27,0.83,0.55
2023-04-05T06:57:00Z,125.14,3.29,7.03,0.67,0.47
2023-04-05T07:57:00Z,121.31,4.08,7.13,0.61,0.45
2023-04-05T08:57:00Z,120.11,4.13,6.57,0.62,0.39
2023-04-05T09:57:00Z,119.09,4.46,6.58,0.62,0.45
2023-04-05T10:57:00Z,122.84,3.51,7.03,0.65,0.45
2023-04-05T11:57:00Z,116.72,3.23,6.95,0.7,0.45
2023-04-05T12:57:00Z,121.46,3.01,6.4,0.85,0.59
2023-04-05T13:57:00Z,135.55,3.08,3.43,1.28,0.69
2023-04-05T14:57:00Z,148.95,2.86,3.39,1.12,0.64
2023-04-05T15:57:00Z,165.01,3.03,3.62,0.96,0.61
2023-04-05T16:57:00Z,189.38,3.02,3.8,0.93,0.67
2023-04-05T17:57:00Z,177.17,3.29,3.74,0.88,0.64
2023-04-05T18:57:00Z,189.79,3.47,3.79,1.14,0.66
2023-04-05T19:57:00Z,177.81,3.41,3.93,1.05,0.64
2023-04-05T20:57:00Z,182.78,3.21,3.97,0.92,0.64
2023-04-05T21:57:00Z,182.12,3.3,4.02,1,0.67
2023-04-05T22:57:00Z,178,3.33,3.99,0.78,0.54
2023-04-05T23:57:00Z,176.42,3.55,4.14,0.85,0.56
2023-04-06T00:57:00Z,174.02,3.2,4.11,0.67,0.52
2023-04-06T01:57:00Z,168.39,3.3,4.02,0.72,0.53
2023-04-06T02:57:00Z,167.28,3.39,3.91,0.74,0.97
2023-04-06T03:57:00Z,175.49,3.44,3.91,0.89,0.55
2023-04-06T04:57:00Z,169,3.02,3.59,0.65,0.42
2023-04-06T05:57:00Z,170.05,3.15,3.62,0.71,0.42
2023-04-06T06:57:00Z,165.82,3.08,3.58,0.6,0.38
2023-04-06T07:57:00Z,162.68,3.42,3.86,0.58,0.37
2023-04-06T08:57:00Z,188.25,3.29,3.9,0.59,0.39
2023-04-06T09:57:00Z,184.99,3.43,3.77,0.65,0.43
2023-04-06T10:57:00Z,199.12,3.37,4.24,0.75,0.45
2023-04-06T11:57:00Z,191.94,3.29,4.83,1.06,0.61
2023-04-06T12:57:00Z,194.31,3.1,4.84,0.65,0.52
2023-04-06T13:57:00Z,199.4,2.98,4.73,0.71,0.52
2023-04-06T14:57:00Z,201.75,2.87,4.58,0.74,0.5
2023-04-06T15:57:00Z,200.12,2.8,4.52,0.76,0.5
2023-04-06T16:57:00Z,183.01,2.8,4.21,0.74,0.45
2023-04-06T17:57:00Z,191.6,2.81,4.65,0.67,0.46
2023-04-06T18:57:00Z,189.23,2.87,4.23,0.68,0.46
2023-04-06T19:57:00Z,166.24,3.27,4.25,0.68,0.43
2023-04-06T20:57:00Z,178.21,3.27,4.45,0.71,0.42
2023-04-06T21:57:00Z,181.94,3.16,4.37,0.53,0.4
2023-04-06T22:57:00Z,167.57,3.35,4.83,0.55,0.38
2023-04-06T23:57:00Z,171.64,3.01,4.74,0.5,0.33
2023-04-07T00:57:00Z,183.66,2.97,4.59,0.54,0.34
2023-04-07T01:57:00Z,182.23,2.99,4.72,0.51,0.91
2023-04-07T02:57:00Z,179.78,2.92,4.95,0.47,0.32
2023-04-07T03:57:00Z,172.95,3.28,5.02,0.47,0.33
2023-04-07T04:57:00Z,174.37,2.99,5.14,0.44,0.3
2023-04-07T05:57:00Z,176.26,3.08,5.47,0.39,0.28
2023-04-07T06:57:00Z,173.01,2.8,5.1,0.46,0.28
2023-04-07T07:57:00Z,177.88,3.73,5.08,0.45,0.29
2023-04-07T08:57:00Z,170.35,3.31,5.29,0.39,0.28
2023-04-07T09:57:00Z,177.63,2.6,5.27,0.46,0.27
2023-04-07T10:57:00Z,185.62,2.67,5.36,0.43,0.3
2023-04-07T11:57:00Z,181.83,2.29,5.25,0.47,0.36
2023-04-07T12:57:00Z,193.86,2.44,2.67,0.63,0.47
2023-04-07T13:57:00Z,181.63,2.62,3.06,0.83,0.52
2023-04-07T14:57:00Z,193.3,2.54,3.44,0.79,0.55
2023-04-07T15:57:00Z,202.36,3.02,3.85,0.88,0.67
2023-04-07T16:57:00Z,207.26,3.07,4.04,1.05,0.73
2023-04-07T17:57:00Z,209.21,3,4.09,1.04,0.7
2023-04-07T18:57:00Z,202.98,3.06,4.02,1,0.67
2023-04-07T19:57:00Z,204.1,3.23,3.9,1.06,0.63
2023-04-07T20:57:00Z,203.72,2.85,4.14,0.9,0.6
2023-04-07T21:57:00Z,204.91,3.29,4.26,0.93,0.66
2023-04-07T22:57:00Z,202.77,3.59,4.23,0.9,0.64
2023-04-07T23:57:00Z,205.43,3.62,4.5,1.14,0.7
2023-04-08T00:57:00Z,202.79,3.29,4.25,0.84,0.57
2023-04-08T01:57:00Z,204.89,3.49,4.04,0.98,0.61
2023-04-08T02:57:00Z,199.28,3.03,4.33,0.79,0.52
2023-04-08T03:57:00Z,189.21,3.1,4.29,0.77,0.57
2023-04-08T04:57:00Z,197.89,3.29,4.21,0.92,0.54
2023-04-08T05:57:00Z,185.41,3.27,4.52,0.66,0.54
2023-04-08T06:57:00Z,188.79,3.51,4.36,1.04,0.7
2023-04-08T07:57:00Z,191.85,3.83,5.24,1.12,0.86
2023-04-08T08:57:00Z,196.03,3.05,5.35,1.33,0.77
2023-04-08T09:57:00Z,196.02,3.54,5.7,1.51,0.94
2023-04-08T10:57:00Z,169.29,3.56,5.96,1.99,1.08
2023-04-08T11:57:00Z,151.19,3.47,5.76,1.6,1.12
2023-04-08T12:57:00Z,145.27,3.77,5.22,1.65,1.08
2023-04-08T13:57:00Z,146.08,3.54,5.63,1.57,1
2023-04-08T14:57:00Z,128.89,3.2,4.7,1.45,0.88
2023-04-08T15:57:00Z,118.99,3.72,5.24,1.44,0.9
2023-04-08T16:57:00Z,108.73,3.7,5.28,1.32,0.84
2023-04-08T17:57:00Z,127.88,3.78,5.05,1.1,0.8
2023-04-08T18:57:00Z,108.68,3.58,5.25,1.18,0.74
2023-04-08T19:57:00Z,127.84,3.76,5.07,1.15,0.73
2023-04-08T20:57:00Z,128.37,3.73,5.06,0.87,0.61
2023-04-08T21:57:00Z,118.45,3.74,4.97,0.86,0.58
2023-04-08T22:57:00Z,126.55,3.7,4.86,0.82,0.55
2023-04-08T23:57:00Z,114.61,3.52,4.94,0.74,0.51
2023-04-09T00:57:00Z,107.9,3.25,5.07,0.74,0.46
2023-04-09T01:57:00Z,127.52,3.53,4.95,0.56,0.44
2023-04-09T02:57:00Z,117.88,3.66,4.93,0.51,0.39
2023-04-09T03:57:00Z,132.18,2.68,4.64,0.42,0.31
2023-04-09T04:57:00Z,123.05,2.57,4.51,0.56,0.32
2023-04-09T05:57:00Z,129.86,2.51,4.31,0.45,0.28
2023-04-09T06:57:00Z,134.3,3.37,4.84,0.36,0.27
2023-04-09T07:57:00Z,139.76,3.29,5.85,0.39,0.26
2023-04-09T08:57:00Z,136.45,3.64,4.25,0.37,0.27
2023-04-09T09:57:00Z,137.9,2.83,4.13,0.45,0.27
2023-04-09T10:57:00Z,129.44,2.77,5.77,0.34,0.24
2023-04-09T11:57:00Z,138.2,2.16,5.6,0.36,0.26
2023-04-09T12:57:00Z,129.22,2.29,5.59,0.39,0.27
2023-04-09T13:57:00Z,120.77,2.18,5.58,0.35,0.28
2023-04-09T14:57:00Z,128.12,2.23,2.27,0.41,0.3
2023-04-09T15:57:00Z,131.47,2.25,2.37,0.5,0.3
2023-04-09T16:57:00Z,125,2.43,2.5,0.47,0.29
2023-04-09T17:57:00Z,125.55,2.59,2.63,0.46,0.27
2023-04-09T18:57:00Z,137.24,2.49,2.56,0.33,0.28
2023-04-09T19:57:00Z,133.37,2.7,2.5,0.4,0.27
2023-04-09T20:57:00Z,119.85,2.73,5.17,0.33,0.24
2023-04-09T21:57:00Z,129.98,2.94,2.62,0.29,0.21
2023-04-09T22:57:00Z,120.4,2.9,5.51,0.26,0.2
2023-04-09T23:57:00Z,122.16,2.94,5.66,0.31,0.19
2023-04-10T00:57:00Z,118.42,2.9,5.68,0.33,0.2
2023-04-10T02:57:00Z,121.76,2.94,5.24,0.31,0.21
2023-04-10T03:57:00Z,127.97,2.86,5.48,0.27,0.17
2023-04-10T04:57:00Z,132.8,2.91,5.05,0.23,0.16
2023-04-10T05:57:00Z,140.83,2.93,5.19,0.33,0.19
2023-04-10T06:57:00Z,138.67,2.7,5,0.34,0.21
2023-04-10T07:57:00Z,132.49,3.11,4.51,0.32,0.21
2023-04-10T08:57:00Z,140.6,3.12,3.67,0.38,0.26
2023-04-10T09:57:00Z,153.81,2.96,3.72,0.39,0.22
2023-04-10T10:57:00Z,141.19,2.31,3.62,0.29,0.21
2023-04-10T11:57:00Z,161.55,2.17,3.99,0.31,0.22
2023-04-10T12:57:00Z,178.07,2.59,3.88,0.34,0.23
2023-04-10T13:57:00Z,203.97,2.82,4.53,0.32,0.23
2023-04-10T14:57:00Z,199.93,3.08,4.39,0.42,0.28
2023-04-10T15:57:00Z,215.2,3.09,4.33,0.39,0.26
2023-04-10T16:57:00Z,198.31,3.1,4.15,0.41,0.28
2023-04-10T17:57:00Z,206.19,3.03,4.05,0.39,0.28
2023-04-10T18:57:00Z,195.36,2.73,4.16,0.38,0.22
2023-04-10T19:57:00Z,199.16,2.9,3.99,0.4,0.28
2023-04-10T20:57:00Z,193.38,2.97,3.93,0.35,0.24
2023-04-10T21:57:00Z,195.48,3.28,3.71,0.38,0.23
2023-04-10T22:57:00Z,172.97,3.12,3.64,0.35,0.23
2023-04-10T23:57:00Z,183.08,2.76,3.65,0.28,0.18
2023-04-11T00:57:00Z,171.92,2.5,3.53,0.29,0.19
2023-04-11T01:57:00Z,161.16,2.84,3.48,0.35,0.2
2023-04-11T02:57:00Z,171.67,2.94,3.53,0.26,0.16
2023-04-11T03:57:00Z,312.27,2.28,4.04,0.43,0.23
2023-04-11T04:57:00Z,155,2.45,3.43,0.22,0.15
2023-04-11T05:57:00Z,163.94,2.5,3.55,0.22,0.15
2023-04-11T06:57:00Z,138.57,2.37,3.16,0.26,0.16
2023-04-11T07:57:00Z,180.45,2.67,3.38,0.2,0.13
2023-04-11T08:57:00Z,151.86,3,3.4,0.18,0.12
2023-04-11T09:57:00Z,187.03,2.08,3.41,0.23,0.14
2023-04-11T10:57:00Z,188.97,1.9,3.44,0.25,0.18
2023-04-11T11:57:00Z,165.49,1.89,1.63,0.36,0.22
2023-04-11T12:57:00Z,179.19,1.95,2.23,0.42,0.31
2023-04-11T13:57:00Z,137.81,2.18,2.79,0.68,0.42
2023-04-11T14:57:00Z,170.13,2.2,2.7,0.61,0.38
2023-04-11T15:57:00Z,202.82,2.35,3.05,0.56,0.39
2023-04-11T16:57:00Z,180.22,2.46,3.16,0.6,0.37
2023-04-11T17:57:00Z,190.72,2.52,3.21,0.63,0.4
2023-04-11T18:57:00Z,205.27,2.77,3.56,0.67,0.47
2023-04-11T19:57:00Z,180.35,2.52,3.58,0.66,0.46
2023-04-11T20:57:00Z,173.09,2.61,3.53,0.56,0.4
2023-04-11T21:57:00Z,170.52,2.16,3.41,0.5,0.35
2023-04-11T22:57:00Z,173.94,2.6,3.34,0.47,0.33
2023-04-11T23:57:00Z,155.37,2.39,3.3,0.52,0.3
2023-04-12T00:57:00Z,181.94,2.67,3.33,0.44,0.25
2023-04-12T01:57:00Z,171.14,2.67,3.18,0.34,0.25
2023-04-12T02:57:00Z,184.32,2.48,3.04,0.44,0.24
2023-04-12T03:57:00Z,160.94,2.72,3.22,0.45,0.28
2023-04-12T04:57:00Z,162.13,3.31,3.88,0.56,0.36
2023-04-12T05:57:00Z,161.98,3.28,3.94,0.66,0.45
2023-04-12T06:57:00Z,173.53,3.04,3.92,0.67,0.44
2023-04-12T07:57:00Z,173.93,3.39,4.48,0.92,0.53
2023-04-12T08:57:00Z,170.26,3.41,4.31,0.52,0.39
2023-04-12T09:57:00Z,177.87,3.11,4.22,0.65,0.46
2023-04-12T10:57:00Z,172.78,2.78,4.31,0.68,0.48
2023-04-12T11:57:00Z,182.54,2.61,4.37,0.64,0.46
2023-04-12T12:57:00Z,187.7,2.85,4.54,0.9,0.5
2023-04-12T13:57:00Z,189.79,2.93,3.34,0.88,0.57
2023-04-12T14:57:00Z,201.74,2.91,4.03,1.05,0.69
2023-04-12T15:57:00Z,207.84,3.17,4.04,1.16,0.77
2023-04-12T16:57:00Z,205.29,3.21,4.15,0.99,0.7
2023-04-12T17:57:00Z,201.45,3.01,4.04,0.87,0.61
2023-04-12T18:57:00Z,194.39,3.28,4.21,0.89,0.53
2023-04-12T19:57:00Z,174.15,2.58,3.83,0.8,0.49
2023-04-12T20:57:00Z,183.59,2.59,4.06,0.76,0.51
2023-04-12T21:57:00Z,174.4,2.67,2.79,0.91,0.58
2023-04-12T22:57:00Z,170.51,2.64,3.1,0.72,0.54
2023-04-12T23:57:00Z,125.45,2.77,3.61,1.05,0.69
2023-04-13T00:57:00Z,120.44,3.19,4.24,1.22,0.75
2023-04-13T01:57:00Z,113.6,3.54,4.29,1.17,0.84
2023-04-13T02:57:00Z,111.14,3.76,5.1,1.89,1.08
2023-04-13T03:57:00Z,119.57,4.36,5.13,1.62,1.02
2023-04-13T04:57:00Z,134.98,3.45,5.29,1.55,0.94
2023-04-13T05:57:00Z,128.4,3.64,6.17,1.4,0.86
2023-04-13T06:57:00Z,187.49,3.22,3.84,1.44,0.91
2023-04-13T07:57:00Z,160.74,3.3,5.81,1.38,0.83
2023-04-13T08:57:00Z,165.45,3.53,5.59,0.99,0.75
2023-04-13T09:57:00Z,156.6,3.31,5.1,1,0.76
2023-04-13T10:57:00Z,151.65,3.7,6.17,1.32,0.83
2023-04-13T11:57:00Z,165.64,3.24,7.4,1.22,0.85
2023-04-13T12:57:00Z,202.98,3.31,4.18,1.25,0.87
2023-04-13T13:57:00Z,213.22,3.24,4.14,1.21,0.9
2023-04-13T14:57:00Z,224.68,3.44,4.37,1.46,1.07
2023-04-13T15:57:00Z,236.46,3.13,4.38,1.6,1.13
2023-04-13T16:57:00Z,239.11,3.44,4.32,1.83,1.13
2023-04-13T17:57:00Z,243.46,3.54,4.42,1.97,1.19
2023-04-13T18:57:00Z,244.59,3.33,4.61,1.82,1.1
2023-04-13T19:57:00Z,239.52,3.25,4.04,1.63,1.06
2023-04-13T20:57:00Z,233.14,3.05,3.94,1.32,0.83
2023-04-13T21:57:00Z,203.84,2.87,3.34,1.06,0.7
2023-04-13T22:57:00Z,196.78,2.92,3.32,0.86,0.63
2023-04-13T23:57:00Z,176.9,3.27,6.41,0.94,0.59
2023-04-14T00:57:00Z,200.1,3.23,4.14,0.95,0.7
2023-04-14T01:57:00Z,221.9,3.72,4.51,1.57,0.91
2023-04-14T02:57:00Z,214.11,3.69,4.57,1.2,0.86
2023-04-14T03:57:00Z,219.43,3.92,4.96,1.41,0.96
2023-04-14T08:34:14Z,219.26,3.3,4.33,1.03,0.82
2023-04-14T09:34:14Z,217.73,3.32,4.25,1.07,0.78
2023-04-14T10:34:14Z,217.57,3.22,4.06,1.02,0.67
2023-04-14T11:34:14Z,206.32,3.01,3.91,0.89,0.62
2023-04-14T12:34:14Z,203.2,2.87,3.8,0.98,0.65
2023-04-14T13:34:14Z,198.64,2.96,3.96,1.02,0.72
2023-04-14T14:34:14Z,219.41,3.52,4.45,1.81,1.2
2023-04-14T15:34:14Z,216.07,3.68,4.63,1.85,1.17
2023-04-14T16:34:14Z,219.16,3.52,4.79,1.81,1.13
2023-04-17T08:28:08Z,163.3,3.87,4.17,0.81,0.48
2023-04-17T09:28:08Z,138.07,3.39,8.23,0.82,0.46
2023-04-17T10:28:08Z,137.28,3.04,7.69,0.75,0.45
2023-04-17T11:28:08Z,119.95,3.19,6.93,0.64,0.46
2023-04-17T12:28:08Z,130.97,3.19,6.96,0.69,0.45
2023-04-17T13:28:08Z,117.84,3.11,6.8,0.6,0.44
2023-04-17T14:28:08Z,109.32,3.89,6.62,0.86,0.62
2023-04-17T15:28:08Z,109.79,3.32,5.67,0.86,0.68
2023-04-17T16:28:08Z,104.47,3.51,6.06,1,0.69
2023-04-17T17:28:08Z,114.2,3.35,4.58,1.36,0.69
2023-04-17T18:28:08Z,119.99,3.45,3.92,0.98,0.73
2023-04-17T19:28:08Z,120.43,3.48,4.12,0.93,0.69
2023-04-17T20:28:08Z,131.21,3.21,4.69,1.05,0.65
2023-04-17T21:28:08Z,128.58,3.48,3.95,0.78,0.61
2023-04-17T22:28:08Z,129.69,3.4,7.8,0.88,0.58
2023-04-17T23:28:08Z,132.09,3.39,3.79,0.83,0.56
2023-04-18T00:28:08Z,135.83,3.36,4.3,0.76,0.57
2023-04-18T02:28:08Z,134.8,3.33,4.73,0.81,0.49
2023-04-18T03:28:08Z,137.97,3.41,4.67,0.69,0.51
2023-04-18T04:28:08Z,141.1,3.41,7.24,0.69,0.44
2023-04-18T05:28:08Z,143.34,3.51,4.34,0.68,0.45
2023-04-18T06:28:08Z,146.17,3.27,4.57,0.53,0.4
2023-04-18T07:28:08Z,140.34,3.21,3.83,0.64,0.39
2023-04-18T09:28:08Z,156.23,3.67,4.08,0.66,0.39
2023-04-18T10:28:08Z,160.9,4.25,4.49,0.59,0.37
2023-04-18T11:28:08Z,167.57,3.74,4.22,0.46,0.35
2023-04-18T12:28:08Z,150.03,3.04,7.22,0.57,0.36
2023-04-18T13:28:08Z,162.21,3.09,4.52,0.44,0.33
2023-04-18T14:28:08Z,164.25,2.84,4.54,0.42,0.33
2023-04-18T15:28:08Z,156.71,2.76,4.14,0.45,0.32
2023-04-18T16:28:08Z,162.61,3.01,3.83,0.47,0.34
2023-04-18T17:28:08Z,161.44,2.89,5.92,0.4,0.31
2023-04-18T18:28:08Z,147.07,2.93,6.4,0.48,0.33
2023-04-18T19:28:08Z,153.16,3.28,4.09,0.43,0.31
2023-04-18T20:28:08Z,156.49,2.91,4.17,0.44,0.32
2023-04-18T21:28:08Z,140.71,2.62,4.73,0.41,0.27
2023-04-18T22:28:08Z,162.09,2.87,4.18,0.44,0.3
2023-04-18T23:28:08Z,164.79,2.74,3.55,0.41,0.28
2023-04-19T00:28:08Z,158.86,2.67,3.43,0.41,0.29
2023-04-19T02:28:08Z,152.05,2.64,4.75,0.5,0.29
2023-04-19T03:28:08Z,179.91,2.49,3.74,0.4,0.28
2023-04-19T04:28:08Z,167.44,2.58,3.71,0.38,0.29
2023-04-19T05:28:08Z,157.76,2.43,3.73,0.47,0.33
2023-04-19T06:28:08Z,167.56,2.52,4.16,0.41,0.29
2023-04-19T07:28:08Z,163.64,2.79,3.63,0.36,0.26
2023-04-19T08:28:08Z,149.59,2.95,4.61,0.39,0.24
2023-04-19T09:28:08Z,140.95,3.09,4.63,0.29,0.22
2023-04-19T10:28:08Z,161.05,2.95,3.66,0.31,0.22
2023-04-19T11:28:08Z,147.89,2.87,4.69,0.32,0.2
2023-04-19T12:28:08Z,142.73,2.48,4.97,0.3,0.21
2023-04-19T13:28:08Z,118.85,2.57,4.07,0.35,0.24
2023-04-19T15:28:08Z,171.9,2.57,4.29,0.28,0.2
2023-04-19T16:28:08Z,156.18,2.38,4.55,0.29,0.21
2023-04-19T17:28:08Z,156.69,2.35,3.98,0.31,0.21
2023-04-19T18:28:08Z,149.48,2.59,5.67,0.29,0.22
2023-04-19T19:28:08Z,145.41,2.77,4.97,0.27,0.2
2023-04-19T20:28:08Z,163.52,2.94,4.55,0.38,0.23
2023-04-19T21:28:08Z,170.17,3.21,4,0.36,0.22
2023-04-19T22:28:08Z,161.61,2.82,3.99,0.29,0.18
2023-04-19T23:28:08Z,161.97,2.64,4.75,0.26,0.19
2023-04-20T00:28:08Z,180.4,2.37,3.89,0.3,0.2
2023-04-20T01:28:08Z,178.28,2.45,4.85,0.24,0.18
2023-04-20T02:28:08Z,189.66,2.99,4.18,0.22,0.16
2023-04-20T03:28:08Z,179.58,3.07,4.75,0.23,0.15
2023-04-20T04:28:08Z,169.68,2.54,4.22,0.25,0.17
2023-04-20T05:28:08Z,152.11,2.92,3.5,0.35,0.2
2023-04-20T06:28:08Z,168.77,2.96,6.09,0.23,0.17
2023-04-20T07:28:08Z,154.56,2.43,5.34,0.23,0.16
2023-04-20T08:28:08Z,162.48,2.24,6.19,0.29,0.18
2023-04-20T09:28:08Z,164.52,2.12,5,0.29,0.21
2023-04-20T10:28:08Z,174.31,2.13,1.78,0.34,0.25
2023-04-20T11:28:08Z,160.92,2.1,2.09,0.47,0.3
2023-04-20T12:28:08Z,151.41,2.13,2.14,0.46,0.31
2023-04-20T13:28:08Z,171.06,2.11,2.51,0.54,0.4
2023-04-20T14:28:08Z,139.35,2.39,2.81,0.66,0.44
2023-04-20T15:28:08Z,172.26,2.32,2.97,0.6,0.41
2023-04-20T16:28:08Z,170.12,2.53,3.11,0.68,0.41
2023-04-20T17:28:08Z,175.8,2.72,3.74,0.73,0.46
2023-04-20T18:28:08Z,177.43,3.15,3.72,0.81,0.48
2023-04-20T19:28:08Z,181.82,2.74,4.14,0.88,0.52
2023-04-20T20:28:08Z,179.33,3.2,4.15,0.94,0.63
2023-04-20T21:28:08Z,169.7,3.63,4.6,1.15,0.7
2023-04-20T22:28:08Z,168.01,3.87,4.61,1.13,0.72
2023-04-20T23:28:08Z,169.33,3.78,4.81,1.11,0.69
2023-04-21T00:28:08Z,166.79,3.54,4.84,0.91,0.64
2023-04-21T01:28:08Z,176.56,3.47,5.05,1.1,0.65
2023-04-21T02:28:08Z,182.63,3.42,5.63,1.04,0.71
2023-04-21T03:28:08Z,182.15,4.21,5.56,1.72,0.92
2023-04-21T04:28:08Z,182.79,4.22,5.64,1.43,0.97
2023-04-21T05:28:08Z,182.76,4.03,5.99,1.98,1.02
2023-04-21T06:28:08Z,184.84,4.42,5.74,1.6,0.96
2023-04-21T07:28:08Z,183.52,3.7,5.89,1.28,0.87
2023-04-21T08:28:08Z,178.39,4.42,6.25,1.57,0.98
2023-04-21T09:28:08Z,178.4,4.28,5.96,1.41,1.05
2023-04-21T10:28:08Z,178.8,4.92,5.96,1.6,1
2023-04-21T11:28:08Z,181.14,4.43,5.99,1.48,1.02
2023-04-21T12:28:08Z,181.39,4.8,5.76,1.53,1.03
2023-04-21T13:28:08Z,179.49,4.46,5.81,1.23,0.94
2023-04-21T14:28:08Z,181.72,4.59,5.7,1.43,1.09
2023-04-21T15:28:08Z,183.1,4.65,5.79,1.96,1.07
2023-04-21T16:28:08Z,179.09,4.23,5.96,1.61,1.06
2023-04-21T17:28:08Z,172.84,4.52,5.67,2.28,1.21
2023-04-21T18:28:08Z,176.01,4.23,5.77,1.9,1.12
2023-04-21T19:28:08Z,173.09,4.19,5.76,1.56,1
2023-04-21T20:28:08Z,169.93,6.21,-999.99,3.39,1.36
2023-04-21T21:28:08Z,170.93,3.54,5.61,1.38,0.92
2023-04-21T22:28:08Z,162.8,3.79,5.3,1.39,0.86
2023-04-21T23:28:08Z,165.97,4.54,5.58,1.48,0.9
2023-04-22T00:28:08Z,169.09,4.3,5.57,1.38,0.88
2023-04-22T01:28:08Z,168.59,4.05,5.44,1.15,0.82
2023-04-22T02:28:08Z,167.25,4.22,5.62,1.29,0.83
2023-04-22T03:28:08Z,169.82,4.43,5.48,1.59,0.92
2023-04-22T04:28:08Z,170.4,4.66,5.55,1.56,0.99
2023-04-22T05:28:08Z,162.81,4.44,5.43,1.3,0.96
2023-04-22T06:28:08Z,165.13,4,5.4,1.39,0.94
2023-04-22T07:28:08Z,160.8,3.91,5.59,1.61,1
2023-04-22T08:28:08Z,160.75,4.15,5.33,1.59,1
2023-04-22T09:28:08Z,151.14,4.16,5.25,1.52,0.91
2023-04-22T10:28:08Z,153.22,3.84,5.07,1.42,0.91
2023-04-22T11:28:08Z,163.6,3.86,5.18,1.35,0.86
2023-04-22T12:28:08Z,161.65,4.05,5.14,1.08,0.8
2023-04-22T13:28:08Z,155.74,4.09,4.99,1.17,0.68
2023-04-22T14:28:08Z,159.63,3.8,4.92,0.74,0.58
2023-04-22T15:28:08Z,163.16,3.72,4.79,0.79,0.54
2023-04-22T16:28:08Z,154.26,3.41,4.68,0.69,0.55
2023-04-22T17:28:08Z,148.61,3.42,4.69,0.97,0.51
2023-04-22T18:28:08Z,149.75,3.27,4.73,0.8,0.52
2023-04-22T19:28:08Z,143.44,2.97,4.43,0.64,0.48
2023-04-22T20:28:08Z,145.4,3.35,4.51,0.67,0.49
2023-04-22T21:28:08Z,155.95,3.5,4.2,0.77,0.46
2023-04-22T22:28:08Z,149.38,3.81,4.45,0.77,0.46
2023-04-22T23:28:08Z,135.95,3.47,4.58,0.82,0.47
2023-04-23T00:28:08Z,137.29,3.36,4.33,0.69,0.5
2023-04-23T01:28:08Z,135.26,3.7,5.1,0.75,0.51
2023-04-23T02:28:08Z,126.46,3.29,5.35,0.58,0.44
2023-04-23T03:28:08Z,122.24,3.27,6.18,0.62,0.46
2023-04-23T04:28:08Z,123.16,3.57,5.91,0.73,0.5
2023-04-23T05:28:08Z,122.55,4.14,6.01,0.87,0.53
2023-04-23T06:28:08Z,114.38,3.58,6,0.66,0.47
2023-04-23T07:28:08Z,115.28,4.09,6.23,0.64,0.47
2023-04-23T08:28:08Z,114.89,3.98,6.03,0.71,0.48
2023-04-23T09:28:08Z,119.43,4.28,6.02,0.82,0.51
2023-04-23T10:28:08Z,108.53,3.02,5.92,0.68,0.43
2023-04-23T11:28:08Z,117.97,2.76,5.75,0.66,0.47
2023-04-23T12:28:08Z,113.87,2.74,6.01,0.9,0.52
2023-04-23T13:28:08Z,112.72,2.61,5.89,0.73,0.54
2023-04-23T14:28:08Z,118.93,2.72,5.93,0.76,0.56
2023-04-23T15:28:08Z,126.52,2.67,3.02,0.84,0.64
2023-04-23T16:28:08Z,167.89,3.05,3.64,1.05,0.71
2023-04-23T17:28:08Z,179.16,3.27,3.92,1.14,0.69
2023-04-23T18:28:08Z,194.72,3.3,4.07,1,0.69
2023-04-23T19:28:08Z,186.14,3.49,4.06,0.84,0.57
2023-04-23T20:28:08Z,187.71,3.81,4.28,0.8,0.62
2023-04-23T21:28:08Z,189.6,2.83,3.14,1.18,0.76
2023-04-23T22:28:08Z,140.91,2.95,3.53,1.21,0.77
2023-04-23T23:28:08Z,133.82,2.96,3.62,1.27,0.78
2023-04-24T00:28:08Z,111.81,3.07,3.71,1.34,0.76
2023-04-24T01:28:08Z,108.74,3.21,3.92,1.23,0.73
2023-04-24T02:28:08Z,97.81,3.35,3.99,0.9,0.66
2023-04-24T03:28:08Z,107.76,3.63,3.91,0.82,0.54
2023-04-24T04:28:08Z,104.21,3.1,3.96,0.79,0.53
2023-04-24T05:28:08Z,110.7,3.1,3.89,0.69,0.46
2023-04-24T07:28:08Z,118.27,3.3,5.81,0.51,0.39
2023-04-24T08:28:08Z,125.22,3.52,5.34,0.49,0.37
2023-04-24T09:28:08Z,115.85,3.14,5.33,0.6,0.36
2023-04-24T10:28:08Z,127.76,2.92,4.81,0.56,0.36
2023-04-24T11:28:08Z,143.62,3.06,5.09,0.63,0.39
2023-04-24T12:28:08Z,178.96,2.82,4.94,0.63,0.38
2023-04-24T13:28:08Z,172.98,2.89,4.84,0.67,0.45
2023-04-24T14:28:08Z,174.88,2.94,4.65,0.67,0.47
2023-04-24T15:28:08Z,165.85,2.88,4.31,0.66,0.46
2023-04-24T16:28:08Z,177.72,2.72,4.39,0.65,0.46
2023-04-24T17:28:08Z,176.09,2.93,3.13,0.65,0.46
2023-04-24T18:28:08Z,188.99,2.88,3.55,0.59,0.43
2023-04-24T19:28:08Z,180.19,2.69,3.72,0.6,0.42
2023-04-25T06:20:20Z,162.09,2.99,3.56,0.49,0.32
2023-04-25T07:20:20Z,136.01,2.94,3.44,0.49,0.31
2023-04-25T08:20:20Z,117.68,2.9,3.33,0.38,0.26
2023-04-25T09:20:20Z,127.1,2.98,3.36,0.35,0.22
2023-04-25T10:20:20Z,122.54,2.77,3.84,0.28,0.22
2023-04-25T11:20:20Z,143.48,2.69,3.24,0.43,0.23
2023-04-25T12:20:20Z,111.66,2.74,3.51,0.37,0.26
2023-04-25T13:20:20Z,141.53,2.61,3.44,0.38,0.24
2023-04-25T14:20:20Z,147.52,2.21,2.01,0.53,0.37
2023-04-25T15:20:20Z,159.14,2.45,2.8,0.86,0.56
2023-04-25T16:20:20Z,177.44,2.63,2.98,0.79,0.59
2023-04-25T17:20:20Z,162.39,2.64,3.12,0.93,0.67
2023-04-25T18:20:20Z,149.05,2.9,3.66,1.34,0.78
2023-04-25T19:20:20Z,168.1,2.88,3.43,0.96,0.67
2023-04-25T20:20:20Z,172.17,2.72,3.23,0.88,0.62
2023-04-25T21:20:20Z,175.58,2.65,2.96,0.83,0.58
2023-04-25T22:20:20Z,178.68,2.78,3.28,0.8,0.53
2023-04-25T23:20:20Z,177.07,2.71,3.98,0.74,0.5
2023-04-26T00:20:20Z,175.56,2.79,3.9,0.84,0.45
2023-04-26T01:20:20Z,159.05,2.87,3.79,0.62,0.39
2023-04-26T02:20:20Z,146.59,2.71,3.68,0.49,0.34
2023-04-26T03:20:20Z,151.24,2.7,3.68,0.44,0.3
2023-04-26T04:20:20Z,132.98,2.43,3.69,0.47,0.31
2023-04-26T05:20:20Z,144.01,2.63,3.56,0.4,0.25
2023-04-26T06:20:20Z,122.7,2.79,3.35,0.41,0.23
2023-04-26T07:20:20Z,150.39,2.64,3.33,0.27,0.21
2023-04-26T08:20:20Z,116.66,2.84,3.23,0.36,0.24
2023-04-26T09:20:20Z,140.47,3.43,3.71,0.47,0.28
2023-04-26T10:20:20Z,129.93,3.78,4.25,0.53,0.4
2023-04-26T11:20:20Z,137.06,3.49,4.52,0.75,0.46
2023-04-26T12:20:20Z,131.21,3.22,4.19,0.82,0.48
2023-04-26T13:20:20Z,132.08,3.11,4.27,0.7,0.48
2023-04-26T14:20:20Z,138.97,2.99,4.07,0.62,0.44
2023-04-26T15:20:20Z,141.42,3.16,4.15,0.53,0.42
2023-04-26T16:20:20Z,143.89,3.12,3.91,0.69,0.4
2023-04-26T17:20:20Z,134.58,3,3.7,0.51,0.33
2023-04-26T18:20:20Z,149.3,3.11,3.77,0.55,0.41
2023-04-26T19:20:20Z,141.16,3.25,3.87,0.66,0.38
2023-04-26T20:20:20Z,141.7,3.32,3.72,0.52,0.35
2023-04-26T21:20:20Z,157.93,3.21,3.6,0.57,0.34
2023-04-26T22:20:20Z,155.87,2.93,4.46,0.37,0.25
2023-04-26T23:20:20Z,136.45,3.11,4.44,0.42,0.24
2023-04-27T00:20:20Z,147.76,2.76,4.3,0.32,0.24
2023-04-27T01:20:20Z,166.66,2.69,4.18,0.39,0.24
2023-04-27T02:20:20Z,135.18,2.68,3.87,0.27,0.21
2023-04-27T03:20:20Z,135.71,2.4,3.99,0.34,0.19
2023-04-27T04:20:20Z,127.39,2.19,3.74,0.32,0.23
2023-04-27T05:20:20Z,137.91,2.45,3.74,0.29,0.19
2023-04-27T06:20:20Z,173.12,2.63,5.16,0.24,0.19
2023-04-27T07:20:20Z,125.96,3.25,3.98,0.34,0.2
2023-04-27T08:20:20Z,180.11,3.53,4.56,0.38,0.23
2023-04-27T09:20:20Z,152.88,3.36,4.3,0.34,0.21
2023-04-27T10:20:20Z,160.78,3.32,3.74,0.32,0.22
2023-04-27T11:20:20Z,150.02,3.36,3.88,0.32,0.22
2023-04-27T12:20:20Z,162.82,2.96,3.98,0.27,0.2
2023-04-27T13:20:20Z,184.97,3.15,3.87,0.31,0.2
2023-04-27T14:20:20Z,156.88,2.98,3.94,0.32,0.21
2023-04-27T15:20:20Z,162.27,2.78,3.86,0.28,0.19
2023-04-27T16:20:20Z,164.52,2.36,3.2,0.28,0.2
2023-04-27T17:20:20Z,160.35,2.15,3.89,0.31,0.19
2023-04-27T18:20:20Z,126.97,2.34,4.35,0.32,0.19
2023-04-27T19:20:20Z,131.76,2.74,4.73,0.29,0.2
2023-04-27T20:20:20Z,136.18,2.59,3.22,0.25,0.18
2023-04-27T21:20:20Z,158.25,2.33,3.38,0.24,0.17
2023-04-27T22:20:20Z,148.5,2.79,4.42,0.2,0.14
2023-04-27T23:20:20Z,146.62,2.45,3.97,0.21,0.16
2023-04-28T00:20:20Z,137.38,2.49,5.77,0.21,0.13
2023-04-28T01:20:20Z,139.27,2.16,4.77,0.23,0.15
2023-04-28T02:20:20Z,142.9,2.39,3.67,0.25,0.15
2023-04-28T03:20:20Z,130.73,2.07,4.26,0.32,0.18
2023-04-28T04:20:20Z,151.67,2,3.7,0.27,0.18
2023-04-28T05:20:20Z,137.78,2.51,3.54,0.26,0.17
2023-04-28T06:20:20Z,154.37,2.45,2.87,0.35,0.23
2023-04-28T07:20:20Z,149.18,2.67,3.57,0.27,0.18
2023-04-28T08:20:20Z,157.71,3.25,4.37,0.38,0.21
2023-04-28T09:20:20Z,156.03,3.27,4.17,0.37,0.2
2023-04-28T10:20:20Z,144.82,2.88,4.1,0.42,0.25
2023-04-28T11:20:20Z,138.8,2.79,4.01,0.35,0.23
2023-04-28T12:20:20Z,127.63,3.03,4.02,0.37,0.23
2023-04-28T13:20:20Z,133.11,3.16,3.73,0.29,0.21
2023-04-28T14:20:20Z,137.3,2.87,3.71,0.46,0.26
2023-04-28T15:20:20Z,156.3,3.19,3.81,0.38,0.25
2023-04-28T16:20:20Z,158.25,2.81,3.7,0.42,0.24
2023-04-28T17:20:20Z,154.07,2.72,3.94,0.4,0.23
2023-04-28T18:20:20Z,145.54,2.45,3.66,0.36,0.24
2023-04-28T19:20:20Z,130.31,3.16,4.43,0.43,0.27
2023-04-28T20:20:20Z,136.62,2.86,3.63,0.34,0.28
2023-04-28T21:20:20Z,145.81,2.73,3.71,0.54,0.29
2023-04-28T22:20:20Z,140.96,2.97,3.76,0.43,0.3
2023-04-28T23:20:20Z,144.18,3.17,4.02,0.44,0.25
2023-04-29T00:20:20Z,128.12,3.29,4.09,0.53,0.31
2023-04-29T01:20:20Z,127.84,3.6,4.21,0.5,0.35
2023-04-29T02:20:20Z,128.25,3.61,4.36,0.68,0.4
2023-04-29T03:20:20Z,124.33,3.74,4.78,0.59,0.4
2023-04-29T04:20:20Z,120.08,3.72,4.7,0.57,0.38
2023-04-29T05:20:20Z,130.92,3.57,4.74,0.69,0.35
2023-04-29T06:20:20Z,124.64,3.52,4.5,0.56,0.38
2023-04-29T07:20:20Z,122.52,2.85,4.63,0.56,0.38
2023-04-29T08:20:20Z,115.13,2.86,3.4,0.98,0.65
2023-04-29T09:20:20Z,121.44,2.72,3.41,1.19,0.7
2023-04-29T10:20:20Z,123.41,2.72,3.49,0.89,0.62
2023-04-29T11:20:20Z,104.71,2.84,3.87,0.91,0.63
2023-04-29T12:20:20Z,111.34,2.82,3.92,1.18,0.65
2023-04-29T13:20:20Z,99.18,2.9,4.2,0.94,0.68
2023-04-29T14:20:20Z,103.89,3.26,4.28,1.25,0.8
2023-04-29T15:20:20Z,101.2,3.4,4.47,1.19,0.76
2023-04-29T16:20:20Z,95.79,3.41,4.73,1.05,0.75
2023-04-29T17:20:20Z,86.68,3.48,4.88,1.22,0.73
2023-04-29T18:20:20Z,87.76,3.48,4.7,0.89,0.6
2023-04-29T19:20:20Z,81.7,3.13,4.6,0.73,0.48
2023-04-29T20:20:20Z,91.18,3.3,4.18,0.56,0.37
2023-04-29T21:20:20Z,87.05,3.27,4.3,0.69,0.35
2023-04-29T22:20:20Z,109.15,3.66,4.44,0.41,0.3
2023-04-29T23:20:20Z,107.1,3.02,4.46,0.45,0.31
2023-04-30T00:20:20Z,94.9,3.14,4.05,0.5,0.28
2023-04-30T01:20:20Z,101.58,3.15,3.91,0.41,0.25
2023-04-30T02:20:20Z,119.86,2.53,4.26,0.38,0.24
2023-04-30T03:20:20Z,106.16,2.57,4.05,0.33,0.22
2023-04-30T04:20:20Z,117.13,2.86,4,0.33,0.21
2023-04-30T05:20:20Z,118.53,2.92,4.49,0.3,0.22
2023-04-30T06:20:20Z,127.34,2.56,3.71,0.43,0.26
2023-04-30T07:20:20Z,144.41,2.7,3.16,0.51,0.32
2023-04-30T08:20:20Z,178.58,2.76,3.36,0.61,0.36
2023-04-30T09:20:20Z,208.43,2.82,3.55,0.51,0.36
2023-04-30T10:20:20Z,151.23,2.53,3.64,0.48,0.32
2023-04-30T11:20:20Z,141.04,2.61,3.27,0.53,0.29
2023-04-30T12:20:20Z,160.18,2.8,5.38,0.44,0.27
2023-04-30T13:20:20Z,161.42,3.02,5.41,0.34,0.25
2023-04-30T14:20:20Z,158.79,2.9,3.74,0.41,0.28
2023-04-30T15:20:20Z,155.97,2.5,5.11,0.56,0.42
2023-04-30T16:20:20Z,163.23,2.73,2.77,0.57,0.42
2023-04-30T17:20:20Z,141.24,2.67,2.87,0.57,0.4
2023-04-30T18:20:20Z,151.99,2.83,3.17,0.84,0.49
2023-04-30T19:20:20Z,145.27,2.94,3.46,0.66,0.48
2023-04-30T20:20:20Z,155.97,2.97,3.43,0.55,0.39
2023-04-30T21:20:20Z,187.4,2.92,3.99,0.73,0.48
2023-04-30T22:20:20Z,200.53,2.75,4,0.81,0.57
2023-04-30T23:20:20Z,207.68,2.79,3.74,0.85,0.57
2023-05-01T00:20:20Z,183.34,2.8,3.56,0.7,0.49
2023-05-01T01:20:20Z,178.74,2.82,3.49,0.68,0.46
2023-05-01T02:20:20Z,169.57,3.36,3.84,0.68,0.49
2023-05-01T03:20:20Z,168.96,3.12,3.6,0.65,0.4
2023-05-01T04:20:20Z,140.42,3.31,3.62,0.61,0.4
2023-05-01T05:20:20Z,135.9,3.25,5.76,0.49,0.34
2023-05-01T06:20:20Z,141.11,3.11,5.68,0.55,0.34
2023-05-01T07:20:20Z,140.75,3.03,5.59,0.6,0.33
2023-05-01T08:20:20Z,142.9,3.47,5.94,0.4,0.28
2023-05-01T09:20:20Z,155,3.47,5.8,0.46,0.34
2023-05-01T10:20:20Z,152.87,2.65,5.41,0.54,0.35
2023-05-01T11:20:20Z,148.67,2.46,5.56,0.51,0.33
2023-05-01T12:20:20Z,156.91,2.27,5.53,0.49,0.31
2023-05-01T13:20:20Z,131.96,2.55,5.51,0.48,0.32
2023-05-01T14:20:20Z,124.71,2.51,5.59,0.53,0.35
2023-05-01T15:20:20Z,113.22,2.48,3,0.7,0.48
2023-05-01T16:20:20Z,115.8,2.66,3.06,0.63,0.52
2023-05-01T17:20:20Z,105.09,2.91,3.22,0.8,0.52
2023-05-01T18:20:20Z,104.66,2.81,3.46,0.77,0.51
2023-05-01T19:20:20Z,109.53,2.72,3.37,0.78,0.54
2023-05-01T20:20:20Z,186.07,3.01,4,1.06,0.64
2023-05-01T21:20:20Z,155.19,2.87,3.83,0.88,0.62
2023-05-01T22:20:20Z,168.51,2.96,3.68,0.99,0.62
2023-05-01T23:20:20Z,173.28,2.88,4.15,0.76,0.53
2023-05-02T00:20:20Z,187.55,3.1,4.29,0.78,0.55
2023-05-02T01:20:20Z,175.71,2.99,4.05,0.7,0.45
2023-05-02T02:20:20Z,185.04,3.39,4.22,0.78,0.47
2023-05-02T03:20:20Z,166.28,3,4.19,0.68,0.43
2023-05-02T04:20:20Z,169.38,2.95,4.22,0.54,0.41
2023-05-02T05:20:20Z,164.96,2.7,4.15,0.72,0.44
2023-05-02T06:20:20Z,163.61,3.08,4.2,0.52,0.38
2023-05-02T07:20:20Z,162.97,2.55,4.29,0.65,0.42
2023-05-02T08:20:20Z,155.21,2.52,2.89,0.78,0.52
2023-05-02T09:20:20Z,143.89,2.68,2.66,0.73,0.47
2023-05-02T10:20:20Z,147.96,2.64,4.16,0.61,0.44
2023-05-02T11:20:20Z,144.8,3.02,3.7,0.59,0.4
2023-05-02T12:20:20Z,145.41,3.25,3.84,0.71,0.44
2023-05-02T13:20:20Z,134.67,3.11,3.73,0.63,0.43
2023-05-02T14:20:20Z,116.51,3.29,5.24,0.7,0.48
2023-05-02T15:20:20Z,116.77,2.97,3.49,0.71,0.48
2023-05-02T16:20:20Z,111.7,3.06,4.47,0.65,0.47
2023-05-02T17:20:20Z,105.75,3.07,4.98,0.64,0.48
2023-05-02T18:20:20Z,120.39,2.78,4.37,0.6,0.45
2023-05-02T19:20:20Z,123.89,3.08,3.1,0.64,0.45
2023-05-02T20:20:20Z,135.14,3,3.67,0.63,0.43
2023-05-02T21:20:20Z,134.61,3.36,7.48,0.56,0.37
2023-05-02T22:20:20Z,132.89,3.67,7.58,0.59,0.38
2023-05-02T23:20:20Z,127.54,3.63,7.38,0.55,0.39
2023-05-03T00:20:20Z,129.91,3.51,7.2,0.51,0.37
2023-05-03T01:20:20Z,136.79,4.47,7.06,0.6,0.36
2023-05-03T02:20:20Z,130.19,3.56,6.28,0.4,0.32
2023-05-03T03:20:20Z,146.44,3.63,3.5,0.42,0.34
2023-05-03T04:20:20Z,136.35,3.45,6.64,0.48,0.34
2023-05-03T05:20:20Z,128.52,3.6,6.86,0.45,0.32
2023-05-03T06:20:20Z,120.96,3.2,3.38,0.52,0.32
2023-05-03T07:20:20Z,129.29,3.27,7.15,0.52,0.32
2023-05-03T08:20:20Z,136.58,3.43,7.19,0.49,0.33
2023-05-03T09:20:20Z,145.5,3.01,3.35,0.5,0.33
2023-05-03T10:20:20Z,171.25,3.83,3.99,0.74,0.47
2023-05-03T11:20:20Z,172.37,3.24,4.19,0.61,0.4
2023-05-03T12:20:20Z,153.82,3.11,4.32,0.61,0.35
2023-05-03T13:20:20Z,136.31,3.25,4.06,0.63,0.37
2023-05-03T14:20:20Z,139.87,2.83,4.26,0.47,0.32
2023-05-03T15:20:20Z,126.01,2.73,6.94,0.54,0.38
2023-05-03T16:20:20Z,122.99,2.88,7.46,0.51,0.38
2023-05-03T17:20:20Z,128.28,2.87,7.2,0.48,0.37
2023-05-03T18:20:20Z,136.97,2.81,3.74,0.47,0.34
2023-05-03T19:20:20Z,120.92,3.4,5.52,0.56,0.36
2023-05-03T20:20:20Z,138.95,3.19,6.65,0.53,0.34
2023-05-03T21:20:20Z,153.77,3.3,3.6,0.57,0.33
2023-05-03T22:20:20Z,143.64,3.07,3.56,0.55,0.32
2023-05-03T23:20:20Z,146.51,3.32,3.34,0.5,0.32
2023-05-04T00:20:20Z,132.31,3.1,3.53,0.49,0.31
2023-05-04T01:20:20Z,138.33,3.11,3.79,0.44,0.3
2023-05-04T02:20:20Z,137.28,2.91,3.52,0.52,0.32
2023-05-04T03:20:20Z,164.87,2.72,3.72,0.46,0.34
2023-05-04T04:20:20Z,178.84,3.32,4.36,0.69,0.48
2023-05-04T05:20:20Z,181.33,3.82,4.5,0.89,0.66
2023-05-04T06:20:20Z,177.19,3.27,4.28,0.85,0.6
2023-05-04T07:20:20Z,183.12,3.16,4.46,0.77,0.47
2023-05-04T08:20:20Z,178.17,2.95,4.36,0.66,0.47
2023-05-04T09:20:20Z,174.34,3.49,4.65,0.55,0.41
2023-05-04T10:20:20Z,191.48,3.35,4.55,0.57,0.41
2023-05-04T11:20:20Z,183.98,3.9,4.41,0.73,0.41
2023-05-04T12:20:20Z,178.29,3.82,4.4,0.6,0.46
2023-05-04T13:20:20Z,155.19,3.7,4.18,0.57,0.41
2023-05-04T14:20:20Z,162.17,3.67,4.52,0.75,0.5
2023-05-04T15:20:20Z,143.05,3.71,5.32,0.79,0.48
2023-05-04T16:20:20Z,153.29,3.29,4.6,0.56,0.41
2023-05-04T17:20:20Z,170.41,3.2,4.35,0.57,0.44
2023-05-04T18:20:20Z,162.74,3.25,4.72,0.62,0.4
2023-05-04T19:20:20Z,171.23,3.37,4.44,0.63,0.44
2023-05-04T20:20:20Z,155.8,3.15,4.56,0.62,0.41
2023-05-04T21:20:20Z,163.2,3.28,4.32,0.57,0.37
2023-05-04T22:20:20Z,160.32,3.21,3.98,0.49,0.37
2023-05-04T23:20:20Z,158.67,2.83,4.1,0.53,0.36
2023-05-05T00:20:20Z,164.01,3.02,3.97,0.5,0.37
2023-05-05T01:20:20Z,161.86,2.89,4.03,0.48,0.33
2023-05-05T02:20:20Z,159,2.66,3.63,0.46,0.32
2023-05-05T03:20:20Z,153.01,2.94,3.87,0.43,0.32
2023-05-05T04:20:20Z,155.36,2.78,3.72,0.44,0.29
2023-05-05T05:20:20Z,144.27,2.9,3.35,0.44,0.28
2023-05-05T06:20:20Z,165.04,2.57,4.1,0.44,0.31
2023-05-05T07:20:20Z,164.58,3.03,4.42,0.44,0.3
2023-05-05T08:20:20Z,174.61,3.35,4.54,0.57,0.35
2023-05-05T09:20:20Z,182.34,3.91,4.88,0.53,0.35
2023-05-05T10:20:20Z,178.81,3.42,4.42,0.57,0.4
2023-05-05T11:20:20Z,185.18,2.9,4.3,0.53,0.34
2023-05-05T12:20:20Z,185,2.61,4.46,0.56,0.39
2023-05-05T13:20:20Z,187.18,2.88,4.39,0.62,0.44
2023-05-05T14:20:20Z,194.68,2.52,4.16,0.66,0.46
2023-05-05T15:20:20Z,189.39,2.82,4.22,0.74,0.46
2023-05-05T16:20:20Z,192.17,2.91,4.17,0.68,0.47
2023-05-05T17:20:20Z,187.96,2.89,4.2,0.93,0.49
2023-05-05T18:20:20Z,178.35,3,3.81,0.76,0.44
2023-05-05T19:20:20Z,180.91,3.11,3.57,0.6,0.4
2023-05-05T20:20:20Z,179.35,3.01,4.06,0.63,0.4
2023-05-05T21:20:20Z,170.56,2.86,3.9,0.49,0.32
2023-05-05T22:20:20Z,186.19,2.89,4.07,0.42,0.31
2023-05-05T23:20:20Z,172.61,2.9,3.69,0.5,0.29
2023-05-06T00:20:20Z,169.85,2.76,3.47,0.39,0.28
2023-05-06T01:20:20Z,175.96,2.43,3.66,0.4,0.28
2023-05-06T02:20:20Z,172.34,2.66,3.67,0.41,0.26
2023-05-06T03:20:20Z,176.8,2.44,3.34,0.46,0.26
2023-05-06T04:20:20Z,171.39,2.22,3.48,0.37,0.28
2023-05-06T05:20:20Z,182.92,2.06,3.24,0.37,0.23
2023-05-06T06:20:20Z,153.53,2.35,3.41,0.32,0.22
2023-05-06T07:20:20Z,135.8,3.11,4.68,0.32,0.23
2023-05-06T08:20:20Z,120.46,3.42,4.43,0.41,0.27
2023-05-06T09:20:20Z,128.48,2.73,4.49,0.49,0.31
2023-05-06T10:20:20Z,123.19,2.5,4.42,0.49,0.33
2023-05-06T11:20:20Z,133.74,2.53,4.38,0.5,0.35
2023-05-06T12:20:20Z,121.43,2.53,3.94,0.57,0.36
2023-05-06T13:20:20Z,124.46,2.72,4.09,0.51,0.37
2023-05-06T14:20:20Z,127.01,2.72,3.86,0.62,0.36
2023-05-06T15:20:20Z,119.08,2.82,3.88,0.59,0.33
2023-05-06T16:20:20Z,129.57,2.98,3.86,0.58,0.34
2023-05-06T17:20:20Z,137.41,2.74,3.6,0.47,0.33
2023-05-06T18:20:20Z,115.81,2.92,3.64,0.53,0.32
2023-05-06T19:20:20Z,124.82,3.01,3.69,0.47,0.33
2023-05-06T20:20:20Z,130.38,3.16,3.89,0.55,0.37
2023-05-06T21:20:20Z,132.8,3.21,4.24,0.61,0.39
2023-05-06T22:20:20Z,132.72,2.75,4.19,0.61,0.44
2023-05-06T23:20:20Z,126.95,2.68,3.97,0.6,0.36
2023-05-07T00:20:20Z,122.83,2.72,3.71,0.48,0.33
2023-05-07T01:20:20Z,122.78,2.67,3.88,0.44,0.29
2023-05-07T02:20:20Z,138.13,2.72,4.15,0.5,0.31
2023-05-07T03:20:20Z,118.69,2.29,4.53,0.67,0.46
2023-05-07T04:20:20Z,113.61,2.75,3.12,0.91,0.62
2023-05-07T05:20:20Z,115,2.79,3.63,0.99,0.61
2023-05-07T06:20:20Z,120.88,3.08,3.54,0.84,0.54
2023-05-07T07:20:20Z,117.19,2.93,5.27,0.84,0.59
2023-05-07T08:20:20Z,117,2.98,3.62,1.01,0.64
2023-05-07T09:20:20Z,118.34,3.07,3.62,0.94,0.56
2023-05-07T10:20:20Z,119.56,3.24,4.75,0.73,0.54
2023-05-07T11:20:20Z,121.01,3.36,3.69,0.84,0.57
2023-05-07T12:20:20Z,119.28,3.21,4.75,0.85,0.53
2023-05-07T13:20:20Z,118.85,3.37,4.7,0.69,0.5
2023-05-07T14:20:20Z,115.19,3.6,4.35,0.83,0.53
2023-05-07T15:20:20Z,116.14,3.54,4.38,0.77,0.47
2023-05-07T16:20:20Z,109.8,3.82,4.48,0.75,0.46
2023-05-07T17:20:20Z,109.28,4.24,4.64,0.88,0.55
2023-05-07T18:20:20Z,109.19,3.7,4.77,0.81,0.52
2023-05-07T19:20:20Z,107.82,3.63,4.34,0.68,0.51
2023-05-07T20:20:20Z,109.38,3.48,5.21,0.67,0.45
2023-05-07T21:20:20Z,111.02,3.4,4.74,0.67,0.41
2023-05-07T22:20:20Z,115.01,3.14,4.18,0.64,0.42
2023-05-07T23:20:20Z,109.2,3.09,4.48,0.66,0.44
2023-05-08T00:20:20Z,105.86,3.08,5.76,0.51,0.37
2023-05-08T01:20:20Z,115.44,3.03,4.33,0.66,0.4
2023-05-08T02:20:20Z,112.17,3.02,4.31,0.59,0.36
2023-05-08T03:20:20Z,119.89,2.94,6.06,0.54,0.33
2023-05-08T04:20:20Z,119.58,2.52,2.96,0.65,0.42
2023-05-08T05:20:20Z,111.87,2.55,3.02,0.67,0.41
2023-05-08T06:20:20Z,181.87,2.98,3.46,0.94,0.58
2023-05-08T07:20:20Z,188.11,3.21,3.56,0.86,0.6
2023-05-08T08:20:20Z,160.87,3.22,3.41,0.67,0.48
2023-05-08T09:20:20Z,146.57,3.18,3.66,0.54,0.44
2023-05-08T10:20:20Z,125.6,2.43,3.59,0.61,0.42
2023-05-08T11:20:20Z,122.66,2.57,2.81,0.64,0.44
2023-05-08T12:20:20Z,127.11,2.57,3.06,0.67,0.43
2023-05-08T13:20:20Z,121.21,2.62,2.96,0.5,0.38
2023-05-08T14:20:20Z,120.17,2.57,4.6,0.5,0.37
2023-05-08T15:20:20Z,109.89,2.57,5.23,0.57,0.4
2023-05-08T16:20:20Z,126.52,2.75,5.58,0.51,0.38
2023-05-08T17:20:20Z,137.38,2.84,2.7,0.56,0.41
2023-05-08T18:20:20Z,130.16,2.85,2.87,0.61,0.39
2023-05-08T19:20:20Z,191.79,3,3.79,0.85,0.53
2023-05-08T20:20:20Z,207.18,3.05,3.91,0.68,0.55
2023-05-08T21:20:20Z,191.23,3.09,3.87,0.72,0.52
2023-05-08T22:20:20Z,191.94,3.22,3.87,0.62,0.47
2023-05-08T23:20:20Z,168.48,2.92,3.74,0.67,0.44
2023-05-09T00:20:20Z,171.02,3.28,3.69,0.52,0.42
2023-05-09T01:20:20Z,157.5,2.91,3.5,0.56,0.36
2023-05-09T02:20:20Z,149.43,3.07,3.59,0.51,0.35
2023-05-09T03:20:20Z,153.44,3.31,3.68,0.55,0.36
2023-05-09T04:20:20Z,154.58,3.13,3.63,0.48,0.33
2023-05-09T05:20:20Z,165.24,3.44,3.61,0.47,0.33
2023-05-09T06:20:20Z,161.09,3.15,3.84,0.42,0.29
2023-05-09T07:20:20Z,163.56,3.31,3.62,0.44,0.29
2023-05-09T08:20:20Z,162.83,3.05,3.55,0.45,0.29
2023-05-09T09:20:20Z,157.89,2.31,3.41,0.47,0.31
2023-05-09T10:20:20Z,163.42,2.34,3.33,0.55,0.36
2023-05-09T11:20:20Z,158.12,2.31,2.44,0.53,0.39
2023-05-09T12:20:20Z,144.23,2.36,2.63,0.7,0.43
2023-05-09T13:20:20Z,160.77,2.57,3.12,0.97,0.62
2023-05-09T14:20:20Z,192.86,2.66,3.24,0.72,0.54
2023-05-09T15:20:20Z,172.72,2.46,3.04,0.78,0.49
2023-05-09T16:20:20Z,177.49,2.56,3.31,0.68,0.48
2023-05-09T17:20:20Z,197.63,2.9,3.88,0.76,0.59
2023-05-09T18:20:20Z,196.08,3.17,4.37,1.08,0.6
2023-05-09T19:20:20Z,196.8,2.95,4.55,1.05,0.68
2023-05-09T20:20:20Z,188.15,2.71,2.92,0.95,0.66
2023-05-09T21:20:20Z,180.96,2.94,4.21,0.94,0.66
2023-05-09T22:20:20Z,187.92,2.81,3.23,0.92,0.65
2023-05-09T23:20:20Z,183.18,2.84,4.28,0.86,0.59
2023-05-10T00:20:20Z,157.19,2.98,3.65,1.03,0.6
2023-05-10T01:20:20Z,135.29,3.11,3.89,0.92,0.64
2023-05-10T02:20:20Z,132.4,3.48,4.29,1.04,0.73
2023-05-10T03:20:20Z,120.28,3.53,4.52,1.12,0.65
2023-05-10T04:20:20Z,128.6,3.42,4.41,1.07,0.68
2023-05-10T05:20:20Z,127.12,3.01,4.39,0.93,0.55
2023-05-10T06:20:20Z,162.09,3.1,4.08,0.91,0.61
2023-05-10T07:20:20Z,191.93,3.08,3.81,1.01,0.62
2023-05-10T08:20:20Z,186.26,2.71,3.59,0.88,0.53
2023-05-10T09:20:20Z,201.53,2.98,4.4,0.67,0.52
2023-05-10T10:20:20Z,208.85,2.98,3.99,0.8,0.56
2023-05-10T11:20:20Z,214.94,3.01,3.84,0.83,0.58
2023-05-10T12:20:20Z,222.05,2.75,4.18,1.04,0.66
2023-05-10T13:20:20Z,219.39,2.83,2.92,1.2,0.74
2023-05-10T14:20:20Z,174.51,2.86,3.25,1.14,0.77
2023-05-10T15:20:20Z,116.82,3.12,3.86,1.51,0.93
2023-05-10T16:20:20Z,98.37,3.25,3.97,1.41,1.02
2023-05-10T17:20:20Z,108.06,3.34,4.31,1.83,1.04
2023-05-10T18:20:20Z,103.48,3.46,4.62,2.04,1.19
2023-05-10T19:20:20Z,105.99,3.45,4.64,2,1.22
2023-05-10T20:20:20Z,111.3,3.44,4.89,1.82,1.14
2023-05-10T21:20:20Z,0,0.99,119.63,115.57,1.1
2023-05-11T08:40:49Z,158.45,3.23,3.59,0.73,0.49
2023-05-11T09:40:49Z,99.3,3.22,4.43,0.88,0.65
2023-05-11T10:40:49Z,98.24,3.55,4.55,1.35,0.77
2023-05-11T11:40:49Z,94.97,3.23,4.73,1.14,0.72
2023-05-11T12:40:49Z,100.67,3.2,4.26,0.97,0.69
2023-05-11T13:40:49Z,95.98,3.12,4.53,0.95,0.66
2023-05-11T14:40:49Z,97,3.3,4.58,0.84,0.58
2023-05-11T15:40:49Z,100.63,3.18,4.73,0.79,0.54
2023-05-11T16:40:49Z,99.14,3.04,4.32,0.81,0.51
2023-05-11T17:40:49Z,118.18,2.88,5.94,0.59,0.45
2023-05-11T18:40:49Z,121.82,2.82,6.18,0.59,0.46
2023-05-11T19:40:49Z,114.75,3.16,4.52,0.75,0.46
2023-05-11T20:40:49Z,167.82,2.99,4.01,0.78,0.58
2023-05-11T21:40:49Z,167.78,2.85,4.07,0.87,0.62
2023-05-11T22:40:49Z,138.91,2.94,3.2,1.13,0.81
2023-05-11T23:40:49Z,139.02,2.86,3.72,1.09,0.7
2023-05-12T00:40:49Z,130.22,3.03,3.53,0.9,0.58
2023-05-12T01:40:49Z,127.05,2.9,3.96,0.71,0.58
2023-05-12T02:40:49Z,121.52,3.13,3.76,0.82,0.61
2023-05-12T03:40:49Z,111.73,3.35,4.13,0.89,0.64
2023-05-12T04:40:49Z,113.46,3.05,3.86,0.81,0.58
2023-05-12T05:40:49Z,118.03,3.14,3.96,1.01,0.62
2023-05-12T06:40:49Z,118.92,3.19,3.86,0.83,0.59
2023-05-12T07:40:49Z,119.76,3.35,3.46,0.72,0.49
2023-05-12T08:40:49Z,115.7,3.66,4.36,0.7,0.55
2023-05-12T09:40:49Z,122.94,3.26,4.42,0.84,0.51
2023-05-12T10:40:49Z,121.01,2.81,4.36,0.88,0.52
2023-05-12T11:40:49Z,127.33,2.78,4.2,0.86,0.52
2023-05-12T12:40:49Z,122.04,2.83,4.56,0.71,0.48
2023-05-12T13:40:49Z,130.09,2.57,3.89,0.69,0.47
2023-05-12T14:40:49Z,129.12,2.64,4.17,0.71,0.54
2023-05-12T15:40:49Z,126.14,2.71,3.04,0.79,0.62
2023-05-12T16:40:49Z,115.21,2.73,3.55,1.16,0.79
2023-05-12T17:40:49Z,119.64,3.12,3.99,0.98,0.71
2023-05-12T18:40:49Z,118.83,3.1,3.94,1.15,0.7
2023-05-12T19:40:49Z,117.98,3.24,4.2,0.75,0.56
2023-05-12T20:40:49Z,115.16,3.36,4.06,0.65,0.54
2023-05-12T21:40:49Z,119.07,3.48,4.55,0.87,0.54
2023-05-12T22:40:49Z,120.83,3.4,4.62,0.75,0.52
2023-05-12T23:40:49Z,119.32,3.24,5.13,0.82,0.5
2023-05-13T00:40:49Z,127.82,3.38,5.13,0.76,0.5
2023-05-13T01:40:49Z,127.73,3.26,4.84,0.69,0.42
2023-05-13T02:40:49Z,126.99,3.34,4.94,0.62,0.39
2023-05-13T03:40:49Z,125.74,3.58,4.94,0.73,0.43
2023-05-13T04:40:49Z,124.89,3.12,5.17,0.69,0.43
2023-05-13T05:40:49Z,124.79,3.1,4.86,0.62,0.41
2023-05-13T06:40:49Z,129.39,3.29,4.64,0.55,0.41
2023-05-13T07:40:49Z,127.78,3.63,4.58,0.59,0.42
2023-05-13T08:40:49Z,125.82,3.59,4.28,0.58,0.33
2023-05-13T09:40:49Z,125.12,3.46,4.5,0.6,0.36
2023-05-13T10:40:49Z,123.1,3.28,4.01,0.5,0.36
2023-05-13T11:40:49Z,144.57,3.25,4.04,0.63,0.42
2023-05-13T12:40:49Z,165.69,3.57,3.73,0.79,0.48
2023-05-13T13:40:49Z,117.52,3.12,3.47,0.75,0.46
2023-05-13T14:40:49Z,109.99,3.24,4.41,0.62,0.46
2023-05-13T15:40:49Z,119.95,2.97,5.07,0.66,0.45
2023-05-13T16:40:49Z,108.61,2.77,4.73,0.67,0.47
2023-05-14T01:16:29Z,129.29,2.81,6.36,0.5,0.4
2023-05-14T02:16:29Z,128.17,2.98,3.54,0.55,0.37
2023-05-14T03:16:29Z,153.96,3.05,3.6,0.47,0.35
2023-05-14T04:16:29Z,149.99,2.65,3.61,0.55,0.35
2023-05-14T05:16:29Z,137.34,2.45,6.41,0.49,0.33
2023-05-14T06:16:29Z,145.3,2.75,6.34,0.43,0.31
2023-05-14T07:16:29Z,131.2,3.07,6.37,0.57,0.33
2023-05-14T08:16:29Z,142.25,3.32,5.6,0.38,0.26
2023-05-14T09:16:29Z,158.5,3.17,6.28,0.37,0.26
2023-05-14T10:16:29Z,149.83,2.5,4.94,0.46,0.34
2023-05-14T11:16:29Z,137.8,2.38,5.92,0.49,0.37
2023-05-14T12:16:29Z,144.91,2.38,2.38,0.51,0.33
2023-05-14T13:16:29Z,144.55,2.47,2.27,0.59,0.4
2023-05-14T14:16:29Z,141.13,2.4,3.19,0.61,0.43
2023-05-14T15:16:29Z,140.96,2.38,2.95,0.79,0.41
2023-05-14T16:16:29Z,146.28,2.51,2.88,0.6,0.45
2023-05-14T17:16:29Z,192.27,2.95,3.32,0.96,0.55
2023-05-14T18:16:29Z,208.85,3.01,3.62,0.83,0.54
2023-05-14T19:16:29Z,225.59,3.23,4,0.94,0.61
2023-05-14T20:16:29Z,219.8,3.3,3.89,0.93,0.58
2023-05-14T21:16:29Z,217.25,3.19,3.89,0.83,0.54
2023-05-14T22:16:29Z,217.25,3.58,4.02,1,0.6
2023-05-14T23:16:29Z,209.32,3.19,4.1,0.68,0.5
2023-05-15T00:16:29Z,204.56,3.33,4.32,0.83,0.5
2023-05-15T01:16:29Z,197.24,3.07,4.24,0.75,0.45
2023-05-15T02:16:29Z,190.71,3.42,4.49,0.64,0.44
2023-05-15T03:16:29Z,192.5,3.16,4.6,0.58,0.38
2023-05-15T04:16:29Z,174.96,3.14,4.06,0.6,0.39
2023-05-15T05:16:29Z,202.97,3.56,4.42,0.67,0.47
2023-05-15T06:16:29Z,210.52,3.64,4.32,0.7,0.47
2023-05-15T07:16:29Z,193.99,3.59,4.28,0.7,0.42
2023-05-15T08:16:29Z,204.73,3.52,4.03,0.77,0.43
2023-05-15T09:16:29Z,207.43,3.28,3.82,0.5,0.37
2023-05-15T10:16:29Z,210.89,2.71,3.76,0.63,0.44
2023-05-15T11:16:29Z,221.72,2.87,3.25,0.88,0.62
2023-05-15T12:16:29Z,236.58,2.96,3.9,0.87,0.68
2023-05-15T13:16:29Z,219.9,2.87,3.63,1.14,0.72
2023-05-15T14:16:29Z,244.39,3.24,4.07,1.25,0.86
2023-05-15T15:16:29Z,238.57,3.16,4.05,1.46,0.89
2023-05-15T16:16:29Z,233.71,2.84,3.76,1.16,0.85
2023-05-15T17:16:29Z,223.58,2.93,4,1.14,0.81
2023-05-15T18:16:29Z,220.03,3.21,4.15,1.18,0.78
2023-05-15T19:16:29Z,217.68,3.51,4.12,1.05,0.79
2023-05-15T20:16:29Z,214.29,3.41,4.34,1.06,0.68
2023-05-15T21:16:29Z,193.52,3.14,4.61,1.03,0.71
2023-05-15T22:16:29Z,196.2,3.16,4.57,0.85,0.6
2023-05-15T23:16:29Z,198.1,3.34,4.49,0.99,0.67
2023-05-16T00:16:29Z,203.07,3.7,4.96,0.96,0.64
2023-05-16T01:16:29Z,211.08,3.87,5.01,1.1,0.7
2023-05-16T02:16:29Z,222.13,4.08,4.55,0.96,0.67
2023-05-16T03:16:29Z,220.52,3.96,4.61,1.03,0.75
2023-05-16T04:16:29Z,226.8,4.22,4.94,1.03,0.74
2023-05-16T05:16:29Z,236.18,3.72,4.74,1.39,0.8
2023-05-16T06:16:29Z,234.74,3.78,4.75,1.4,0.81
2023-05-16T07:16:29Z,225.54,3.34,4.11,1.08,0.67
2023-05-16T08:16:29Z,224.11,3.29,3.91,0.84,0.58
2023-05-16T09:16:29Z,212.22,3.42,4.15,0.8,0.58
2023-05-16T10:16:29Z,216.22,3.24,4.36,0.9,0.53
2023-05-16T11:16:29Z,226.02,3.65,4.6,0.84,0.63
2023-05-16T12:16:29Z,217.71,3.11,4.23,0.83,0.6
2023-05-16T13:16:29Z,218.48,3.25,4.66,1,0.61
2023-05-16T14:16:29Z,221.93,3.5,4.25,1.02,0.67
2023-05-16T15:16:29Z,186.88,3.29,3.94,1,0.62
2023-05-16T16:16:29Z,168.75,2.93,8.16,0.83,0.61
2023-05-16T17:16:29Z,151.64,2.74,7.6,1,0.67
2023-05-16T18:16:29Z,135.04,2.96,2.97,1.18,0.8
2023-05-16T19:16:29Z,128.22,2.81,3.34,1.24,0.77
2023-05-16T20:16:29Z,121.12,3.14,7.48,1.12,0.78
2023-05-16T21:16:29Z,116.61,3.13,3.84,1.14,0.8
2023-05-16T22:16:29Z,128.65,3.25,3.96,1.12,0.84
2023-05-16T23:16:29Z,133.81,3.24,4.03,1.01,0.73
2023-05-17T00:16:29Z,136.51,3.26,4.34,0.84,0.63
2023-05-17T01:16:29Z,140.96,3.18,4.21,1.12,0.63
2023-05-17T02:16:29Z,135.88,3.02,4.6,0.75,0.56
2023-05-17T03:16:29Z,143.03,3.16,4.66,0.82,0.58
2023-05-17T04:16:29Z,149.08,3.08,5.22,0.79,0.59
2023-05-17T05:16:29Z,160.53,2.94,4.38,0.94,0.59
2023-05-17T06:16:29Z,152.39,3.67,4.72,1.04,0.71
2023-05-17T07:16:29Z,171.27,3.64,4.41,1.02,0.67
2023-05-17T08:16:29Z,163.74,4.09,4.91,1.3,0.84
2023-05-17T09:16:29Z,164.69,3.6,4.49,1.04,0.75
2023-05-17T10:16:29Z,169.08,3.5,4.3,0.94,0.74
2023-05-17T11:16:29Z,173.97,3.36,4.19,0.99,0.77
2023-05-17T12:16:29Z,173.37,3.15,3.89,1.11,0.77
2023-05-17T13:16:29Z,170.82,3.16,3.74,1.03,0.78
2023-05-17T14:16:29Z,165.92,2.97,3.8,1.19,0.82
2023-05-17T15:16:29Z,160.86,3.15,3.81,0.89,0.66
2023-05-17T16:16:29Z,138.74,3.47,8.45,1,0.72
2023-05-17T17:16:29Z,137.34,2.98,8.23,0.96,0.68
2023-05-17T18:16:29Z,138.05,2.9,7.95,0.92,0.68
2023-05-17T19:16:29Z,131.55,2.92,3.11,1.09,0.66
2023-05-17T20:16:29Z,133.09,3.55,3.86,1.35,0.75
2023-05-17T21:16:29Z,138.45,3.85,4.16,1.21,0.83
2023-05-17T22:16:29Z,142.43,3.59,6.65,0.93,0.68
2023-05-17T23:16:29Z,141.55,3.59,7.31,1.12,0.68
2023-05-18T00:16:29Z,138.88,3.53,7.99,0.84,0.6
2023-05-18T01:16:29Z,146.47,3.79,8.51,0.77,0.54
2023-05-18T02:16:29Z,148.99,3.52,7.73,0.68,0.49
2023-05-18T03:16:29Z,139.11,3.58,9.1,0.79,0.49
2023-05-18T04:16:29Z,134.35,3.47,6.88,0.72,0.51
2023-05-18T05:16:29Z,141.7,3.72,6.42,0.88,0.52
2023-05-18T06:16:29Z,129.75,3.73,8.86,0.73,0.48
2023-05-18T07:16:29Z,133.36,3.72,7.86,0.6,0.43
2023-05-18T08:16:29Z,137.3,3.37,6.64,0.54,0.41
2023-05-18T09:16:29Z,142.53,3.26,6.35,0.58,0.45
2023-05-18T10:16:29Z,139.78,3.37,8.88,0.63,0.46
2023-05-18T11:16:29Z,135.72,2.99,3.37,0.82,0.55
2023-05-18T12:16:29Z,130.14,3.26,3.49,0.82,0.55
2023-05-18T13:16:29Z,125.9,3.38,7.1,0.78,0.57
2023-05-18T14:16:29Z,128.11,3.31,7.46,0.88,0.61
2023-05-18T15:16:29Z,113.23,3.18,6.78,1.05,0.66
2023-05-18T16:16:29Z,109.17,3.51,6.98,1.04,0.64
2023-05-18T17:16:29Z,112.3,3.34,3.37,0.95,0.63
2023-05-18T18:16:29Z,129.08,3.65,6.42,0.81,0.63
2023-05-18T19:16:29Z,118.64,3.61,6.91,0.87,0.63
2023-05-18T20:16:29Z,124.22,3.75,7.04,0.97,0.63
2023-05-18T21:16:29Z,117.69,3.94,6.39,0.81,0.65
2023-05-18T22:16:29Z,121.79,4.03,6.52,0.9,0.67
2023-05-18T23:16:29Z,129.79,3.65,6.76,0.83,0.58
2023-05-19T00:16:29Z,129.61,4.06,6.88,0.77,0.56
2023-05-19T01:16:29Z,127.4,2.83,6.6,0.72,0.57
2023-05-19T02:16:29Z,136.84,3.04,6.9,0.77,0.53
2023-05-19T03:16:29Z,0,0.78,154.68,128.7,0.49
2023-05-19T07:41:33Z,142.31,3.76,6.65,0.63,0.36
2023-05-19T08:41:33Z,136.57,3.96,6.77,0.5,0.38
2023-05-19T09:41:33Z,135.63,3.99,6.25,0.5,0.37
2023-05-19T10:41:33Z,144.06,3.43,6.42,0.55,0.36
2023-05-19T11:41:33Z,139.73,2.59,6.79,0.63,0.45
2023-05-19T12:41:33Z,134.52,2.53,6.65,0.68,0.47
2023-05-19T13:41:33Z,133.66,2.77,6.23,0.64,0.47
2023-05-19T14:41:33Z,128.18,3.11,6.78,0.7,0.45
2023-05-19T15:41:33Z,128.92,3.39,6.67,0.59,0.39
2023-05-19T16:41:33Z,128.15,3.96,6.74,0.6,0.42
2023-05-19T17:41:33Z,123.73,3.91,6.68,0.59,0.38
2023-05-19T18:41:33Z,120.1,4.2,6.22,0.5,0.4
2023-05-19T19:41:33Z,117.1,3.88,6.47,0.53,0.42
2023-05-19T20:41:33Z,114.47,3.83,5.87,0.73,0.45
2023-05-19T21:41:33Z,127.12,3.83,5.83,0.49,0.37
2023-05-19T22:41:33Z,125.86,4.06,6.3,0.56,0.36
2023-05-19T23:41:33Z,134.87,3.47,6.84,0.53,0.36
2023-05-20T00:41:33Z,135.07,2.71,6.12,0.57,0.35
2023-05-20T01:41:33Z,141.44,2.72,6.65,0.58,0.42
2023-05-20T02:41:33Z,123.47,2.85,6.35,0.55,0.39
2023-05-20T03:41:33Z,132.6,2.74,6.75,0.65,0.4
2023-05-20T04:41:33Z,119.72,3.19,6.7,0.63,0.41
2023-05-20T05:41:33Z,115.67,3.59,6.86,0.75,0.52
2023-05-20T06:41:33Z,114.99,3.66,6.88,0.84,0.53
2023-05-20T07:41:33Z,118.15,4,6.57,0.65,0.5
2023-05-20T08:41:33Z,104.57,4.17,6.7,0.67,0.5
2023-05-20T09:41:33Z,112.95,3.31,6.82,0.61,0.45
2023-05-20T10:41:33Z,114.72,2.82,6.63,0.92,0.6
2023-05-20T11:41:33Z,130.97,2.67,3.26,0.93,0.56
2023-05-20T12:41:33Z,142.44,2.79,3.41,1,0.66
2023-05-20T13:41:33Z,137.63,3.17,3.63,0.95,0.66
2023-05-20T14:41:33Z,136.02,3.03,3.48,0.94,0.66
2023-05-20T15:41:33Z,124.96,3.22,6.67,0.74,0.6
2023-05-20T16:41:33Z,118.29,3.38,6.81,0.93,0.64
2023-05-20T17:41:33Z,120.53,3.33,6.77,0.92,0.62
2023-05-20T18:41:33Z,116.24,3.18,6.67,0.91,0.63
2023-05-20T19:41:33Z,115.63,3.27,6.29,1.09,0.69
2023-05-20T20:41:33Z,108.98,3.78,6.54,0.99,0.67
2023-05-20T21:41:33Z,106.24,3.2,6.41,0.97,0.6
2023-05-20T22:41:33Z,115.91,3.74,6.69,0.91,0.69
2023-05-20T23:41:33Z,118.42,3.8,6.36,1.13,0.65
2023-05-21T00:41:33Z,122.47,4.11,8.83,1.03,0.68
2023-05-21T01:41:33Z,118.42,5.18,8.59,1.22,0.8
2023-05-21T02:41:33Z,115.47,5.12,8.47,1.11,0.78
2023-05-21T03:41:33Z,122.92,4.73,8.61,0.99,0.79
2023-05-21T04:41:33Z,113.19,5.55,8.42,1.2,0.8
2023-05-21T05:41:33Z,119.65,5.48,8.54,1.02,0.74
2023-05-21T06:41:33Z,113.48,4.39,8.26,1.13,0.7
2023-05-21T07:41:33Z,109.56,4.68,7.54,0.94,0.62
2023-05-21T08:41:33Z,106.85,5.56,7.15,1.01,0.71
2023-05-21T09:41:33Z,108.21,4.13,6.72,0.93,0.67
2023-05-21T10:41:33Z,108.05,3.49,7,1.02,0.76
2023-05-21T11:41:33Z,110.49,3.71,6.92,1.05,0.76
2023-05-21T12:41:33Z,108.06,3.49,7.32,1.11,0.69
2023-05-21T13:41:33Z,108.41,3.66,7.72,1.06,0.62
2023-05-21T14:41:33Z,111.74,3.9,7.54,0.82,0.61
2023-05-21T15:41:33Z,110.85,3.55,6.22,0.92,0.61
2023-05-21T16:41:33Z,104.98,3.56,5.69,0.95,0.62
2023-05-21T17:41:33Z,106.95,3.57,6.16,0.78,0.61
2023-05-21T18:41:33Z,107.04,4.1,6.12,0.9,0.66
2023-05-21T19:41:33Z,105.63,3.48,5.5,0.81,0.6
2023-05-21T20:41:33Z,110.23,3.62,6.23,1,0.65
2023-05-21T21:41:33Z,95.32,4.31,5.98,0.98,0.7
2023-05-21T22:41:33Z,98.27,5.01,6.3,1.13,0.72
2023-05-21T23:41:33Z,105.73,4.89,7.79,1.07,0.72
2023-05-22T00:41:33Z,98.67,4.78,6.7,1.06,0.65
2023-05-22T01:41:33Z,103.38,4.77,8.22,0.79,0.56
2023-05-22T02:41:33Z,102.43,4.67,7.72,0.71,0.58
2023-05-22T03:41:33Z,102.56,5.04,6.61,0.77,0.53
2023-05-22T04:41:33Z,108.96,5.19,7.04,0.83,0.55
2023-05-22T05:41:33Z,114.55,4.17,6.61,0.57,0.46
2023-05-22T06:41:33Z,113.85,3.97,5.96,0.81,0.47
2023-05-22T07:41:33Z,109.72,4.72,5.97,0.6,0.46
2023-05-22T08:41:33Z,111.37,4.6,6.3,0.59,0.44
2023-05-22T09:41:33Z,115.37,3.83,6.19,0.7,0.52
2023-05-22T10:41:33Z,114.68,5.11,6.35,0.67,0.51
2023-05-22T11:41:33Z,110.66,4.36,5.98,0.8,0.56
2023-05-22T12:41:33Z,107.54,3.69,5.89,0.89,0.58
2023-05-22T13:41:33Z,110.7,3.07,5.57,0.88,0.6
2023-05-22T14:41:33Z,108.89,3.49,5.81,0.95,0.64
2023-05-22T15:41:33Z,111.37,3.58,5.09,0.8,0.57
2023-05-22T16:41:33Z,108.73,3.17,5.3,0.68,0.55
2023-05-22T17:41:33Z,110.37,3.03,5.93,0.83,0.65
2023-05-22T18:41:33Z,109.27,3.07,3.22,0.97,0.69
2023-05-22T19:41:33Z,104.2,3.53,4.62,1.02,0.65
2023-05-22T20:41:33Z,101.67,3.37,4.71,1.12,0.72
2023-05-22T21:41:33Z,100.42,3.55,5,0.9,0.63
2023-05-22T22:41:33Z,98.46,3.46,4.6,0.82,0.58
2023-05-22T23:41:33Z,101.03,3.35,4.17,0.78,0.5
2023-05-23T00:41:33Z,106.84,3.42,4.95,0.69,0.46
2023-05-23T01:41:33Z,101.74,3.39,5.2,0.73,0.49
2023-05-23T02:41:33Z,108.42,3.02,4.85,0.61,0.42
2023-05-23T03:41:33Z,111.33,2.7,4.79,0.57,0.38
2023-05-23T04:41:33Z,112.9,2.54,4.51,0.58,0.36
2023-05-23T05:41:33Z,114.57,3.17,4.83,0.55,0.38
2023-05-23T06:41:33Z,113.91,3.26,4.89,0.57,0.36
2023-05-23T07:41:33Z,122.7,2.97,4.25,0.47,0.35
2023-05-23T08:41:33Z,123.04,2.63,4.33,0.52,0.38
2023-05-23T09:41:33Z,118.61,3.11,4.5,0.55,0.39
2023-05-23T10:41:33Z,120.18,3.07,4.35,0.51,0.38
2023-05-23T11:41:33Z,126.47,2.6,8,0.51,0.35
2023-05-23T12:41:33Z,122.61,2.69,3.83,0.5,0.38
2023-05-23T13:41:33Z,120.21,2.41,2.36,0.69,0.43
2023-05-23T14:41:33Z,123.14,2.46,2.71,0.65,0.48
2023-05-23T15:41:33Z,117.04,3.55,4.58,1.41,0.97
2023-05-23T16:41:33Z,100.06,3.24,4.63,1.61,0.92
2023-05-23T17:41:33Z,93.33,3.47,4.61,1.39,0.83
2023-05-23T18:41:33Z,94.6,3.48,4.56,1.04,0.69
2023-05-23T19:41:33Z,100.54,3.39,4.31,0.77,0.61
2023-05-23T20:41:33Z,100.26,3.34,4.34,0.69,0.49
2023-05-23T21:41:33Z,109.07,3,4.12,0.55,0.41
2023-05-23T22:41:33Z,115.44,3.1,3.93,0.56,0.38
2023-05-23T23:41:33Z,131.5,2.99,4.52,0.53,0.36
2023-05-24T00:41:33Z,135.36,3.12,4.05,0.51,0.31
2023-05-24T01:41:33Z,131.38,3.25,4.04,0.43,0.29
2023-05-24T02:41:33Z,127.74,3.37,5.3,0.49,0.3
2023-05-24T03:41:33Z,127.85,3.26,5.98,0.44,0.31
2023-05-24T04:41:33Z,135.96,3.2,5.88,0.48,0.34
2023-05-24T05:41:33Z,129.22,3.27,6.07,0.44,0.36
2023-05-24T06:41:33Z,124,3.74,5.46,0.51,0.35
2023-05-24T07:41:33Z,133.24,3.62,6.25,0.52,0.33
2023-05-24T08:41:33Z,132.47,3.95,5.68,0.51,0.34
2023-05-24T09:41:33Z,125.84,4.3,4.78,0.56,0.35
2023-05-24T10:41:33Z,127.82,4.67,6.41,0.54,0.39
2023-05-24T11:41:33Z,126.82,3,5.79,0.49,0.37
2023-05-24T12:41:33Z,125.7,3.12,6.01,0.49,0.37
2023-05-24T13:41:33Z,124.02,3.1,5.95,0.56,0.36
2023-05-24T14:41:33Z,127.18,3.11,6.17,0.53,0.38
2023-05-24T15:41:33Z,120.93,3.45,6.04,0.46,0.34
2023-05-24T16:41:33Z,118.16,3.47,6.12,0.59,0.37
2023-05-24T17:41:33Z,121.29,4.14,6.64,0.71,0.43
2023-05-24T18:41:33Z,118.04,4.25,6.26,0.62,0.4
2023-05-24T19:41:33Z,113.39,3.52,5.71,0.61,0.43
2023-05-24T20:41:33Z,106.32,3.81,5.87,0.58,0.43
2023-05-24T21:41:33Z,110.78,3.86,4.57,0.63,0.41
2023-05-24T22:41:33Z,107.32,3.75,6.01,0.65,0.38
2023-05-24T23:41:33Z,115.25,3.66,6.14,0.41,0.32
2023-05-25T00:41:33Z,106.03,3.83,6.14,0.54,0.34
2023-05-25T01:41:33Z,111.14,3.73,6.29,0.48,0.32
2023-05-25T02:41:33Z,116.73,3.81,6.45,0.48,0.31
2023-05-25T03:41:33Z,121.29,3.66,6.32,0.45,0.29
2023-05-25T04:41:33Z,117.49,3.78,5.91,0.49,0.34
2023-05-25T05:41:33Z,122.59,2.74,6.44,0.49,0.32
2023-05-25T06:41:33Z,124.16,2.65,6.69,0.52,0.34
2023-05-25T07:41:33Z,120.31,2.69,6.78,0.64,0.48
2023-05-25T08:41:33Z,117.7,3.06,6.51,0.66,0.46
2023-05-25T09:41:33Z,105.52,3.53,6.71,0.69,0.52
2023-05-25T10:41:33Z,103.97,3.62,3.67,0.72,0.53
2023-05-25T11:41:33Z,110.08,3.48,5.99,0.77,0.48
2023-05-25T12:41:33Z,104.09,2.98,6.35,0.69,0.48
2023-05-25T13:41:33Z,104.41,3.03,6.36,0.72,0.49
2023-05-25T14:41:33Z,107.82,2.81,6.05,0.8,0.55
2023-05-25T15:41:33Z,108.07,3.05,5.99,0.91,0.65
2023-05-25T16:41:33Z,108.63,2.83,3.42,1.05,0.68
2023-05-25T17:41:33Z,110.89,3.15,5.68,0.97,0.71
2023-05-25T18:41:33Z,117.15,2.81,5.6,0.78,0.55
2023-05-25T19:41:33Z,114.33,3.22,5.58,1.03,0.56
2023-05-25T20:41:33Z,114.58,3.04,5.07,0.78,0.48
2023-05-25T21:41:33Z,110.07,3.31,5.83,0.72,0.49
2023-05-25T22:41:33Z,114.44,2.74,4.74,0.76,0.48
2023-05-25T23:41:33Z,118.34,3.09,5.6,0.76,0.46
2023-05-26T00:41:33Z,122.81,3.03,4.67,0.69,0.47
2023-05-26T01:41:33Z,125.49,3.18,4.21,0.67,0.47
2023-05-26T02:41:33Z,119.18,2.76,4.11,0.8,0.53
2023-05-26T03:41:33Z,121.39,2.77,4.16,0.66,0.54
2023-05-26T04:41:33Z,121.48,2.99,4.09,0.86,0.59
2023-05-26T05:41:33Z,119.49,3.1,4.01,0.97,0.62
2023-05-26T06:41:33Z,112.89,3.07,4.09,1.05,0.68
2023-05-26T07:41:33Z,110.47,3.22,4.48,0.9,0.65
2023-05-26T08:41:33Z,109.89,2.79,4.02,1,0.64
2023-05-26T09:41:33Z,107.28,2.68,3.87,1,0.59
2023-05-26T10:41:33Z,108.69,2.55,3.21,0.93,0.56
2023-05-26T11:41:33Z,112.16,2.45,3.91,0.69,0.46
2023-05-26T12:41:33Z,113.44,2.7,4.11,0.72,0.48
2023-05-26T13:41:33Z,113.5,2.66,4.72,0.65,0.44
2023-05-26T14:41:33Z,123.09,2.5,3.65,0.62,0.4
2023-05-26T15:41:33Z,137.95,2.79,4.36,0.61,0.4
2023-05-26T16:41:33Z,123.83,2.64,3.19,0.48,0.35
2023-05-26T17:41:33Z,133.38,2.8,3.32,0.56,0.38
2023-05-26T18:41:33Z,136.46,3.02,3.61,0.42,0.33
2023-05-26T19:41:33Z,135.08,2.88,3.45,0.46,0.31
2023-05-26T20:41:33Z,136.09,3.48,3.66,0.5,0.35
2023-05-26T21:41:33Z,123.41,3.6,3.56,0.45,0.34
2023-05-26T22:41:33Z,141.55,2.95,4.7,0.4,0.25
2023-05-26T23:41:33Z,137.1,3,3.53,0.45,0.26
2023-05-27T00:41:33Z,160.13,3,4.57,0.35,0.23
2023-05-27T01:41:33Z,165.94,2.86,4.65,0.33,0.22
2023-05-27T02:41:33Z,166.03,2.94,4.61,0.31,0.21
2023-05-27T03:41:33Z,152.59,2.95,4.37,0.31,0.2
2023-05-27T04:41:33Z,139.8,2.77,4.52,0.33,0.2
2023-05-27T05:41:33Z,119.88,3,4.3,0.28,0.19
2023-05-27T06:41:33Z,130.35,2.71,3.33,0.29,0.19
2023-05-27T07:41:33Z,141.23,2.86,3.68,0.25,0.18
2023-05-27T08:41:33Z,129.98,3.11,4.29,0.23,0.16
2023-05-27T09:41:33Z,121.25,2.41,6.98,0.25,0.19
2023-05-27T10:41:33Z,132.15,1.99,2.73,0.39,0.24
2023-05-27T11:41:33Z,129.66,1.93,1.96,0.39,0.26
2023-05-27T12:41:33Z,129.64,2.11,2.27,0.4,0.3
2023-05-27T13:41:33Z,135.56,2.29,2.32,0.45,0.27
2023-05-27T14:41:33Z,118.06,2.32,2.41,0.39,0.27
2023-05-27T15:41:33Z,144.33,2.5,2.58,0.43,0.27
2023-05-27T16:41:33Z,119.85,2.35,2.53,0.36,0.25
2023-05-27T17:41:33Z,126.88,2.48,2.5,0.35,0.23
2023-05-27T18:41:33Z,146.59,2.44,2.58,0.36,0.25
2023-05-27T19:41:33Z,148.26,2.46,2.45,0.38,0.25
2023-05-27T20:41:33Z,135.42,2.78,2.75,0.23,0.19
2023-05-27T21:41:33Z,150.27,2.83,5.94,0.3,0.2
2023-05-27T22:41:33Z,119.32,2.69,6.64,0.28,0.18
2023-05-27T23:41:33Z,138.67,2.72,6.5,0.19,0.16
2023-05-28T00:41:33Z,135.38,2.27,6.38,0.23,0.17
2023-05-28T01:41:33Z,148.62,2.4,6.68,0.21,0.16
2023-05-28T02:41:33Z,138.23,2.25,6.15,0.23,0.15
2023-05-28T03:41:33Z,148.43,3.48,6.87,0.21,0.15
2023-05-28T04:41:33Z,141.71,3.8,5.37,0.22,0.16
2023-05-28T05:41:33Z,163.39,3.33,5.75,0.24,0.18
2023-05-28T06:41:33Z,156.16,3.87,5.85,0.24,0.18
2023-05-28T07:41:33Z,163.83,3.83,5.41,0.23,0.17
2023-05-28T08:41:33Z,162.67,3.31,5.32,0.25,0.2
2023-05-28T09:41:33Z,155.72,2.23,4.81,0.35,0.24
2023-05-28T10:41:33Z,145.5,2.23,5.08,0.4,0.32
2023-05-28T11:41:33Z,159.99,2.26,2.17,0.49,0.37
2023-05-28T12:41:33Z,144.05,2.29,2.61,0.57,0.45
2023-05-28T13:41:33Z,167.9,2.55,2.89,0.77,0.54
2023-05-28T14:41:33Z,187.7,2.76,3.07,0.8,0.59
2023-05-28T15:41:33Z,216.04,2.64,3.52,1.15,0.65
2023-05-28T16:41:33Z,211.95,2.79,3.66,0.89,0.63
2023-05-28T17:41:33Z,209.1,2.99,3.93,0.89,0.59
2023-05-28T18:41:33Z,219.97,2.82,3.74,0.7,0.51
2023-05-28T19:41:33Z,218.62,3.07,3.95,0.8,0.53
2023-05-28T20:41:33Z,200.6,2.67,3.83,0.55,0.41
2023-05-28T21:41:33Z,187.4,2.61,3.73,0.51,0.4
2023-05-28T22:41:33Z,177.62,2.48,3.54,0.49,0.37
2023-05-28T23:41:33Z,185.08,2.48,3.57,0.45,0.34
2023-05-29T00:41:33Z,175.14,2.61,3.49,0.45,0.31
2023-05-29T01:41:33Z,175.11,2.45,3.35,0.45,0.32
2023-05-29T02:41:33Z,165.63,2.37,3.24,0.45,0.3
2023-05-29T03:41:33Z,160.65,2.7,3.13,0.47,0.29
2023-05-29T04:41:33Z,160.61,2.86,3.24,0.41,0.29
2023-05-29T05:41:33Z,156.53,2.63,3.09,0.35,0.26
2023-05-29T06:41:33Z,164.16,2.66,2.96,0.38,0.24
2023-05-29T07:41:33Z,151.87,2.64,2.89,0.39,0.24
2023-05-29T08:41:33Z,134.06,2.5,2.95,0.37,0.23
2023-05-29T09:41:33Z,149.7,2.74,2.83,0.32,0.24
2023-05-29T10:41:33Z,145.14,2.47,2.93,0.28,0.2
2023-05-29T11:41:33Z,137.9,2.45,4.39,0.29,0.21
2023-05-29T12:41:33Z,127.08,2.59,4.1,0.3,0.21
2023-05-29T13:41:33Z,152.1,2.5,4.27,0.32,0.2
2023-05-29T14:41:33Z,140.69,2.42,4.31,0.29,0.21
2023-05-29T15:41:33Z,167.76,2.51,3.72,0.3,0.2
2023-05-29T16:41:33Z,169.03,2.77,3.92,0.31,0.19
2023-05-29T17:41:33Z,163.89,2.37,4.03,0.27,0.19
2023-05-29T18:41:33Z,136.59,2.47,4.3,0.41,0.23
2023-05-29T19:41:33Z,144.45,2.53,4.28,0.3,0.21
2023-05-29T20:41:33Z,147.68,2.91,4.76,0.3,0.21
2023-05-29T21:41:33Z,146.77,2.4,3.82,0.31,0.22
2023-05-29T22:41:33Z,156.67,2.48,4.12,0.31,0.24
2023-05-29T23:41:33Z,173.82,2.54,3.06,0.42,0.25
2023-05-30T00:41:33Z,159.08,2.8,4.23,0.27,0.2
2023-05-30T01:41:33Z,165.5,2.3,4.15,0.25,0.19
2023-05-30T02:41:33Z,161.18,2.74,4.05,0.25,0.18
2023-05-30T03:41:33Z,172.78,2.23,4.25,0.24,0.17
2023-05-30T04:41:33Z,166.95,2.1,5.52,0.35,0.23
2023-05-30T05:41:33Z,179.62,1.95,1.65,0.33,0.23
2023-05-30T06:41:33Z,156.73,2.32,3.04,0.27,0.18
2023-05-30T07:41:33Z,158.7,2.86,3.02,0.28,0.18
2023-05-30T08:41:33Z,138.28,2.33,3.21,0.31,0.19
2023-05-30T09:41:33Z,142.33,2.18,2.62,0.47,0.31
2023-05-30T10:41:33Z,142.09,2.45,2.45,0.45,0.3
2023-05-30T11:41:33Z,143.32,2.51,2.39,0.39,0.26
2023-05-30T12:41:33Z,164.58,2.5,3.12,0.37,0.25
2023-05-30T13:41:33Z,162.61,2.52,6.19,0.35,0.22
2023-05-30T14:41:33Z,146.95,2.83,4.01,0.34,0.24
2023-05-30T15:41:33Z,152.15,2.95,5.81,0.27,0.21
2023-05-30T16:41:33Z,146.96,2.4,6.28,0.36,0.23
2023-05-30T17:41:33Z,142.43,2.81,6.03,0.34,0.22
2023-05-30T18:41:33Z,136.39,2.12,6.36,0.33,0.23
2023-05-30T19:41:33Z,143.84,2.38,5.7,0.38,0.27
2023-05-30T20:41:33Z,162.24,2.3,5.67,0.39,0.28
2023-05-30T21:41:33Z,136.46,2.32,5.37,0.4,0.25
2023-05-30T22:41:33Z,119.17,2.27,5.56,0.38,0.24
2023-05-30T23:41:33Z,127.96,2.32,5.69,0.33,0.23
2023-05-31T00:41:33Z,113.18,2.98,5.33,0.33,0.21
2023-05-31T01:41:33Z,105.72,3.13,5.54,0.28,0.2
2023-05-31T02:41:33Z,135.49,3.25,5.58,0.32,0.18
2023-05-31T03:41:33Z,132.83,2.43,4.85,0.28,0.19
2023-05-31T04:41:33Z,135.1,2.49,3.19,0.33,0.22
2023-05-31T05:41:33Z,131.92,2.29,5.36,0.38,0.3
2023-05-31T06:41:33Z,141.67,2.77,5.43,0.31,0.2
2023-05-31T07:41:33Z,142.41,3.37,5.45,0.3,0.19
2023-05-31T08:41:33Z,152.07,2.3,4.46,0.26,0.18
2023-05-31T09:41:33Z,151.87,2.86,5.14,0.27,0.19
2023-05-31T10:41:33Z,154.93,2.63,5.18,0.39,0.24
2023-05-31T11:41:33Z,145.6,2.16,2.16,0.45,0.3
2023-05-31T12:41:33Z,157.95,2.16,2.56,0.53,0.36
2023-05-31T13:41:33Z,159.5,2.33,2.83,0.6,0.35
2023-05-31T14:41:33Z,148.37,2.3,2.81,0.42,0.27
2023-05-31T15:41:33Z,138.36,2.11,2.53,0.36,0.24
2023-05-31T16:41:33Z,172.05,2.59,3.88,0.47,0.32
2023-05-31T17:41:33Z,132.53,2.38,2.72,0.66,0.41
2023-05-31T18:41:33Z,138.3,2.5,2.98,0.68,0.42
2023-05-31T19:41:33Z,133.55,2.63,2.78,0.52,0.34
2023-05-31T20:41:33Z,130.77,2.72,3.1,0.48,0.32
2023-05-31T21:41:33Z,119.17,2.86,3.57,0.5,0.37
2023-05-31T22:41:33Z,139.4,2.8,3.44,0.45,0.26
2023-05-31T23:41:33Z,148.24,2.62,2.92,0.43,0.26
2023-06-01T00:41:33Z,156.31,2.72,3.18,0.41,0.25
2023-06-01T01:41:33Z,148.18,2.32,2.34,0.58,0.4
2023-06-01T02:41:33Z,120.57,2.85,3.58,0.62,0.44
2023-06-01T03:41:33Z,99.26,2.8,3.7,0.64,0.46
2023-06-01T04:41:33Z,94.81,2.78,3.8,0.68,0.44
2023-06-01T05:41:33Z,88.64,3.06,3.42,0.72,0.41
2023-06-01T06:41:33Z,95.38,3,3.47,0.67,0.43
2023-06-01T07:41:33Z,91.78,2.96,3.45,0.54,0.4
2023-06-01T08:41:33Z,85.59,2.56,3.37,0.76,0.47
2023-06-01T09:41:33Z,93.31,2.71,3.54,0.89,0.53
2023-06-01T10:41:33Z,95.22,2.59,3.44,0.71,0.48
2023-06-01T11:41:33Z,92.33,2.57,3.32,0.83,0.5
2023-06-01T12:41:33Z,89.86,2.99,5.68,0.74,0.53
2023-06-01T13:41:33Z,84.19,3.2,6,0.71,0.51
2023-06-01T14:41:33Z,88.73,3.36,5.49,0.68,0.44
2023-06-01T15:41:33Z,90.1,2.67,5.18,0.74,0.41
2023-06-01T16:41:33Z,95.43,2.68,3.46,0.68,0.45
2023-06-01T17:41:33Z,88.15,2.67,5.18,0.58,0.44
2023-06-01T18:41:33Z,94.67,2.81,5.33,0.79,0.42
2023-06-01T19:41:33Z,97.96,2.83,5.53,0.58,0.45
2023-06-01T20:41:33Z,104.02,3.13,5.63,0.57,0.41
2023-06-01T21:41:33Z,103.32,2.75,5.35,0.57,0.37
2023-06-01T22:41:33Z,108.48,3.04,5.21,0.54,0.36
2023-06-01T23:41:33Z,113.95,3.11,5.53,0.52,0.3
2023-06-02T00:41:33Z,119.92,2.79,5.21,0.45,0.28
2023-06-02T01:41:33Z,102.36,3.2,5.17,0.32,0.24
2023-06-02T02:41:33Z,111.72,2.93,3.92,0.4,0.23
2023-06-02T03:41:33Z,93.38,2.53,5.3,0.37,0.26
2023-06-02T04:41:33Z,108.12,2.46,4.95,0.42,0.24
2023-06-02T05:41:33Z,121.49,2.88,5.82,0.43,0.25
2023-06-02T06:41:33Z,111.59,3.02,5.1,0.37,0.25
2023-06-02T07:41:33Z,100.87,3.14,4.59,0.32,0.23
2023-06-02T08:41:33Z,118.6,3.13,3.94,0.27,0.21
2023-06-02T09:41:33Z,121.75,2.56,5.39,0.32,0.21
2023-06-02T10:41:33Z,135.12,2.49,2.81,0.38,0.26
2023-06-02T11:41:33Z,125.9,2.29,4.77,0.37,0.24
2023-06-02T12:41:33Z,120.23,2.23,4.02,0.34,0.24
2023-06-02T13:41:33Z,116.52,2.2,4.64,0.33,0.22
2023-06-02T14:41:33Z,116.32,2.27,4.75,0.3,0.22
2023-06-02T15:41:33Z,107.62,2.39,4.61,0.28,0.2
2023-06-02T16:41:33Z,114.7,2.44,4.53,0.26,0.18
2023-06-02T17:41:33Z,123.58,2.49,4.59,0.22,0.16
2023-06-02T18:41:33Z,108.73,2.54,4.48,0.23,0.18
2023-06-02T19:41:33Z,119.33,3.21,5.8,0.35,0.23
2023-06-02T20:41:33Z,109.97,3.57,7.38,0.27,0.23
2023-06-02T21:41:33Z,117.05,2.8,7.38,0.23,0.19
2023-06-02T22:41:33Z,118.77,2.83,4.39,0.25,0.18
2023-06-02T23:41:33Z,102.12,3.06,3.83,0.25,0.18
2023-06-03T00:41:33Z,147.57,2.68,3.61,0.22,0.15
2023-06-03T01:41:33Z,120.04,2.64,7.55,0.23,0.17
2023-06-03T02:41:33Z,114.7,2.42,3.34,0.24,0.17
2023-06-03T03:41:33Z,122.16,2.88,4.12,0.25,0.15
2023-06-03T04:41:33Z,126.59,2.36,4.81,0.27,0.15
2023-06-03T05:41:33Z,120.07,2.09,8.02,0.22,0.15
2023-06-03T06:41:33Z,152.23,2.54,4.54,0.28,0.17
2023-06-03T07:41:33Z,140.66,2.92,3.7,0.21,0.15
2023-06-03T08:41:33Z,133.16,2.8,2.69,0.23,0.15
2023-06-03T09:41:33Z,117.09,2.01,2.53,0.31,0.22
2023-06-03T10:41:33Z,132.21,1.9,1.69,0.35,0.24
2023-06-03T11:41:33Z,135.56,2.08,1.9,0.31,0.22
2023-06-03T12:41:33Z,123.79,2.01,1.89,0.31,0.2
2023-06-03T13:41:33Z,115.44,2.51,3.21,0.27,0.17
2023-06-03T14:41:33Z,121.47,3.04,9.4,0.26,0.18
2023-06-03T15:41:33Z,134.27,2.85,7.86,0.27,0.19
2023-06-03T16:41:33Z,128.23,3.12,7.5,0.35,0.23
2023-06-03T17:41:33Z,127.33,2.56,7.71,0.3,0.22
2023-06-03T18:41:33Z,126.39,3.05,7.56,0.32,0.24
2023-06-03T19:41:33Z,125.76,3.71,7.05,0.36,0.23
2023-06-03T20:41:33Z,121.98,3.29,7.16,0.25,0.19
2023-06-03T21:41:33Z,122.53,3.63,7.35,0.26,0.18
2023-06-03T22:41:33Z,129.22,2.92,7.18,0.26,0.17
2023-06-03T23:41:33Z,134.96,3.22,7.27,0.23,0.17
2023-06-04T00:41:33Z,128.12,3.75,7.77,0.25,0.18
2023-06-04T01:41:33Z,138.45,3.07,7.35,0.26,0.19
2023-06-04T02:41:33Z,121.02,3.08,7.35,0.39,0.26
2023-06-04T03:41:33Z,121.8,3.11,6.71,0.26,0.21
2023-06-04T04:41:33Z,133.63,2.3,7.77,0.29,0.22
2023-06-04T05:41:33Z,141.22,2.24,7.66,0.28,0.21
2023-06-04T06:41:33Z,148.39,2.19,7.51,0.31,0.22
2023-06-04T07:41:33Z,118.76,2.92,7.93,0.21,0.17
2023-06-04T08:41:33Z,119.47,2.17,8.32,0.33,0.24
2023-06-04T09:41:33Z,117.46,2.45,8.13,0.42,0.3
2023-06-04T10:41:33Z,126.22,2.55,8.18,0.48,0.29
2023-06-04T11:41:33Z,135.65,2.6,8.15,0.35,0.24
2023-06-04T12:41:33Z,121.2,2.68,7.8,0.35,0.23
2023-06-04T13:41:33Z,127.76,2.76,7.96,0.42,0.26
2023-06-04T14:41:33Z,128.35,2.93,8.94,0.34,0.26
2023-06-04T15:41:33Z,123.45,2.54,3.15,0.33,0.23
2023-06-04T16:41:33Z,128.01,2.88,3.13,0.29,0.23
2023-06-04T17:41:33Z,132.8,2.8,7.78,0.38,0.22
2023-06-04T18:41:33Z,139.5,2.59,3.04,0.25,0.19
2023-06-04T19:41:33Z,132.23,2.64,3.11,0.33,0.2
2023-06-04T20:41:33Z,135.8,2.66,7.37,0.25,0.18
2023-06-04T21:41:33Z,129.17,3.15,7.7,0.3,0.21
2023-06-04T22:41:33Z,153.35,2.91,4.23,0.28,0.2
2023-06-04T23:41:33Z,156.9,2.63,4.17,0.27,0.18
2023-06-05T00:41:33Z,143.62,2.54,4.01,0.3,0.2
2023-06-05T01:41:33Z,129.48,3.02,7.84,0.31,0.2
2023-06-05T02:41:33Z,123.67,2.55,7.88,0.3,0.2
2023-06-05T03:41:33Z,120.63,2.86,8.18,0.28,0.21
2023-06-05T04:41:33Z,125.45,2.52,7.96,0.29,0.2
2023-06-05T05:41:33Z,116.91,2.35,7.95,0.29,0.19
2023-06-05T06:41:33Z,130.56,2.7,7.71,0.21,0.16
2023-06-05T07:41:33Z,137.94,3.16,3.58,0.22,0.16
2023-06-05T08:41:33Z,125.49,3.28,7.89,0.22,0.15
2023-06-05T09:41:33Z,139.31,2.4,7.95,0.2,0.15
2023-06-05T10:41:33Z,109.1,1.78,4.78,0.28,0.18
2023-06-05T11:41:33Z,110.26,1.86,1.96,0.37,0.27
2023-06-05T12:41:33Z,112.28,1.96,2.12,0.44,0.3
2023-06-05T13:41:33Z,110.96,2.09,2.28,0.38,0.3
2023-06-05T14:41:33Z,118.37,2.25,2.34,0.46,0.33
2023-06-05T15:41:33Z,110.49,2.83,7.65,0.45,0.34
2023-06-05T16:41:33Z,110.89,2.19,2.54,0.43,0.27
2023-06-05T17:41:33Z,102.95,2.37,2.45,0.33,0.26
2023-06-05T18:41:33Z,104.92,2.38,2.44,0.35,0.23
2023-06-05T19:41:33Z,121.08,2.39,2.46,0.34,0.22
2023-06-05T20:41:33Z,154.3,2.24,2.7,0.27,0.19
2023-06-05T21:41:33Z,142.82,2.34,2.58,0.3,0.2
2023-06-05T22:41:33Z,135.34,2.23,2.6,0.3,0.19
2023-06-05T23:41:33Z,124.44,2.38,2.85,0.32,0.19
2023-06-06T00:41:33Z,112.89,2.3,3.2,0.27,0.21
2023-06-06T01:41:33Z,129.2,2.36,2.71,0.29,0.21
2023-06-06T02:41:33Z,131.22,2.61,4.61,0.31,0.24
2023-06-06T03:41:33Z,110.24,2.64,4.63,0.3,0.21
2023-06-06T04:41:33Z,114.63,2.4,4.63,0.34,0.23
2023-06-06T05:41:33Z,130.32,2.41,4.47,0.31,0.22
2023-06-06T06:41:33Z,134.66,2.31,4.61,0.33,0.22
2023-06-06T07:41:33Z,114.22,2.5,4.41,0.33,0.2
2023-06-06T08:41:33Z,114.91,2.85,4.45,0.27,0.16
2023-06-06T09:41:33Z,136.42,2.89,4.39,0.26,0.17
2023-06-06T10:41:33Z,124.93,2.07,4.62,0.27,0.19
2023-06-06T11:41:33Z,123.72,1.87,4.34,0.32,0.24
2023-06-06T12:41:33Z,117.77,1.9,1.99,0.43,0.3
2023-06-06T13:41:33Z,106.51,2.13,2.35,0.48,0.33
2023-06-06T14:41:33Z,140.81,2.17,2.5,0.47,0.36
2023-06-06T15:41:33Z,127.28,2.08,2.51,0.52,0.35
2023-06-06T16:41:33Z,127.11,2.21,2.57,0.5,0.29
2023-06-06T17:41:33Z,122.42,2.33,2.61,0.4,0.29
2023-06-06T18:41:33Z,109.18,2.58,2.67,0.5,0.29
2023-06-06T19:41:33Z,122.15,2.76,2.57,0.47,0.29
2023-06-06T20:41:33Z,130.84,2.48,2.81,0.43,0.27
2023-06-06T21:41:33Z,151.1,2.67,2.96,0.41,0.27
2023-06-06T23:41:33Z,105.85,3.28,3.44,0.33,0.24
2023-06-07T00:41:33Z,134.01,2.87,3.79,0.36,0.25
2023-06-07T01:41:33Z,125.59,3.07,3.42,0.39,0.26
2023-06-07T02:41:33Z,145.1,2.81,3.38,0.35,0.23
2023-06-07T03:41:33Z,144.01,2.88,3.53,0.29,0.2
2023-06-07T04:41:33Z,163.68,2.8,3.59,0.29,0.21
2023-06-07T05:41:33Z,128.13,2.55,3.74,0.31,0.21
2023-06-07T06:41:33Z,129.21,2.78,3.2,0.31,0.2
2023-06-07T14:31:35Z,140.71,3.68,3.69,0.5,0.31
2023-06-07T15:31:35Z,136.58,3.06,3.66,0.43,0.26
2023-06-07T16:31:35Z,148.95,2.98,3.53,0.4,0.28
2023-06-07T17:31:35Z,135.72,3.24,3.78,0.45,0.33
2023-06-07T18:31:35Z,121.89,3.45,4.1,0.52,0.38
2023-06-07T19:31:35Z,123.8,3.44,3.64,0.51,0.37
2023-06-07T20:31:35Z,121,3.32,3.82,0.55,0.35
2023-06-07T21:31:35Z,124.28,2.85,3.72,0.48,0.3
2023-06-07T22:31:35Z,140.53,2.6,3.63,0.56,0.35
2023-06-07T23:31:35Z,150.49,2.92,3.86,0.45,0.33
2023-06-08T00:31:35Z,162.01,2.96,3.81,0.44,0.33
2023-06-08T01:31:35Z,150.99,3.22,3.52,0.49,0.32
2023-06-08T02:31:35Z,160.7,3.06,3.55,0.39,0.31
2023-06-08T03:31:35Z,147.78,3.04,5.52,0.37,0.29
2023-06-08T04:31:35Z,151.26,3.09,4.97,0.4,0.27
2023-06-08T05:31:35Z,149.42,3.78,4.94,0.38,0.28
2023-06-08T06:31:35Z,150.99,3.72,4.61,0.42,0.28
2023-06-08T07:31:35Z,141.81,3.7,4.71,0.5,0.31
2023-06-08T08:31:35Z,142.05,3.87,4.15,0.49,0.34
2023-06-08T09:31:35Z,138.5,3.48,3.98,0.48,0.39
2023-06-08T10:31:35Z,128.84,3.62,7.47,0.52,0.42
2023-06-08T11:31:35Z,132.96,3.81,7.39,0.51,0.38
2023-06-08T12:31:35Z,131.59,3.78,4.43,0.58,0.39
2023-06-08T13:31:35Z,135.14,3.99,6.46,0.61,0.42
2023-06-08T14:31:35Z,136.2,3.72,3.85,0.5,0.38
2023-06-08T15:31:35Z,136.35,3.72,6.7,0.54,0.36
2023-06-08T16:31:35Z,125.68,3.49,6.63,0.47,0.33
2023-06-08T17:31:35Z,108.15,3.84,5.09,0.66,0.38
2023-06-08T18:31:35Z,126.09,3.53,6.16,0.46,0.34
2023-06-08T19:31:35Z,125.65,4.2,5.99,0.54,0.35
2023-06-08T20:31:35Z,119.03,3.91,4.96,0.46,0.35
2023-06-08T21:31:35Z,127.65,3.16,4.49,0.57,0.34
2023-06-08T22:31:35Z,122.66,2.98,4.34,0.44,0.32
2023-06-08T23:31:35Z,119.98,3.17,3.53,0.5,0.33
2023-06-09T00:31:35Z,110.61,3.02,4.6,0.49,0.35
2023-06-09T01:31:35Z,120.76,2.83,4.18,0.4,0.31
2023-06-09T02:31:35Z,117.13,3.15,4.03,0.48,0.34
2023-06-09T03:31:35Z,113.42,3.35,4.38,0.5,0.33
2023-06-09T04:31:35Z,116.51,3.53,4.73,0.53,0.35
2023-06-09T05:31:35Z,109.12,3.61,4.69,0.67,0.43
2023-06-09T06:31:35Z,111.96,3.45,4.63,0.82,0.52
2023-06-09T07:31:35Z,100.96,3.83,4.49,0.66,0.54
2023-06-09T08:31:35Z,116.53,3.41,4.38,0.69,0.46
2023-06-09T09:31:35Z,111.75,2.83,4.49,0.69,0.44
2023-06-09T10:31:35Z,112.61,2.61,4.74,0.82,0.49
2023-06-09T11:31:35Z,112.54,2.57,4.71,0.61,0.44
2023-06-09T12:31:35Z,110.45,2.78,4.55,0.7,0.47
2023-06-09T13:31:35Z,107.14,2.65,3.11,0.73,0.51
2023-06-09T14:31:35Z,115.47,2.8,4.39,0.76,0.54
2023-06-09T15:31:35Z,130.32,3.04,4.29,1.11,0.6
2023-06-09T16:31:35Z,126.39,3.17,4.11,0.98,0.6
2023-06-09T17:31:35Z,146.71,3.33,4.28,1.19,0.64
2023-06-09T18:31:35Z,137.64,3.51,4.37,0.74,0.56
2023-06-09T19:31:35Z,151.51,3.58,4.15,0.81,0.57
2023-06-09T20:31:35Z,163.34,3.38,4.37,0.93,0.55
2023-06-09T21:31:35Z,162.12,3.4,4.44,0.78,0.53
2023-06-09T22:31:35Z,172.88,3.78,4.91,1.09,0.61
2023-06-09T23:31:35Z,174.78,3.89,4.92,0.93,0.67
2023-06-10T00:31:35Z,183.58,4.55,5.08,1.61,0.83
2023-06-10T01:31:35Z,183.02,4.38,5.34,1.12,0.77
2023-06-10T02:31:35Z,189.25,4.51,5.76,1.45,0.95
2023-06-10T03:31:35Z,185.76,4.35,5.68,1.82,1.02
2023-06-10T04:31:35Z,182.18,4.03,5.52,1.51,0.9
2023-06-10T05:31:35Z,182.93,4.05,5.54,1.18,0.83
2023-06-10T06:31:35Z,181.03,4.28,5.56,1.47,0.83
2023-06-10T07:31:35Z,180.69,4.29,5.52,1.13,0.74
2023-06-10T08:31:35Z,174.19,3.84,5.2,1.04,0.74
2023-06-10T09:31:35Z,179.27,3.64,4.84,1.05,0.69
2023-06-10T10:31:35Z,164.43,3.59,4.82,0.77,0.6
2023-06-10T11:31:35Z,151.4,3.24,4.97,0.85,0.6
2023-06-10T12:31:35Z,170.31,3.55,5.06,0.88,0.61
2023-06-10T13:31:35Z,157.54,3.48,5.43,1.07,0.57
2023-06-10T14:31:35Z,165.36,3.31,5.24,0.82,0.49
2023-06-10T15:31:35Z,169.29,3.33,5.22,0.73,0.49
2023-06-10T16:31:35Z,168.44,3.36,5.19,0.79,0.48
2023-06-10T17:31:35Z,154.07,3.21,5.2,0.67,0.45
2023-06-10T18:31:35Z,171.48,3.72,4.96,0.73,0.5
2023-06-10T19:31:35Z,151.05,3.44,5.01,0.65,0.4
2023-06-10T20:31:35Z,157.12,3.63,5.03,0.7,0.46
2023-06-10T21:31:35Z,140.9,3.65,4.67,0.64,0.44
2023-06-10T22:31:35Z,161.94,3.56,4.57,0.6,0.44
2023-06-10T23:31:35Z,163.08,3.81,4.69,0.64,0.39
2023-06-11T00:31:35Z,165.08,3.5,4.68,0.6,0.38
2023-06-11T01:31:35Z,168.5,3.21,4.95,0.36,0.3
2023-06-11T02:31:35Z,161.04,3.31,4.8,0.45,0.34
2023-06-11T03:31:35Z,165.6,3.61,4.92,0.4,0.29
2023-06-11T04:31:35Z,160.22,3.22,4.61,0.36,0.24
2023-06-11T05:31:35Z,159.42,3.03,4.73,0.34,0.23
2023-06-11T06:31:35Z,155,3.39,4.93,0.37,0.24
2023-06-11T07:31:35Z,182.19,3.28,4.55,0.34,0.22
2023-06-11T08:31:35Z,165.87,3.51,5.03,0.34,0.23
2023-06-11T09:31:35Z,167.14,3.19,5.25,0.3,0.2
2023-06-11T10:31:35Z,179.89,2.99,4.59,0.28,0.22
2023-06-11T11:31:35Z,168.51,3.12,4.55,0.27,0.2
2023-06-11T12:31:35Z,179.91,3.18,4.75,0.3,0.19
2023-06-11T13:31:35Z,162.26,2.68,4.35,0.27,0.2
2023-06-11T14:31:35Z,124.52,3,5.11,0.35,0.21
2023-06-11T15:31:35Z,160.11,2.8,4.59,0.32,0.19
2023-06-11T16:31:35Z,162.42,2.66,4.35,0.27,0.2
2023-06-11T17:31:35Z,165.42,2.43,4.17,0.28,0.2
2023-06-11T18:31:35Z,160.94,2.7,3.81,0.28,0.19
2023-06-11T19:31:35Z,150.74,1.94,5.16,0.28,0.19
2023-06-11T20:31:35Z,161.82,2.18,4.74,0.23,0.16
2023-06-11T21:31:35Z,166.07,2.44,5.31,0.24,0.16
2023-06-11T22:31:35Z,173.5,3.4,4.69,0.25,0.17
2023-06-11T23:31:35Z,263.86,2.68,5.03,0.22,0.87
2023-06-12T00:31:35Z,187.42,3.23,4.97,0.21,0.15
2023-06-12T01:31:35Z,182.41,2.94,4.94,0.26,0.17
2023-06-12T02:31:35Z,184.28,2.96,4.85,0.28,0.16
2023-06-12T03:31:35Z,191.78,3.15,5.01,0.22,0.17
2023-06-12T04:31:35Z,188.76,2.35,5.26,0.29,0.18
2023-06-12T05:31:35Z,181.36,2.44,4.84,0.25,0.18
2023-06-12T06:31:35Z,186.62,2.92,4.6,0.21,0.16
2023-06-12T07:31:35Z,179.27,2.37,5.12,0.25,0.16
2023-06-12T08:31:35Z,143.75,2.25,4.32,0.28,0.18
2023-06-12T09:31:35Z,169.27,2.03,4.76,0.25,0.18
2023-06-12T10:31:35Z,171.68,1.86,1.96,0.38,0.23
2023-06-12T11:31:35Z,185.76,2.09,2.48,0.51,0.34
2023-06-12T12:31:35Z,182.77,2.36,2.8,0.63,0.4
2023-06-12T13:31:35Z,187.91,2.5,2.81,0.74,0.42
2023-06-12T14:31:35Z,158.87,2.69,2.79,0.65,0.5
2023-06-12T15:31:35Z,199.51,2.67,2.93,0.78,0.46
2023-06-12T16:31:35Z,201.21,2.57,3.03,0.68,0.45
2023-06-12T17:31:35Z,208.87,2.84,5.1,0.67,0.47
2023-06-12T18:31:35Z,202.1,2.91,3.21,0.65,0.45
2023-06-12T19:31:35Z,203.2,2.85,4.95,0.61,0.42
2023-06-12T20:31:35Z,193.86,2.71,4.52,0.57,0.38
2023-06-12T21:31:35Z,199.18,2.71,4.86,0.58,0.36
2023-06-12T22:31:35Z,193.36,2.93,4.74,0.58,0.39
2023-06-12T23:31:35Z,194.67,2.88,4.43,0.56,0.37
2023-06-13T00:31:35Z,201.38,2.71,3.55,0.5,0.34
2023-06-13T01:31:35Z,184.98,2.88,3.4,0.51,0.34
2023-06-13T02:31:35Z,189.91,2.54,2.98,0.66,0.41
2023-06-13T03:31:35Z,177.29,2.59,3.06,0.65,0.37
2023-06-13T04:31:35Z,176.87,2.71,3.42,0.62,0.42
2023-06-13T05:31:35Z,181.82,3.05,3.95,0.67,0.43
2023-06-13T06:31:35Z,183.45,3.09,3.98,0.66,0.47
2023-06-13T07:31:35Z,193.38,2.7,4.22,0.61,0.39
2023-06-13T08:31:35Z,202.57,2.61,4.3,0.49,0.37
2023-06-13T09:31:35Z,189.74,3.19,4.18,0.62,0.34
2023-06-13T10:31:35Z,192.27,2.76,3.94,0.45,0.28
2023-06-13T11:31:35Z,210.67,2.47,3.81,0.42,0.29
2023-06-13T12:31:35Z,204.87,2.16,3.87,0.51,0.33
2023-06-13T13:31:35Z,152.9,2.34,3.59,0.47,0.33
2023-06-13T14:31:35Z,154.76,2.43,3.77,0.62,0.41
2023-06-13T15:31:35Z,161.4,2.23,3.25,0.37,0.3
2023-06-13T16:31:35Z,159.62,2.4,2.49,0.46,0.26
2023-06-13T17:31:35Z,174.87,2.35,2.63,0.55,0.32
2023-06-13T18:31:35Z,183.45,2.53,3.11,0.62,0.36
2023-06-13T19:31:35Z,118.28,-999.99,5.91,0.46,0.27
2023-06-13T20:31:35Z,126.13,2.55,3.45,0.41,0.31
2023-06-13T21:31:35Z,171.32,2.65,3.53,0.45,0.31
2023-06-13T22:31:35Z,117.9,3.17,7.72,0.49,0.35
2023-06-13T23:31:35Z,161.93,2.09,3.56,0.51,0.26
2023-06-14T00:31:35Z,155.61,2.39,3.21,0.27,0.19
2023-06-14T01:31:35Z,134.31,2.54,3.64,0.29,0.18
2023-06-14T02:31:35Z,109.52,2.61,3.47,0.47,0.3
2023-06-14T03:31:35Z,131.65,2.51,3.41,0.4,0.26
2023-06-14T04:31:35Z,157.37,2.54,3.42,0.37,0.24
2023-06-14T05:31:35Z,135.18,2.78,3.47,0.45,0.26
2023-06-14T06:31:35Z,133.18,2.8,3.53,0.38,0.25
2023-06-14T14:37:07Z,140.99,2.44,2.19,0.56,0.36
2023-06-14T15:53:09Z,153.57,2.51,2.65,0.59,0.43
2023-06-14T16:53:09Z,152.68,2.54,2.95,0.62,0.42
2023-06-14T17:53:09Z,157.55,2.57,3.03,0.63,0.43
2023-06-14T18:53:09Z,148.96,3.02,3.22,0.69,0.46
2023-06-14T19:53:09Z,163.86,3.08,3.36,0.75,0.45
2023-06-14T20:53:09Z,168.03,3.4,3.59,0.89,0.48
2023-06-14T21:53:09Z,201.55,2.97,3.72,0.75,0.48
2023-06-14T22:53:09Z,200.03,3.03,3.89,0.84,0.49
2023-06-14T23:53:09Z,197.89,3.28,3.93,0.88,0.5
2023-06-15T00:53:09Z,191.03,3.26,3.88,0.85,0.48
2023-06-15T01:53:09Z,185.75,3.56,4.33,0.64,0.5
2023-06-15T02:53:09Z,184.63,3.09,4.08,0.63,0.44
2023-06-15T03:53:09Z,185.35,3.52,4.33,0.7,0.47
2023-06-15T04:53:09Z,191.17,3.37,4.06,0.76,0.46
2023-06-15T05:53:09Z,181.77,3.5,4.17,0.72,0.44
2023-06-15T06:53:09Z,178.68,3.18,4.01,0.62,0.39
2023-06-15T07:53:09Z,177.73,3.51,5.38,0.48,0.37
2023-06-15T08:53:09Z,185.7,3.35,3.84,0.62,0.33
2023-06-15T09:53:09Z,177.3,3.08,3.87,0.61,0.33
2023-06-15T10:53:09Z,172.59,2.74,3.73,0.47,0.32
2023-06-15T11:53:09Z,162.01,3.25,5.12,0.42,0.28
2023-06-15T12:53:09Z,160.2,2.89,5.56,0.41,0.28
2023-06-15T13:53:09Z,154.9,3.05,4.8,0.4,0.27
2023-06-15T14:53:09Z,154.3,3.02,4.64,0.38,0.3
2023-06-15T15:53:09Z,158.15,3.04,5.79,0.44,0.28
2023-06-15T16:53:09Z,161.4,2.72,5.09,0.43,0.29
2023-06-15T17:53:09Z,168.02,2.91,5.16,0.42,0.29
2023-06-15T18:53:09Z,156.68,2.96,5.43,0.49,0.36
2023-06-15T19:53:09Z,158.6,3.26,3.2,0.54,0.39
2023-06-15T20:53:09Z,142.82,2.95,3.53,0.55,0.4
2023-06-15T21:53:09Z,155.46,3,3.58,0.51,0.37
2023-06-15T22:53:09Z,162.96,3.43,6.02,0.6,0.36
2023-06-15T23:53:09Z,153.84,3.36,3.84,0.59,0.33
2023-06-16T00:53:09Z,165.42,3.39,3.66,0.48,0.31
2023-06-16T01:53:09Z,155.89,3.5,3.77,0.53,0.34
2023-06-16T02:53:09Z,165.01,3.51,3.56,0.42,0.32
2023-06-16T03:53:09Z,167.64,3.23,4.89,0.49,0.38
2023-06-16T04:53:09Z,179.87,3.4,4.6,0.64,0.36
2023-06-16T05:53:09Z,182.21,3.58,4.45,0.67,0.4
2023-06-16T06:53:09Z,185.33,3.31,4.3,0.62,0.38
2023-06-16T07:53:09Z,180.38,3.75,4.07,0.47,0.35
2023-06-16T08:53:09Z,181.11,3.56,4.09,0.58,0.38
2023-06-16T09:53:09Z,179.97,3.24,4.02,0.41,0.3
2023-06-16T10:53:09Z,176.98,3.17,4,0.42,0.32
2023-06-16T11:53:09Z,170.69,2.79,4.01,0.48,0.31
2023-06-16T12:53:09Z,173.21,2.97,4.05,0.43,0.31
2023-06-16T14:53:09Z,163.12,2.61,3.97,0.43,0.32
2023-06-16T15:53:09Z,162.28,2.53,3.85,0.64,0.38
2023-06-16T16:53:09Z,167.66,2.76,3.99,0.47,0.33
2023-06-16T17:53:09Z,151.69,2.63,2.96,0.45,0.32
2023-06-16T18:53:09Z,161.32,2.74,3.8,0.35,0.29
2023-06-16T19:53:09Z,139.13,2.91,3.84,0.41,0.3
2023-06-16T20:53:09Z,156.42,2.86,4.02,0.39,0.3
2023-06-16T21:53:09Z,159.29,2.81,3.74,0.47,0.31
2023-06-16T22:53:09Z,161.56,2.78,3.65,0.45,0.29
2023-06-16T23:53:09Z,150.32,2.89,3.43,0.44,0.28
2023-06-17T00:53:09Z,146.38,2.93,3.61,0.42,0.27
2023-06-17T01:53:09Z,164.96,3.1,3.79,0.5,0.27
2023-06-17T02:53:09Z,161.59,2.95,3.54,0.36,0.27
2023-06-17T03:53:09Z,156.11,3.12,3.44,0.36,0.29
2023-06-17T04:53:09Z,155.19,2.61,3.41,0.43,0.28
2023-06-17T05:53:09Z,142.91,2.49,3.37,0.32,0.22
2023-06-17T06:53:09Z,129.3,2.61,3.16,0.47,0.26
2023-06-17T07:53:09Z,124.1,2.93,3.13,0.39,0.21
2023-06-17T08:53:09Z,127.54,2.91,3.48,0.28,0.2
2023-06-17T09:53:09Z,138.77,2.85,3.2,0.29,0.19
2023-06-17T10:53:09Z,142.95,2.9,3.19,0.31,0.19
2023-06-17T11:53:09Z,171.02,2.78,3.66,0.34,0.22
2023-06-17T12:53:09Z,142.02,3.13,3.61,0.33,0.23
2023-06-17T13:53:09Z,162.52,2.58,4.13,0.38,0.27
2023-06-17T14:53:09Z,172.3,2.28,4.21,0.43,0.28
2023-06-17T15:53:09Z,189.33,2.52,4.15,0.43,0.32
2023-06-17T16:53:09Z,193.8,2.99,4.36,0.57,0.38
2023-06-17T17:53:09Z,193.93,3.18,4.23,0.56,0.41
2023-06-17T18:53:09Z,199.72,3.2,4.22,0.57,0.41
2023-06-17T19:53:09Z,189.63,3.15,4.39,0.57,0.39
2023-06-17T20:53:09Z,180.21,2.97,3.78,0.57,0.39
2023-06-17T21:53:09Z,184.52,3.03,4.28,0.54,0.34
2023-06-17T22:53:09Z,178.38,3.07,3.95,0.49,0.35
2023-06-17T23:53:09Z,185.81,2.91,3.92,0.45,0.3
2023-06-18T00:53:09Z,180.41,3.25,3.76,0.35,0.27
2023-06-18T01:53:09Z,163.46,3.08,3.49,0.39,0.26
2023-06-18T02:53:09Z,176.88,3.38,4.28,0.48,0.32
2023-06-18T03:53:09Z,180.5,3.24,4.45,0.67,0.46
2023-06-18T04:53:09Z,180.09,3.46,4.62,0.71,0.48
2023-06-18T05:53:09Z,181.93,3.42,4.6,0.74,0.48
2023-06-18T06:53:09Z,182.84,3.34,4.66,0.78,0.5
2023-06-18T07:53:09Z,183.39,3.8,4.63,0.61,0.46
2023-06-18T08:53:09Z,167.72,3.36,4.48,0.68,0.46
2023-06-18T09:53:09Z,168.86,3.46,4.34,0.63,0.44
2023-06-18T10:53:09Z,166.29,2.75,4.37,0.59,0.39
2023-06-18T11:53:09Z,147.39,3.62,4.1,0.56,0.37
2023-06-18T12:53:09Z,166.86,3.19,4.17,0.5,0.34
2023-06-18T13:53:09Z,159.17,3.14,4.18,0.55,0.35
2023-06-18T14:53:09Z,168.41,3.25,3.89,0.46,0.32
2023-06-18T15:53:09Z,158.03,2.81,3.52,0.46,0.3
2023-06-18T16:53:09Z,162.6,3.24,3.86,0.57,0.32
2023-06-18T17:53:09Z,150.89,2.88,3.47,0.51,0.3
2023-06-18T18:53:09Z,150.15,2.7,3.61,0.57,0.36
2023-06-18T19:53:09Z,146.18,2.54,3.46,0.61,0.4
2023-06-18T20:53:09Z,139.8,2.73,3.74,0.84,0.52
2023-06-18T21:53:09Z,137.59,2.88,4.11,0.83,0.59
2023-06-18T22:53:09Z,131.41,2.98,3.94,0.75,0.53
2023-06-18T23:53:09Z,133.81,3.03,4.3,0.76,0.51
2023-06-19T00:53:09Z,118.82,2.91,4.09,0.86,0.52
2023-06-19T01:53:09Z,119.58,2.91,4.03,0.75,0.48
2023-06-19T02:53:09Z,123.79,2.98,4.18,0.66,0.48
2023-06-19T03:53:09Z,119.62,3.09,4.55,1.03,0.65
2023-06-19T04:53:09Z,118.54,3.23,4.75,1.13,0.83
2023-06-19T05:53:09Z,116.57,3.37,4.79,1.29,0.9
2023-06-19T06:53:09Z,110.52,3.25,4.64,1.59,0.88
2023-06-19T07:53:09Z,110.92,3.44,4.54,1.38,0.87
2023-06-19T08:53:09Z,110.56,3.15,4.35,1.21,0.82
2023-06-19T09:53:09Z,112.13,3.56,4.41,1.29,0.88
2023-06-19T10:53:09Z,111.42,3.62,4.85,1.6,0.88
2023-06-19T11:53:09Z,112.48,3.73,5.45,1.59,1.11
2023-06-19T12:53:09Z,109.35,3.69,5.41,1.3,1
2023-06-19T16:51:52Z,103.18,3.97,5.08,1.99,1.45
2023-06-19T17:51:52Z,101.78,4.26,5.32,2.25,1.52
2023-06-19T18:51:52Z,103.47,4,6.17,2.05,1.4
2023-06-19T19:51:52Z,107.02,4.22,5.78,2.15,1.44
2023-06-19T20:51:52Z,109.71,4.42,6.05,2.16,1.47
2023-06-19T21:51:52Z,106.43,4.02,5.26,1.83,1.43
2023-06-19T22:51:52Z,108.53,4.05,5.78,1.84,1.26
2023-06-19T23:51:52Z,106.19,4.07,6.05,1.41,1.12
2023-06-20T00:51:52Z,109.55,4.67,6.23,1.86,1.3
2023-06-20T01:51:52Z,109.81,4.64,6.55,1.78,1.23
2023-06-20T02:51:52Z,107.12,4.85,6.95,2.21,1.24
2023-06-20T03:51:52Z,108.47,4.71,6.8,1.85,1.23
2023-06-20T04:51:52Z,106.66,5.03,6.34,1.97,1.2
2023-06-20T05:51:52Z,107.78,5.06,6.8,1.59,1.23
2023-06-20T06:51:52Z,104.6,5.46,6.73,2.08,1.2
2023-06-20T07:51:52Z,108.49,5.15,7.24,1.67,1.06
2023-06-20T08:51:52Z,104.72,5.54,7.11,1.49,1.04
2023-06-20T09:51:52Z,112.3,5.35,7.11,1.98,1.04
2023-06-20T10:51:52Z,111.89,5.54,7.02,1.3,1.01
2023-06-20T11:51:52Z,113.09,5.78,7,1.6,0.99
2023-06-20T12:51:52Z,112.52,5.45,7.15,1.51,0.96
2023-06-20T13:51:52Z,115.4,5.62,6.98,1.85,1.01
2023-06-20T14:51:52Z,116.74,5.1,6.97,1.4,0.98
2023-06-20T15:51:52Z,109.39,5.83,7.31,1.26,0.96
2023-06-20T16:51:52Z,113.29,4.78,6.87,1.33,0.84
2023-06-20T17:51:52Z,112.85,5.05,7.2,0.99,0.79
2023-06-20T18:51:52Z,112.46,5.28,6.82,1.26,0.89
2023-06-20T19:51:52Z,113.24,6.06,7.34,1.26,0.97
2023-06-20T20:51:52Z,110.65,4.93,7.28,1.25,0.85
2023-06-20T21:51:52Z,115.25,5.13,7.17,1.25,0.89
2023-06-20T22:51:52Z,115.08,5.21,7.48,1.18,0.78
2023-06-20T23:51:52Z,110.38,5.21,6.87,1.26,0.88
2023-06-21T00:51:52Z,114.69,5.05,7.2,1.17,0.72
2023-06-21T01:51:52Z,106.13,4.86,6.83,1.09,0.77
2023-06-21T02:51:52Z,103.03,3.67,6.74,1.24,0.86
2023-06-21T03:51:52Z,102.9,3.63,6.82,1.43,0.97
2023-06-21T04:51:52Z,105.62,3.8,6.84,1.69,0.99
2023-06-21T05:51:52Z,104.8,4.04,5.97,2.03,1.21
2023-06-21T06:51:52Z,99.19,4.63,6.53,2.1,1.36
2023-06-21T07:51:52Z,100.45,4.85,6.62,1.98,1.3
2023-06-21T08:51:52Z,101.16,5.03,6.34,1.9,1.37
2023-06-21T09:51:52Z,101.4,4.76,6.24,1.75,1.32
2023-06-21T10:51:52Z,106.41,4.13,6.34,1.76,1.19
2023-06-21T11:51:52Z,100.8,3.73,6.82,1.53,1.01
2023-06-21T12:51:52Z,95.47,3.66,6.04,1.21,0.9
2023-06-21T13:51:52Z,100.57,3.7,6.04,1.21,0.9
2023-06-21T14:51:52Z,99.28,3.5,6.27,1.12,0.79
2023-06-21T15:51:52Z,99.07,3.65,6.31,1.04,0.73
2023-06-21T16:51:52Z,98.65,3.95,5.87,1.06,0.76
2023-06-21T17:51:52Z,98.03,4.48,5.34,1.03,0.78
2023-06-21T18:51:52Z,97.54,4.55,5.54,1.22,0.83
2023-06-21T19:51:52Z,97.87,4.23,5.86,1.11,0.78
2023-06-21T20:51:52Z,100.71,4.22,6.16,0.91,0.72
2023-06-21T21:51:52Z,104.73,4.05,6.34,1.02,0.71
2023-06-21T22:51:52Z,109.32,4.46,6.43,1.22,0.73
2023-06-21T23:51:52Z,105.59,5.01,6.67,1.39,0.75
2023-06-22T00:51:52Z,108.14,5.12,6.66,1.22,0.77
2023-06-22T01:51:52Z,109.21,4.76,6.53,1.09,0.81
2023-06-22T02:51:52Z,110.99,5.16,6.42,1.13,0.74
2023-06-22T03:51:52Z,110.01,4.64,6.53,1.06,0.66
2023-06-22T04:51:52Z,115.93,3.77,6.64,1.36,0.76
2023-06-22T05:51:52Z,114.57,3.71,6.58,0.82,0.52
2023-06-22T06:51:52Z,115.82,3.7,6.86,0.8,0.48
2023-06-22T07:51:52Z,112.29,3.31,6.41,0.83,0.59
2023-06-22T08:51:52Z,113.51,3.05,6.58,0.93,0.66
2023-06-22T09:51:52Z,112.69,3.02,6.11,0.99,0.66
2023-06-22T10:51:52Z,142.21,2.88,3.25,0.8,0.6
2023-06-22T11:51:52Z,166.48,3.18,3.55,1.13,0.77
2023-06-22T12:51:52Z,152.47,3.22,3.65,1.03,0.73
2023-06-22T13:51:52Z,160.3,2.94,3.78,0.9,0.61
2023-06-22T14:51:52Z,165.36,3.04,3.69,0.92,0.64
2023-06-22T15:51:52Z,127.93,-999.99,5.59,0.81,0.49
2023-06-22T16:51:52Z,133.86,3.4,3.66,0.9,0.75
2023-06-22T17:51:52Z,124.05,3.51,5.99,1.22,0.85
2023-06-22T18:51:52Z,160.15,3.49,3.81,1.21,0.78
2023-06-22T19:51:52Z,166.4,3.1,3.87,0.94,0.73
2023-06-22T20:51:52Z,147.67,3.06,3.88,0.87,0.68
2023-06-22T21:51:52Z,124.26,3.19,6.23,0.84,0.66
2023-06-22T22:51:52Z,124.1,3.68,5.99,0.88,0.64
2023-06-22T23:51:52Z,124.1,3.49,6.23,0.95,0.64
2023-06-23T00:51:52Z,118.88,4.06,6.36,0.96,0.69
2023-06-23T01:51:52Z,112.12,3.73,6.56,0.78,0.55
2023-06-23T02:51:52Z,104.57,3.81,6.27,0.8,0.59
2023-06-23T03:51:52Z,110.5,4.35,6.44,0.77,0.59
2023-06-23T04:51:52Z,110.21,4.08,6.48,0.8,0.53
2023-06-23T05:51:52Z,111.61,3.73,6.12,0.65,0.42
2023-06-23T06:51:52Z,114.78,3.8,6.23,0.57,0.41
2023-06-23T07:51:52Z,105.84,4.93,6.06,0.51,0.38
2023-06-23T08:51:52Z,102.56,3.77,6.02,0.55,0.39
2023-06-23T09:51:52Z,109.02,3.87,6.03,0.45,0.32
2023-06-23T10:51:52Z,106.86,3.2,5.96,0.49,0.36
2023-06-23T11:51:52Z,109.7,2.91,5.88,0.49,0.34
2023-06-23T12:51:52Z,106.9,3.07,5.76,0.72,0.41
2023-06-23T13:51:52Z,114.38,2.79,6.08,0.64,0.44
2023-06-23T14:51:52Z,116.68,2.81,2.97,0.66,0.47
2023-06-23T15:51:52Z,128.53,2.73,3.13,0.77,0.46
2023-06-23T16:51:52Z,148.36,2.98,3.24,0.72,0.47
2023-06-23T17:51:52Z,148.28,2.8,3.29,0.67,0.47
2023-06-23T18:51:52Z,144.35,3,3.48,0.65,0.48
2023-06-23T19:51:52Z,161.52,3.19,3.59,0.78,0.48
2023-06-23T20:51:52Z,181.54,3.3,3.78,0.72,0.45
2023-06-23T21:51:52Z,197.09,3.49,3.89,0.83,0.5
2023-06-23T22:51:52Z,181.43,3.3,3.85,0.54,0.4
2023-06-23T23:51:52Z,211.46,3.18,3.93,0.61,0.38
2023-06-24T00:51:52Z,218.03,3.09,4.04,0.61,0.39
2023-06-24T01:51:52Z,203,3.09,3.87,0.57,0.42
2023-06-24T02:51:52Z,191.78,3.05,3.87,0.6,0.34
2023-06-24T03:51:52Z,209.16,2.85,3.94,0.64,0.35
2023-06-24T04:51:52Z,197.52,2.98,4.09,0.47,0.35
2023-06-24T05:51:52Z,200.74,3.03,3.97,0.44,0.31
2023-06-24T06:51:52Z,202.4,2.97,3.88,0.48,0.31
2023-06-24T07:51:52Z,211.32,3.03,3.97,0.52,0.33
2023-06-24T08:51:52Z,193.37,2.71,3.67,0.62,0.33
2023-06-24T09:51:52Z,199.81,2.38,3.8,0.5,0.33
2023-06-24T10:51:52Z,205.45,2.3,3.6,0.54,0.34
2023-06-24T11:51:52Z,191.84,2.22,3.49,0.56,0.31
2023-06-24T12:51:52Z,162.18,2.49,3.34,0.53,0.36
2023-06-24T13:51:52Z,168.18,2.29,3.3,0.49,0.32
2023-06-24T14:51:52Z,163.1,2.31,3.46,0.43,0.32
2023-06-24T15:51:52Z,159.77,2.4,3.35,0.49,0.33
2023-06-24T16:51:52Z,163.83,2.54,3.58,0.46,0.33
2023-06-24T17:51:52Z,190.15,2.87,3.45,0.52,0.36
2023-06-24T18:51:52Z,172.99,3.01,3.32,0.43,0.31
2023-06-24T19:51:52Z,214.63,3.41,3.85,0.6,0.38
2023-06-24T20:51:52Z,219.62,3.09,3.92,0.58,0.35
2023-06-24T21:51:52Z,210.86,3.06,3.85,0.5,0.34
2023-06-24T22:51:52Z,206.93,2.81,3.6,0.51,0.34
2023-06-24T23:51:52Z,211.15,3.07,3.88,0.5,0.32
2023-06-25T00:51:52Z,199.92,2.97,3.75,0.49,0.31
2023-06-25T01:51:52Z,202.17,3.1,3.73,0.55,0.32
2023-06-25T02:51:52Z,167.95,2.7,3.32,0.47,0.26
2023-06-25T03:51:52Z,166.42,2.78,3.48,0.34,0.25
2023-06-25T04:51:52Z,144.72,3.07,3.56,0.29,0.22
2023-06-25T05:51:52Z,142.37,3.1,3.45,0.32,0.21
2023-06-25T06:51:52Z,150.14,3.14,6.33,0.35,0.23
2023-06-25T07:51:52Z,169.16,2.35,3.72,0.39,0.3
2023-06-25T08:51:52Z,166.38,2.38,5.61,0.41,0.28
2023-06-25T09:51:52Z,183.77,2.31,3.71,0.48,0.29
2023-06-25T10:51:52Z,169.52,2.37,4.55,0.41,0.27
2023-06-25T11:51:52Z,203.66,2.74,4.5,0.49,0.32
2023-06-25T12:51:52Z,192.79,2.54,4.68,0.41,0.3
2023-06-25T13:51:52Z,173.9,2.84,4.5,0.6,0.35
2023-06-25T14:51:52Z,194.29,2.74,4.36,0.46,0.35
2023-06-25T15:51:52Z,179.11,2.72,4.02,0.5,0.35
2023-06-25T16:51:52Z,184.84,2.84,3.67,0.64,0.35
2023-06-25T17:51:52Z,179.98,2.66,3,0.61,0.33
2023-06-25T18:51:52Z,183.58,2.59,3.67,0.53,0.35
2023-06-25T19:51:52Z,172.59,2.98,3.69,0.47,0.34
2023-06-25T20:51:52Z,182.71,2.91,3.64,0.5,0.35
2023-06-25T21:51:52Z,181.87,3,4,0.48,0.33
2023-06-25T22:51:52Z,193.35,3.29,4.19,0.53,0.35
2023-06-25T23:51:52Z,197.04,3.11,4.48,0.56,0.34
2023-06-26T00:51:52Z,197.15,3.18,4.44,0.47,0.34
2023-06-26T01:51:52Z,198.23,3.15,4.3,0.5,0.3
2023-06-26T02:51:52Z,203.24,3.27,4.07,0.48,0.33
2023-06-26T03:51:52Z,191.92,3.33,4.02,0.47,0.33
2023-06-26T04:51:52Z,201.9,2.98,4.12,0.45,0.34
2023-06-26T05:51:52Z,201.43,3.49,4.2,0.48,0.36
2023-06-26T06:51:52Z,199.81,3.51,4.39,0.59,0.4
2023-06-26T07:51:52Z,194.63,3.74,4.56,0.53,0.39
2023-06-26T08:51:52Z,196.65,3.77,4.55,0.49,0.38
2023-06-26T09:51:52Z,200.99,3.93,4.52,0.53,0.37
2023-06-26T10:51:52Z,199.5,3.1,4.42,0.53,0.3
2023-06-26T11:51:52Z,191.84,2.88,4.37,0.58,0.32
2023-06-26T12:51:52Z,199.43,3.02,4.56,0.44,0.34
2023-06-26T13:51:52Z,207.78,2.72,4.45,0.59,0.35
2023-06-26T14:51:52Z,193.54,2.52,4.33,0.59,0.35
2023-06-26T15:51:52Z,201.16,2.77,4.17,0.75,0.42
2023-06-26T16:51:52Z,195.94,2.81,3.59,0.65,0.45
2023-06-26T17:51:52Z,199.42,3.14,4.02,0.92,0.51
2023-06-26T18:51:52Z,189.32,3.15,3.9,0.91,0.55
2023-06-26T19:51:52Z,198.81,3.17,4.2,0.79,0.51
2023-06-26T20:51:52Z,198.02,3.21,4.4,0.84,0.56
2023-06-26T21:51:52Z,200.97,3.19,4.31,0.79,0.53
2023-06-26T22:51:52Z,199.49,2.81,4.14,0.63,0.45
2023-06-26T23:51:52Z,194.96,2.8,3.96,0.51,0.4
2023-06-27T00:51:52Z,194.27,2.88,3.9,0.65,0.39
2023-06-27T01:51:52Z,197.53,3.26,3.98,0.5,0.38
2023-06-27T02:51:52Z,196.62,3.25,3.88,0.65,0.4
2023-06-27T03:51:52Z,191.42,3.05,3.99,0.56,0.36
2023-06-27T04:51:52Z,189.79,2.99,3.84,0.57,0.34
2023-06-27T05:51:52Z,194.39,3.19,4.05,0.56,0.35
2023-06-27T06:51:52Z,195.47,2.92,4.11,0.48,0.32
2023-06-27T07:51:52Z,194.55,2.7,4.26,0.54,0.33
2023-06-27T08:51:52Z,193.55,2.62,3.97,0.52,0.34
2023-06-27T09:51:52Z,191.95,2.89,4.26,0.46,0.34
2023-06-27T10:51:52Z,189.88,3.11,4.13,0.43,0.32
2023-06-27T11:51:52Z,204.96,3.25,4.48,0.5,0.33
2023-06-27T12:51:52Z,190.14,2.69,4.13,0.48,0.33
2023-06-27T13:51:52Z,200.02,2.28,4.25,0.56,0.39
2023-06-27T14:51:52Z,189.63,2.48,4.32,0.59,0.38
2023-06-27T15:51:52Z,176.45,2.8,4.27,0.59,0.4
2023-06-27T16:51:52Z,158.66,2.88,4.3,0.96,0.51
2023-06-27T17:51:52Z,143.11,3.08,3.91,0.9,0.49
2023-06-27T18:51:52Z,142.87,3.21,4,0.71,0.51
2023-06-27T19:51:52Z,139.7,2.85,3.88,0.83,0.5
2023-06-27T20:51:52Z,147.81,3.23,3.87,0.69,0.47
2023-06-27T21:51:52Z,144.98,3.1,3.72,0.76,0.49
2023-06-27T22:51:52Z,146.04,2.94,3.6,0.54,0.39
2023-06-27T23:51:52Z,142.3,3.22,3.94,0.66,0.42
2023-06-28T00:51:52Z,136.53,3.04,3.68,0.62,0.4
2023-06-28T01:51:52Z,140.93,3.19,4.02,0.67,0.4
2023-06-28T02:51:52Z,148.05,3.2,3.6,0.65,0.39
2023-06-28T03:51:52Z,146.72,3.3,3.79,0.61,0.41
2023-06-28T04:51:52Z,144.43,2.97,3.73,0.51,0.35
2023-06-28T05:51:52Z,155.97,2.74,3.89,0.49,0.32
2023-06-28T06:51:52Z,150.43,2.77,3.53,0.45,0.29
2023-06-28T07:51:52Z,146.04,3.14,3.66,0.35,0.25
2023-06-28T08:51:52Z,143.23,3.32,3.46,0.39,0.24
2023-06-28T09:51:52Z,164.36,3.01,3.4,0.42,0.26
2023-06-28T10:51:52Z,172.81,2.81,3.5,0.44,0.28
2023-06-28T11:51:52Z,157.96,2.7,3.64,0.45,0.28
2023-06-28T12:51:52Z,160.45,2.77,3.7,0.51,0.32
2023-06-28T13:51:52Z,155.06,2.68,3.75,0.5,0.32
2023-06-28T14:51:52Z,164.33,2.62,3.78,0.59,0.33
2023-06-28T15:51:52Z,165.53,2.27,3.83,0.53,0.34
2023-06-28T16:51:52Z,168.82,2.6,3.79,0.52,0.32
2023-06-28T17:51:52Z,157.15,3.09,4.2,0.5,0.32
2023-06-28T18:51:52Z,162.81,2.88,3.91,0.58,0.42
2023-06-28T19:51:52Z,159.87,3.18,3.55,0.59,0.44
2023-06-28T20:51:52Z,165.74,3.11,3.43,0.52,0.36
2023-06-28T21:51:52Z,171.49,3.15,4.24,0.51,0.33
2023-06-28T22:51:52Z,182.55,3.18,4.24,0.51,0.34
2023-06-28T23:51:52Z,186.3,3.09,4.26,0.44,0.32
2023-06-29T00:51:52Z,158.82,3.2,4.16,0.47,0.28
2023-06-29T01:51:52Z,188.4,2.89,3.88,0.4,0.29
2023-06-29T02:51:52Z,169.05,3.32,3.78,0.46,0.31
2023-06-29T03:51:52Z,166.94,3.04,3.83,0.43,0.29
2023-06-29T04:51:52Z,163.43,3,3.91,0.45,0.29
2023-06-29T05:51:52Z,160.73,3.55,4.21,0.44,0.33
2023-07-18T13:57:42Z,120.62,2.21,2.34,0.43,0.3
2023-07-18T14:57:42Z,131.27,2.19,2.28,0.5,0.35
2023-07-18T15:57:42Z,140.35,2.08,2.32,0.5,0.33
2023-07-18T16:57:42Z,151.62,2.22,2.42,0.59,0.36
2023-07-18T17:57:42Z,144.96,2.24,2.4,0.52,0.36
2023-07-18T18:57:42Z,146.54,2.27,2.41,0.49,0.37
2023-07-18T19:57:42Z,127.33,2.46,2.46,0.48,0.32
2023-07-18T20:57:42Z,119.57,2.38,2.61,0.47,0.3
2023-07-18T21:57:42Z,132.55,2.3,2.48,0.42,0.28
2023-07-18T22:57:42Z,124.29,2.23,2.42,0.33,0.27
2023-07-18T23:57:42Z,124.8,2.81,3.37,0.34,0.23
2023-07-19T00:57:42Z,150.67,2.01,3.17,0.32,0.2
2023-07-19T01:57:42Z,145.79,2.01,2.19,0.46,0.3
2023-07-19T02:57:42Z,151.58,2.2,2.59,0.66,0.44
2023-07-19T03:57:42Z,126.97,2.15,2.78,0.59,0.4
2023-07-19T04:57:42Z,151.56,2.21,2.86,0.44,0.31
2023-07-19T05:57:42Z,153.12,2.19,2.6,0.43,0.27
2023-07-19T06:57:42Z,152.11,2.39,2.95,0.49,0.26
2023-07-19T07:57:42Z,150.3,2.58,2.81,0.45,0.29
2023-07-19T08:57:42Z,127.3,2.57,2.95,0.38,0.24
2023-07-19T09:57:42Z,150.62,2.61,2.79,0.37,0.25
2023-07-19T10:57:42Z,152.64,2.52,2.94,0.35,0.24
2023-07-19T11:57:42Z,151.78,2.38,3.96,0.4,0.25
2023-07-19T12:57:42Z,130.18,2.17,3.34,0.42,0.29
2023-07-19T13:57:42Z,122.07,2.16,3.48,0.41,0.27
2023-07-19T14:57:42Z,121.48,2.31,3.37,0.4,0.29
2023-07-19T15:57:42Z,137.24,2.22,3.06,0.51,0.29
2023-07-19T16:57:42Z,136.94,2.38,3.54,0.49,0.32
2023-07-19T17:57:42Z,135.86,2.5,3.17,0.57,0.33
2023-07-19T18:57:42Z,140.3,2.79,3.32,0.62,0.36
2023-07-19T19:57:42Z,136.82,2.59,3.3,0.55,0.33
2023-07-19T20:57:42Z,128.45,2.65,3.74,0.57,0.35
2023-07-19T21:57:42Z,139.71,2.63,3.83,0.49,0.33
2023-07-19T22:57:42Z,116.15,2.94,3.54,0.57,0.33
2023-07-19T23:57:42Z,97.31,3,3.43,0.54,0.36
2023-07-20T00:57:42Z,96.35,2.84,4.03,0.57,0.32
2023-07-20T01:57:42Z,94.09,2.76,4.68,0.51,0.33
2023-07-20T02:57:42Z,103.27,3.12,3.94,0.42,0.32
2023-07-20T03:57:42Z,105.46,2.96,3.8,0.4,0.28
2023-07-20T04:57:42Z,125.07,2.94,3.78,0.46,0.28
2023-07-20T05:57:42Z,123.26,3.02,3.89,0.45,0.29
2023-07-20T06:57:42Z,134.13,2.89,3.6,0.37,0.26
2023-07-20T07:57:42Z,110.82,3.16,3.56,0.36,0.26
2023-07-20T08:57:42Z,125.47,3.31,4.15,0.44,0.3
2023-07-20T09:57:42Z,128.92,3.17,3.95,0.56,0.35
2023-07-20T10:57:42Z,136.1,2.86,3.95,0.51,0.34
2023-07-20T11:57:42Z,134.53,3.68,4.11,0.48,0.37
2023-07-20T12:57:42Z,123.92,3.57,4.05,0.64,0.45
2023-07-20T13:57:42Z,124.03,3.11,4.73,0.53,0.41
2023-07-20T14:57:42Z,125.57,2.92,4.6,0.67,0.46
2023-07-20T15:57:42Z,120.38,3.11,4.92,0.82,0.51
2023-07-20T16:57:42Z,113.96,2.9,3.97,0.72,0.47
2023-07-20T17:57:42Z,110.82,3.34,4.42,0.71,0.51
2023-07-20T18:57:42Z,109.81,3.05,4.57,0.7,0.48
2023-07-20T19:57:42Z,117.92,2.69,4.32,0.77,0.46
2023-07-20T20:57:42Z,117.52,3.06,4.6,0.81,0.52
2023-07-20T21:57:42Z,134.59,2.94,3.75,0.66,0.45
2023-07-20T22:57:42Z,135.14,3.01,3.41,0.57,0.39
2023-07-20T23:57:42Z,142.37,2.83,3.35,0.61,0.44
2023-07-21T00:57:42Z,151.06,2.88,3.76,0.53,0.39
2023-07-21T01:57:42Z,144.49,2.82,3.96,0.51,0.35
2023-07-21T02:57:42Z,147.67,2.62,3.7,0.62,0.39
2023-07-21T03:57:42Z,147.54,2.45,2.79,0.75,0.47
2023-07-21T04:57:42Z,153.51,2.51,3.04,0.89,0.56
2023-07-21T05:57:42Z,145.69,2.68,3.02,0.9,0.6
2023-07-21T06:57:42Z,150.89,2.78,3.2,0.9,0.53
2023-07-21T07:57:42Z,146.55,2.89,3.86,0.89,0.58
2023-07-21T08:57:42Z,133.36,3.25,4.1,1.19,0.72
2023-07-21T09:57:42Z,127.69,3.45,4.33,1.17,0.74
2023-07-21T10:57:42Z,120.87,3.5,4.47,1.39,0.8
2023-07-21T11:57:42Z,115.52,3.29,4.44,1.08,0.74
2023-07-21T12:57:42Z,115.41,3.05,4.52,1.14,0.68
2023-07-21T13:57:42Z,108.12,3.27,4.69,1.38,0.7
2023-07-21T14:57:42Z,106.49,3.29,4.58,0.92,0.74
2023-07-21T15:57:42Z,114.55,3.12,4.31,1.18,0.72
2023-07-21T16:57:42Z,114.4,3.15,3.92,1.06,0.77
2023-07-21T17:57:42Z,123.37,3.08,3.97,1.14,0.73
2023-07-21T18:57:42Z,128.75,3.38,4.55,1.33,0.75
2023-07-21T19:57:42Z,125.54,3.47,4.59,1.27,0.89
2023-07-21T20:57:42Z,120.01,3.38,4.55,1.2,0.75
2023-07-21T21:57:42Z,130.29,3.37,4.56,1.32,0.81
2023-07-21T22:57:42Z,121.72,3.55,4.6,1.27,0.82
2023-07-21T23:57:42Z,118.47,3.78,4.47,1.17,0.76
2023-07-22T00:57:42Z,124.42,3.42,4.41,1.26,0.75
2023-07-22T01:57:42Z,125.86,3.7,4.59,0.99,0.67
2023-07-22T02:57:42Z,122.33,3.49,4.67,0.98,0.68
2023-07-22T03:57:42Z,124.76,3.29,4.38,0.78,0.6
2023-07-22T04:57:42Z,124.29,3.54,4.77,0.96,0.7
2023-07-22T05:57:42Z,131.9,3.15,4.52,0.9,0.58
2023-07-22T06:57:42Z,133.95,3.41,4.51,0.98,0.64
2023-07-22T07:57:42Z,136.64,3.26,5.07,1.13,0.69
2023-07-22T08:57:42Z,132.6,3.53,4.92,0.97,0.66
2023-07-22T09:57:42Z,135.97,3.09,5.01,0.89,0.6
2023-07-22T10:57:42Z,140.92,3.11,4.55,0.98,0.63
2023-07-22T11:57:42Z,137.35,3.27,4.93,1.18,0.67
2023-07-22T12:57:42Z,136.43,3.28,4.21,1.06,0.71
2023-07-22T13:57:42Z,124.81,3.37,4.18,1.06,0.72
2023-07-22T14:57:42Z,133.01,3.16,4.57,0.96,0.66
2023-07-22T15:57:42Z,113.98,3.21,4.07,1.05,0.66
2023-07-22T16:57:42Z,123.79,3.27,4.45,0.84,0.62
2023-07-22T17:57:42Z,115.91,3.21,4.12,0.93,0.6
2023-07-22T18:57:42Z,129.74,3.23,3.96,0.7,0.52
2023-07-22T19:57:42Z,126.2,3.49,4.38,0.84,0.61
2023-07-22T20:57:42Z,131.68,3.07,4.01,0.76,0.52
2023-07-22T21:57:42Z,135.28,3.18,4.54,0.81,0.52
2023-07-22T22:57:42Z,136.67,2.96,3.84,0.7,0.43
2023-07-22T23:57:42Z,134.11,2.88,4.29,0.75,0.48
2023-07-23T00:57:42Z,139.16,3.42,4.55,0.61,0.42
2023-07-23T01:57:42Z,132.03,2.81,3.9,0.64,0.42
2023-07-23T02:57:42Z,146.58,2.95,4.52,0.65,0.42
2023-07-23T03:57:42Z,150.31,3.08,3.79,0.54,0.4
2023-07-23T04:57:42Z,149.8,2.6,3.72,0.54,0.38
2023-07-23T05:57:42Z,140.3,2.9,3.53,0.52,0.36
2023-07-23T06:57:42Z,139.85,3.04,3.62,0.47,0.35
2023-07-23T07:57:42Z,145.7,2.9,3.96,0.5,0.33
2023-07-23T08:57:42Z,142.79,2.83,3.75,0.5,0.33
2023-07-23T09:57:42Z,141.44,2.92,3.87,0.48,0.34
2023-07-23T10:57:42Z,148.37,2.49,4.15,0.48,0.33
2023-07-23T11:57:42Z,153.73,2.44,3.98,0.55,0.38
2023-07-23T12:57:42Z,136.92,2.63,4.14,0.58,0.38
2023-07-23T13:57:42Z,133.66,2.8,4.12,0.6,0.4
2023-07-23T14:57:42Z,128.89,2.66,3.94,0.56,0.38
2023-07-23T15:57:42Z,151.87,2.77,3.45,0.55,0.38
2023-07-23T16:57:42Z,141.75,2.47,3.86,0.55,0.36
2023-07-23T17:57:42Z,145.15,2.64,3.81,0.54,0.36
2023-07-23T18:57:42Z,141.18,2.83,4.2,0.58,0.36
2023-07-23T19:57:42Z,140.54,2.8,3.72,0.5,0.33
2023-07-23T20:57:42Z,121.78,2.72,3.76,0.53,0.33
2023-07-23T21:57:42Z,130.58,2.69,3.82,0.46,0.37
2023-07-23T22:57:42Z,144.73,2.82,3.49,0.43,0.31
2023-07-23T23:57:42Z,136.53,2.78,3.81,0.46,0.3
2023-07-24T00:57:42Z,141.36,2.84,4.02,0.45,0.3
2023-07-24T01:57:42Z,139.97,2.95,3.67,0.45,0.29
2023-07-24T02:57:42Z,142.83,2.84,3.75,0.44,0.32
2023-07-24T03:57:42Z,140.48,3.28,-999.99,0.72,0.38
2023-07-24T04:57:42Z,139.45,2.76,4.53,0.46,0.3
2023-07-24T05:57:42Z,149.57,3.67,-999.99,0.42,0.32
2023-07-24T06:57:42Z,110.68,4.09,-999.99,0.51,0.36
2023-07-24T07:57:42Z,132.52,4.07,4.77,0.43,0.35
2023-07-24T08:57:42Z,136.1,3.81,-999.99,0.67,0.36
2023-07-24T09:57:42Z,124.64,2.92,4.78,0.47,0.32
2023-07-24T10:57:42Z,132.57,2.74,4.95,0.46,0.33
2023-07-24T11:57:42Z,109.86,2.9,-999.99,0.46,0.33
2023-07-24T12:57:42Z,118.34,2.37,-999.99,0.52,0.35
2023-07-24T13:57:42Z,116.08,2.45,4.73,0.64,0.45
2023-07-24T14:57:42Z,121.07,2.53,2.62,0.69,0.45
2023-07-24T15:57:42Z,121.86,2.67,2.96,0.89,0.57
2023-07-24T16:57:42Z,100.58,2.84,3.59,1.14,0.74
2023-07-24T17:57:42Z,90.65,3.19,3.83,1.21,0.81
2023-07-24T18:57:42Z,83.92,3.37,4.45,1.53,0.93
2023-07-24T19:57:42Z,86.22,3.42,4.59,1.44,0.96
2023-07-24T20:57:42Z,88.47,3.49,4.42,1.43,0.96
2023-07-24T21:57:42Z,83.47,3.23,4.45,1.26,0.79
2023-07-24T22:57:42Z,91.07,3.19,4.69,1.08,0.79
2023-07-24T23:57:42Z,84.02,-999.99,4.72,1.12,0.67
2023-07-25T00:57:42Z,82.99,3.12,4.96,0.9,0.65
2023-07-25T01:57:42Z,84.12,3.22,5.56,0.96,0.66
2023-07-25T02:57:42Z,81.58,3.3,5.33,1.24,0.77
2023-07-25T03:57:42Z,84.1,3.21,5.03,0.97,0.66
2023-07-25T04:57:42Z,82.84,3.74,4.4,1.02,0.78
2023-07-25T05:57:42Z,107.85,2.98,4.33,0.93,0.73
2023-07-25T06:57:42Z,142.19,3.23,4.58,1.22,0.82
2023-07-25T07:57:42Z,99.53,3.6,4.94,1.42,0.77
2023-07-25T08:57:42Z,103.59,3.2,4.98,1.01,0.69
2023-07-25T09:57:42Z,128.44,3.21,4.58,1.11,0.7
2023-07-25T10:57:42Z,172.98,3.24,4.19,1.14,0.75
2023-07-25T11:57:42Z,188.65,3.63,4.71,1.54,0.98
2023-07-25T12:57:42Z,209.9,3.85,4.61,1.76,1.14
2023-07-25T13:57:42Z,217.91,3.74,4.71,1.79,1.12
2023-07-25T14:57:42Z,215.24,3.43,4.6,1.51,1.11
2023-07-25T15:57:42Z,218.88,3.47,4.51,1.71,1.13
2023-07-25T16:57:42Z,218.5,3.61,4.59,1.55,0.98
2023-07-25T17:57:42Z,175.63,3.38,6.64,1.31,0.91
2023-07-25T18:57:42Z,185.57,3.5,4.35,1.42,0.97
2023-07-25T19:57:42Z,186.58,3.84,4.46,1.34,0.91
2023-07-25T20:57:42Z,176,3.67,5.96,1.3,0.81
2023-07-25T21:57:42Z,203.04,3.35,4.33,1.32,0.85
2023-07-25T22:57:42Z,133.99,3.68,5.01,1.84,1.12
2023-07-25T23:57:42Z,89.66,4.02,5.29,1.72,1.32
2023-07-26T00:57:42Z,89.27,3.72,5.05,2.2,1.34
2023-07-26T01:57:42Z,90.86,3.77,5.48,1.94,1.35
2023-07-26T02:57:42Z,98.99,3.94,4.94,1.97,1.23
2023-07-26T03:57:42Z,106.32,3.66,4.9,1.73,1.26
2023-07-26T04:57:42Z,124.65,3.65,4.88,1.76,1.24
2023-07-26T05:57:42Z,117.37,3.6,4.88,1.86,1.18
2023-07-26T06:57:42Z,145.31,3.34,4.72,1.27,0.98
2023-07-26T07:57:42Z,150.63,3.22,4.66,1.25,0.84
2023-07-26T08:57:42Z,140.74,3.22,4.43,1.13,0.77
2023-07-26T09:57:42Z,127.87,3.53,5.08,0.92,0.73
2023-07-26T10:57:42Z,119.85,3.36,4.95,1.1,0.66
2023-07-26T11:57:42Z,126.72,3.6,4.74,1.15,0.72
2023-07-26T12:57:42Z,119.94,3.69,4.85,0.9,0.74
2023-07-26T13:57:42Z,122.73,3.76,4.82,1.42,0.89
2023-07-26T14:57:42Z,127.41,3.52,4.75,1.62,1
2023-07-26T15:57:42Z,129.87,3.53,4.72,1.77,1.08
2023-07-26T16:57:42Z,131.12,3.52,4.43,1.45,1.04
2023-07-26T17:57:42Z,134.99,3.68,4.57,1.4,0.99
2023-07-26T18:57:42Z,130.5,3.58,4.91,1.22,0.89
2023-07-26T19:57:42Z,125.9,3.29,4.7,1.24,0.81
2023-07-26T20:57:42Z,123.48,3.35,4.78,1.05,0.74
2023-07-26T21:57:42Z,123.85,3.85,4.43,1.03,0.76
2023-07-26T22:57:42Z,122.32,3.35,4.53,0.93,0.66
2023-07-26T23:57:42Z,119.45,3.7,4.36,0.78,0.57
2023-07-27T00:57:42Z,123.47,3.65,4.41,0.82,0.54
2023-07-27T01:57:42Z,122.04,3.46,4.03,0.66,0.47
2023-07-27T02:57:42Z,124.78,3.11,4.97,0.65,0.4
2023-07-27T03:57:42Z,125.01,3.16,5.32,0.63,0.38
2023-07-27T04:57:42Z,121.16,3.3,5.92,0.6,0.36
2023-07-27T07:28:25Z,135.92,3.74,5.16,0.52,0.35
2023-07-27T08:28:25Z,133.31,3.75,4.06,0.43,0.34
2023-07-27T09:28:25Z,135.46,3.49,4.94,0.48,0.32
2023-07-27T10:28:25Z,136.13,3.92,8.62,0.55,0.32
2023-07-27T11:28:25Z,162.43,3.74,4.17,0.44,0.34
2023-07-27T12:28:25Z,155.63,2.89,3.9,0.6,0.42
2023-07-27T13:28:25Z,172.95,2.93,3.69,0.91,0.74
2023-07-28T12:25:39Z,160.44,2.69,4.44,0.69,0.48
2023-07-28T13:25:39Z,151.88,2.58,4.48,0.69,0.48
2023-07-28T14:25:39Z,151.47,2.91,4.21,0.7,0.45
2023-07-28T15:25:39Z,141.45,3.04,5.85,0.72,0.47
2023-07-28T16:25:39Z,143.45,2.77,4.02,0.65,0.45
2023-07-28T17:25:39Z,140.24,3.26,4.69,0.8,0.51
2023-07-28T18:25:39Z,135.36,3.35,5.25,0.75,0.51
2023-07-28T19:25:39Z,128,3.49,6.07,0.85,0.51
2023-07-28T20:25:39Z,133.71,3.71,6.25,0.74,0.52
2023-07-28T21:25:39Z,125.98,4.06,5.98,0.84,0.54
2023-07-28T22:25:39Z,126.31,3.74,5.99,0.7,0.48
2023-07-28T23:25:39Z,130.58,3.56,5.93,0.73,0.44
2023-07-29T00:25:39Z,135.11,3.31,4.2,0.64,0.39
2023-07-29T01:25:39Z,129.82,3.45,5.05,0.55,0.36
2023-07-29T02:25:39Z,126.49,3.51,5.89,0.49,0.34
2023-07-29T03:25:39Z,130.12,3.73,5.59,0.5,0.36
2023-07-29T04:25:39Z,131.26,3.19,4.85,0.39,0.31
2023-07-29T05:25:39Z,127.73,3.15,5.51,0.47,0.32
2023-07-29T06:25:39Z,116.43,2.97,5.34,0.49,0.33
2023-07-29T07:25:39Z,127.42,3.58,5.02,0.49,0.34
2023-07-29T08:25:39Z,126.11,3.7,4.99,0.6,0.38
2023-07-29T09:25:39Z,124.92,3.6,4.54,0.58,0.4
2023-07-29T10:25:39Z,120.32,3.45,5.06,0.65,0.39
2023-07-29T11:25:39Z,119.32,3.07,4.03,0.61,0.39
2023-07-29T12:25:39Z,117.46,2.67,4.59,0.64,0.47
2023-07-29T13:25:39Z,119.79,2.58,2.57,0.77,0.55
2023-07-29T14:25:39Z,122.43,2.79,6.14,1.14,0.62
2023-07-29T15:25:39Z,123.6,2.75,5.96,0.85,0.62
2023-07-29T16:25:39Z,123.48,2.84,5.95,0.88,0.61
2023-07-29T17:25:39Z,120.87,3,6.09,0.94,0.61
2023-07-29T18:25:39Z,120.92,3.35,6.52,0.93,0.64
2023-07-29T19:25:39Z,122.04,3.06,5.96,0.81,0.53
2023-07-29T20:25:39Z,125.66,3.03,5.85,0.77,0.55
2023-07-29T21:25:39Z,134.81,2.83,3.33,0.91,0.56
2023-07-29T22:25:39Z,130.13,3.33,5.79,0.68,0.52
2023-07-29T23:25:39Z,127.46,3.01,5.75,0.63,0.44
2023-07-30T00:25:39Z,135.78,3.41,5.53,0.59,0.46
2023-07-30T01:25:39Z,150.12,3.56,4.37,0.71,0.49
2023-07-30T02:25:39Z,134.86,3.51,4.2,0.75,0.48
2023-07-30T03:25:39Z,145.59,3.31,4.67,0.83,0.52
2023-07-30T04:25:39Z,138.85,3.28,4.31,0.68,0.53
2023-07-30T05:25:39Z,138.82,3.39,4.07,0.8,0.54
2023-07-30T06:25:39Z,145.16,3.55,4.26,0.78,0.57
2023-07-30T07:25:39Z,151.92,3.78,4.38,0.69,0.51
2023-07-30T08:25:39Z,160.71,3.94,4.67,0.81,0.56
2023-07-30T09:25:39Z,180.15,3.81,4.62,0.91,0.57
2023-07-30T10:25:39Z,169.69,3.04,4.85,0.94,0.57
2023-07-30T11:25:39Z,163.8,2.87,4.77,0.99,0.65
2023-07-30T12:25:39Z,166.23,3.03,4.21,1.13,0.67
2023-07-30T13:25:39Z,169.78,2.93,4.64,1.01,0.57
2023-07-30T14:25:39Z,135.99,3.19,4.42,0.99,0.66
2023-07-30T15:25:39Z,107.01,3.59,4.72,1.13,0.72
2023-07-30T16:25:39Z,118.16,3.13,4.59,1,0.71
2023-07-30T17:25:39Z,105.86,3.58,4.85,0.92,0.71
2023-07-30T18:25:39Z,109.75,3.31,4.91,0.8,0.61
2023-07-30T19:25:39Z,98.61,3.27,4.82,0.93,0.59
2023-07-30T20:25:39Z,110.23,3.09,4.18,0.89,0.58
2023-07-30T21:25:39Z,99.91,3.05,4.05,0.84,0.57
2023-07-30T22:25:39Z,100.47,3,3.68,0.73,0.54
2023-07-30T23:25:39Z,104.72,3.17,3.75,0.74,0.53
2023-07-31T00:25:39Z,100.83,3.5,4.01,0.8,0.55
2023-07-31T01:25:39Z,98.57,3.13,4.23,0.69,0.49
2023-07-31T02:25:39Z,99.89,3.23,4.19,0.73,0.46
2023-07-31T03:25:39Z,111.81,2.86,5,0.55,0.43
2023-07-31T04:25:39Z,109.25,3.17,3.58,0.72,0.45
2023-07-31T05:25:39Z,116.52,3.18,3.83,0.69,0.42
2023-07-31T06:25:39Z,117.12,3.08,5.08,0.52,0.39
2023-07-31T07:25:39Z,110.06,2.74,5.09,0.57,0.42
2023-07-31T08:25:39Z,98.91,3,5.12,0.57,0.44
2023-07-31T09:25:39Z,88.02,3.33,5.3,0.78,0.49
2023-07-31T10:25:39Z,96.19,3,3.42,0.89,0.55
2023-07-31T11:25:39Z,93.7,3.12,3.6,0.98,0.63
2023-07-31T12:25:39Z,98.97,2.97,3.49,0.88,0.64
2023-07-31T13:25:39Z,112.65,2.8,3.5,1.23,0.65
2023-07-31T14:25:39Z,120.73,2.96,3.94,1.03,0.73
2023-07-31T15:25:39Z,133.76,3.27,3.99,1.31,0.75
2023-07-31T16:25:39Z,129.73,2.92,4.11,1.13,0.71
2023-07-31T17:25:39Z,128.6,3.14,4.04,1.03,0.66
2023-07-31T18:25:39Z,129.49,3.03,4.03,1.07,0.64
2023-07-31T19:25:39Z,122.68,3.21,3.96,0.94,0.58
2023-07-31T20:25:39Z,118.54,3.15,3.74,0.83,0.52
2023-07-31T21:25:39Z,120.67,2.87,3.92,0.66,0.45
2023-07-31T22:25:39Z,117.3,3.25,3.83,0.66,0.44
2023-07-31T23:25:39Z,114.24,3.05,3.99,0.53,0.38
2023-08-01T00:25:39Z,109.49,3.05,3.86,0.51,0.36
2023-08-01T01:25:39Z,113.7,3.12,3.56,0.5,0.35
2023-08-01T02:25:39Z,115.06,3.04,3.71,0.5,0.32
2023-08-01T03:25:39Z,125.06,3.12,5.12,0.66,0.36
2023-08-01T04:25:39Z,125.79,3.01,3.25,0.52,0.36
2023-08-01T05:25:39Z,129.1,2.92,3.55,0.53,0.32
2023-08-01T06:25:39Z,133.74,2.73,3.41,0.49,0.31
2023-08-01T07:25:39Z,137.65,2.53,3.15,0.5,0.32
2023-08-01T08:25:39Z,136.78,2.67,3.54,0.54,0.33
2023-08-01T09:25:39Z,143.3,2.5,3.25,0.55,0.33
2023-08-01T10:25:39Z,147.01,2.59,3.42,0.49,0.34
2023-08-01T11:25:39Z,170.12,2.19,3.47,0.49,0.35
2023-08-01T12:25:39Z,167.41,2.39,3.14,0.61,0.41
2023-08-03T14:05:47Z,107.19,3.8,5.38,1.93,1.1
2023-08-03T15:05:47Z,96.64,4.01,5.56,1.81,1.16
2023-08-03T16:05:47Z,94.12,3.87,5.98,1.54,1.05
2023-08-03T17:05:47Z,93.91,3.79,5.07,1.59,1.03
2023-08-03T18:05:47Z,98.56,3.49,4.7,1.57,0.94
2023-08-04T07:09:38Z,105.93,4.03,4.82,1.08,0.78
2023-08-04T08:46:54Z,130.6,3.94,4.77,0.96,0.65
2023-08-04T09:46:54Z,121.21,3.09,5.92,0.98,0.59
2023-08-04T10:46:54Z,131.58,3.44,5.23,0.91,0.62
2023-08-04T11:46:54Z,124.65,3.65,4.62,0.98,0.69
2023-08-04T12:46:54Z,125.11,2.71,5.41,1.1,0.69
2023-08-04T13:46:54Z,114.99,3.1,4.58,1.23,0.77
2023-08-04T14:46:54Z,116.19,3.2,4.48,1.17,0.77
2023-08-04T15:46:54Z,115.42,3.42,7.23,1.08,0.71
2023-08-04T16:46:54Z,109.59,3.22,5.05,1.12,0.72
2023-08-04T17:46:54Z,112.82,3.05,5.19,0.98,0.73
2023-08-04T18:46:54Z,124.02,2.95,3.27,1,0.7
2023-08-04T19:46:54Z,136.06,2.89,3.39,1.09,0.82
2023-08-04T20:46:54Z,141.43,3.19,4.32,1.22,0.81
2023-08-04T21:46:54Z,139.93,3.41,3.73,1.2,0.87
2023-08-04T22:46:54Z,132.1,3.69,4.3,1.14,0.8
2023-08-04T23:46:54Z,120.91,3.48,4.52,1.32,0.76
2023-08-05T00:46:54Z,125.07,3.7,4.61,1.37,0.8
2023-10-03T14:38:22Z,139.53,2.29,3.76,0.43,0.32
2023-10-03T15:38:22Z,129.41,2.25,3.67,0.52,0.33
2023-10-03T16:38:22Z,134.59,2.35,3.61,0.61,0.35
2023-10-03T17:38:22Z,136.88,2.19,3.58,0.55,0.37
2023-10-03T18:38:22Z,132.98,2.24,2.48,0.61,0.4
2023-10-03T19:38:22Z,152.23,2.34,2.52,0.58,0.38
2023-10-03T20:38:22Z,137.32,2.38,2.8,0.54,0.36
2023-10-03T21:38:22Z,132.65,2.51,3.8,0.58,0.36
2023-10-03T22:38:22Z,127.89,2.52,3.45,0.63,0.35
2023-10-03T23:38:22Z,123.63,2.96,3.57,0.49,0.33
2023-10-04T00:38:22Z,130.71,3.03,3.61,0.7,0.43
2023-10-04T01:38:22Z,126.57,3.28,3.82,0.7,0.45
2023-10-04T02:38:22Z,138.61,3.4,5.85,0.67,0.46
2023-10-04T03:38:22Z,129.23,2.71,3.94,0.7,0.43
2023-10-04T04:38:22Z,129.86,3.67,5.84,0.62,0.41
2023-10-04T05:38:22Z,126.86,3.17,5.65,0.53,0.38
2023-10-04T06:38:22Z,123.17,2.94,6.15,0.46,0.36
2023-10-04T07:38:22Z,130.18,3.24,5.96,0.47,0.33
2023-10-04T08:38:22Z,134.15,3.29,6.03,0.47,0.34
2023-10-04T09:38:22Z,124.24,2.73,5.97,0.66,0.42
2023-10-04T10:38:22Z,122.89,2.66,6.01,0.64,0.39
2023-10-04T11:38:22Z,131.89,2.24,5.7,0.6,0.4
2023-10-04T12:38:22Z,131.04,2.31,5.94,0.63,0.39
2023-10-04T13:38:22Z,133.47,2.49,5.67,0.65,0.41
2023-10-04T14:38:22Z,132.71,2.44,5.56,0.57,0.42
2023-10-04T15:38:22Z,125.51,2.42,5.56,0.63,0.46
2023-10-04T16:38:22Z,135.45,2.4,2.91,0.74,0.42
2023-10-04T17:38:22Z,138.74,2.45,3.2,0.61,0.43
2023-10-04T18:38:22Z,140.3,2.64,3.37,0.74,0.54
2023-10-04T19:38:22Z,142.85,2.73,3.45,0.79,0.53
2023-10-04T20:38:22Z,146.43,3.04,3.61,0.71,0.49
2023-10-04T21:38:22Z,144.65,2.59,3.58,0.68,0.42
2023-10-04T22:38:22Z,148.27,2.95,3.6,0.63,0.43
2023-10-04T23:38:22Z,134.47,2.83,3.48,0.53,0.4
2023-10-05T00:38:22Z,134.22,2.99,3.4,0.59,0.4
2023-10-05T01:38:22Z,134.05,2.68,3.31,0.57,0.38
2023-10-05T02:38:22Z,134.34,3.1,3.37,0.56,0.41
2023-10-05T03:38:22Z,139.48,2.49,3.45,0.58,0.42
2023-10-05T04:38:22Z,139.95,2.45,3.26,0.57,0.39
2023-10-05T05:38:22Z,129.29,2.29,3.26,0.62,0.38
2023-10-05T06:38:22Z,132.82,2.64,3.24,0.57,0.34
2023-10-05T07:38:22Z,146.92,2.48,3.41,0.48,0.32
2023-10-05T08:38:22Z,137.93,2.39,3.32,0.54,0.31
2023-10-05T09:38:22Z,155.99,2.33,3.46,0.39,0.29
2023-10-05T10:38:22Z,157.41,2.65,3.39,0.42,0.27
2023-10-05T11:38:22Z,132.03,2.68,3.21,0.39,0.26
2023-10-05T12:38:22Z,139.74,2.1,3.33,0.48,0.28
2023-10-05T13:38:22Z,155.11,2.14,3.14,0.48,0.33
2023-10-05T14:38:22Z,154.57,2.3,3.43,0.49,0.35
2023-10-05T15:38:22Z,166.89,-999.99,4.77,0.47,0.28
2023-10-05T16:38:22Z,154.02,2.27,5.39,0.46,0.31
2023-10-05T17:38:22Z,135.41,2.28,3.19,0.4,0.31
2023-10-05T18:38:22Z,159.91,2.29,3.23,0.48,0.33
2023-10-05T19:38:22Z,161.13,2.29,3.6,0.49,0.3
2023-10-05T20:38:22Z,188.3,2.6,3.84,0.59,0.34
2023-10-05T21:38:22Z,185.63,2.49,3.98,0.53,0.35
2023-10-05T22:38:22Z,196.93,2.59,3.94,0.63,0.36
2023-10-05T23:38:22Z,194.3,2.52,3.96,0.58,0.35
2023-10-06T00:38:22Z,182.15,2.48,3.84,0.5,0.34
2023-10-06T01:38:22Z,168.19,2.68,3.76,0.46,0.31
2023-10-06T02:38:22Z,177.82,2.34,3.56,0.46,0.31
2023-10-06T03:38:22Z,155.42,2.31,3.45,0.37,0.28
2023-10-06T04:38:22Z,176.68,2.32,3.53,0.48,0.26
2023-10-06T05:38:22Z,146.75,2.35,3.44,0.34,0.23
2023-10-06T06:38:22Z,137.29,2.3,3.33,0.37,0.25
2023-10-06T07:38:22Z,156.2,2.4,3.36,0.4,0.26
2023-10-06T08:38:22Z,166.91,2.37,3.56,0.42,0.23
2023-10-06T09:38:22Z,182.66,2.38,3.47,0.43,0.26
2023-10-06T10:38:22Z,152.46,2.59,3.44,0.34,0.21
2023-10-06T11:38:22Z,170.86,2.02,3.23,0.32,0.22
2023-10-06T12:38:22Z,161.6,2.3,3.26,0.49,0.29
2023-10-06T13:38:22Z,136.29,2.51,3.52,0.39,0.26
2023-10-06T14:38:22Z,171.59,2.56,3.51,0.38,0.27
2023-10-06T15:38:22Z,176.04,2.33,3.59,0.44,0.27
2023-10-06T16:38:22Z,181.96,2.31,3.65,0.38,0.25
2023-10-06T17:38:22Z,157.63,2.52,3.5,0.39,0.25
2023-10-06T18:38:22Z,174.6,2.6,3.82,0.33,0.23
2023-10-06T19:38:22Z,162.08,2.81,3.38,0.47,0.29
2023-10-06T20:38:22Z,170.44,2.71,3.57,0.42,0.25
2023-10-06T21:38:22Z,152.25,2.53,3.57,0.33,0.22
2023-10-06T22:38:22Z,141.82,2.68,3.39,0.32,0.22
2023-10-06T23:38:22Z,162.05,2.59,3.68,0.33,0.22
2023-10-07T00:38:22Z,158.2,3.14,4.22,0.31,0.22
2023-10-07T01:38:22Z,186.94,2.17,4.82,0.36,0.25
2023-10-07T02:38:22Z,161.7,2.59,4,0.34,0.22
2023-10-07T03:38:22Z,155.21,2.19,3.91,0.38,0.23
2023-10-07T04:38:22Z,159.46,1.9,4.26,0.34,0.23
2023-10-07T05:38:22Z,171.71,1.96,4.67,0.28,0.2
2023-10-07T06:38:22Z,160.64,1.95,4.44,0.39,0.25
2023-10-07T07:38:22Z,162.53,2.15,4.54,0.33,0.21
2023-10-07T08:38:22Z,156,2.45,4.55,0.27,0.19
2023-10-07T09:38:22Z,155.75,2.65,4.25,0.31,0.2
2023-10-07T10:38:22Z,145.17,2.9,4.34,0.31,0.22
2023-10-07T11:38:22Z,133.55,2.2,4.25,0.33,0.24
2023-10-07T12:38:22Z,159.28,2.26,4.19,0.34,0.21
2023-10-07T13:38:22Z,127.32,2.23,3.82,0.3,0.19
2023-10-07T14:38:22Z,158.86,2.19,3.44,0.3,0.2
2023-10-07T15:38:22Z,152.62,2.2,4.46,0.29,0.19
2023-10-07T16:38:22Z,139.91,2.58,3.59,0.4,0.26
2023-10-07T17:38:22Z,184.12,2.21,3.73,0.34,0.21
2023-10-07T18:38:22Z,167.77,2.26,4.47,0.3,0.19
2023-10-07T19:38:22Z,137.1,2.67,4.33,0.28,0.19
2023-10-07T20:38:22Z,170.42,2.5,4.61,0.28,0.19
2023-10-07T21:38:22Z,179.86,2.63,4.29,0.27,0.2
2023-10-07T22:38:22Z,168.15,1.97,4.37,0.28,0.19
2023-10-07T23:38:22Z,170.54,2.11,3.98,0.24,0.16
2023-10-08T00:38:22Z,178.53,1.8,4.15,0.3,0.19
2023-10-08T01:38:22Z,171.43,1.89,3.87,0.27,0.17
2023-10-08T02:38:22Z,168.05,1.89,4.06,0.27,0.18
2023-10-08T03:38:22Z,157.56,1.71,4.23,0.27,0.18
2023-10-08T04:38:22Z,172.35,1.75,4.73,0.25,0.16
2023-10-08T05:38:22Z,186.44,1.86,5.06,0.24,0.16
2023-10-08T06:38:22Z,191.82,1.86,5.06,0.26,0.17
2023-10-08T07:38:22Z,181.22,1.7,4.52,0.23,0.15
2023-10-08T08:38:22Z,169.07,1.84,3.55,0.24,0.16
2023-10-08T09:38:22Z,189.49,2.06,4.8,0.18,0.13
2023-10-08T10:38:22Z,181.42,2.61,4.76,0.22,0.14
2023-10-08T11:38:22Z,187.45,2.3,4,0.31,0.18
2023-10-08T12:38:22Z,179.02,1.96,4.88,0.27,0.15
2023-10-08T13:38:22Z,179.14,1.77,5.66,0.25,0.19
2023-10-08T14:38:22Z,187.96,1.88,5.71,0.3,0.2
2023-10-08T15:38:22Z,180.41,1.85,4.43,0.3,0.18
2023-10-08T16:38:22Z,136.08,2.08,4.18,0.28,0.19
2023-10-08T17:38:22Z,192.52,1.76,4.31,0.27,0.19
2023-10-08T18:38:22Z,147.84,2.22,5.52,0.29,0.19
2023-10-08T19:38:22Z,203.67,2.1,5.1,0.27,0.17
2023-10-08T20:38:22Z,184.82,1.92,4.6,0.22,0.15
2023-10-08T21:38:22Z,185.6,2.09,4.27,0.18,0.11
2023-10-08T22:38:22Z,164.02,1.52,3.91,0.16,0.12
2023-10-08T23:38:22Z,110.28,2.25,7.64,0.17,0.14
2023-10-09T00:38:22Z,169.93,1.85,4.3,0.18,0.13
2023-10-09T01:38:22Z,141.84,1.99,4.37,0.18,0.12
2023-10-09T02:38:22Z,159.28,1.67,4.72,0.16,0.12
2023-10-09T03:38:22Z,142.75,1.94,7.4,0.21,0.15
2023-10-09T04:38:22Z,172.82,1.87,4.73,0.21,0.15
2023-10-09T05:38:22Z,162.87,1.84,7.29,0.21,0.15
2023-10-09T06:38:22Z,152.76,1.81,5.31,0.28,0.17
2023-10-09T07:38:22Z,129.57,1.96,5.41,0.27,0.16
2023-10-09T08:38:22Z,165.7,2.25,3.66,0.25,0.16
2023-10-09T09:38:22Z,171.91,1.97,3.53,0.2,0.16
2023-10-09T10:38:22Z,206.59,1.76,1.72,0.27,0.19
2023-10-09T11:38:22Z,204.09,1.78,1.85,0.3,0.23
2023-10-09T12:38:22Z,177.92,1.84,2.09,0.48,0.26
2023-10-09T13:38:22Z,127.09,2.02,2.22,0.52,0.31
2023-10-09T14:38:22Z,161.63,2.01,2.42,0.48,0.31
2023-10-09T15:38:22Z,203.54,2,2.55,0.45,0.31
2023-10-09T16:38:22Z,203.58,2.08,2.53,0.46,0.33
2023-10-09T17:38:22Z,145.91,2.09,2.82,0.54,0.36
2023-10-09T18:38:22Z,133.12,2.22,2.86,0.54,0.36
2023-10-09T19:38:22Z,177.88,2.42,2.97,0.53,0.39
2023-10-09T20:38:22Z,184.04,2.37,3.13,0.62,0.37
2023-10-09T21:38:22Z,198.44,2.3,3.08,0.46,0.32
2023-10-09T22:38:22Z,212.01,2.33,3.07,0.46,0.31
2023-10-09T23:38:22Z,191.39,2.3,3.05,0.45,0.29
2023-10-10T00:38:22Z,206.57,2.33,3.03,0.42,0.29
2023-10-10T01:38:22Z,180.97,2.29,2.99,0.4,0.25
2023-10-10T02:38:22Z,182.4,2.33,2.9,0.44,0.24
2023-10-10T03:38:22Z,189.45,2.18,3.01,0.38,0.22
2023-10-10T04:38:22Z,186.15,2.12,3.09,0.38,0.22
2023-10-10T05:38:22Z,165.1,2.11,3.09,0.33,0.23
2023-10-10T06:38:22Z,168.1,2.12,3.03,0.36,0.23
2023-10-10T07:38:22Z,193.68,2.13,2.92,0.38,0.24
2023-10-10T08:38:22Z,183.19,2.15,2.87,0.35,0.24
2023-10-10T09:38:22Z,169.85,2.03,2.74,0.48,0.27
2023-10-10T10:38:22Z,164.59,2.03,2.22,0.48,0.32
2023-10-10T11:38:22Z,192.37,2.02,2.52,0.48,0.32
2023-10-10T12:38:22Z,165.65,1.98,2.44,0.49,0.36
2023-10-10T13:38:22Z,176.75,2.06,2.48,0.6,0.34
2023-10-10T14:38:22Z,161.1,2.08,2.52,0.5,0.35
2023-10-10T15:38:22Z,175.83,2.11,2.53,0.58,0.39
2023-10-10T16:38:22Z,157.63,2.12,2.83,0.58,0.37
2023-10-10T17:38:22Z,185.74,2.05,2.85,0.61,0.37
2023-10-10T18:38:22Z,162.84,2.24,2.83,0.53,0.37
2023-10-10T19:38:22Z,150.68,2.15,2.83,0.44,0.32
2023-10-10T20:38:22Z,142.84,2.3,3.01,0.43,0.29
2023-12-05T14:40:11Z,119.87,4,5.2,0.7,0.55
2023-12-05T15:40:11Z,120.49,3.23,5.25,0.88,0.6
2023-12-05T16:40:11Z,112.43,4.56,6.24,0.9,0.61
2023-12-05T17:40:11Z,111.31,3.96,6.44,0.92,0.61
2023-12-05T18:40:11Z,111.67,3.46,6.74,0.8,0.6
2023-12-05T19:40:11Z,119.14,3.82,6.23,0.82,0.57
2023-12-05T20:40:11Z,122.69,4.24,6.92,0.89,0.62
2023-12-05T21:40:11Z,118.85,3.51,6.99,0.91,0.6
2023-12-05T22:40:11Z,124.96,3.95,6.06,0.81,0.57
2023-12-05T23:40:11Z,121.1,3.41,6.64,0.93,0.55
2023-12-06T00:40:11Z,120.64,3.33,6.61,0.82,0.53
2023-12-06T01:40:11Z,124.44,2.88,6.06,0.7,0.47
2023-12-06T02:40:11Z,127.42,2.91,6.63,0.68,0.46
2023-12-06T03:40:11Z,123.9,2.74,6.41,0.72,0.47
2023-12-06T04:40:11Z,125.53,2.44,6.18,0.67,0.45
2023-12-06T05:40:11Z,130.31,2.69,6.18,0.73,0.45
2023-12-06T06:40:11Z,125.69,2.6,6.06,0.7,0.41
2023-12-06T07:40:11Z,125.21,2.97,5.12,0.58,0.34
2023-12-06T08:40:11Z,118.6,2.57,6.16,0.54,0.38
2023-12-06T09:40:11Z,122.47,3.02,5.36,0.54,0.34
2023-12-06T10:40:11Z,125.89,3.13,5.61,0.62,0.31
2023-12-06T11:40:11Z,119.59,3.15,5.29,0.47,0.3
2023-12-06T12:40:11Z,104.64,2.8,5.48,0.5,0.29
2023-12-06T13:40:11Z,112.85,2.54,5.71,0.49,0.32
2023-12-06T14:40:11Z,109.32,3.01,5.55,0.65,0.41
2023-12-06T15:40:11Z,112.57,2.99,5.05,0.6,0.41
2023-12-06T16:40:11Z,101.55,3.48,5.28,0.79,0.47
2023-12-06T17:40:11Z,101.08,3.48,5.41,0.73,0.51
2023-12-06T18:40:11Z,104.62,3.25,5.38,0.82,0.47
2023-12-06T19:40:11Z,100.14,3.35,5.27,0.89,0.56
2023-12-06T20:40:11Z,100.18,3.21,5.29,0.76,0.48
2023-12-06T21:40:11Z,100.83,2.94,5.34,0.78,0.46
2023-12-06T22:40:11Z,101.57,3.18,5.1,0.68,0.44
2023-12-06T23:40:11Z,105.94,2.67,5.1,0.52,0.4
2023-12-07T00:40:11Z,103.75,2.97,5.22,0.62,0.41
2023-12-07T01:40:11Z,105.52,3.2,5.32,0.59,0.38
2023-12-07T02:40:11Z,107.77,3.12,5.17,0.53,0.35
2023-12-07T03:40:11Z,115.95,2.89,5.6,0.48,0.32
2023-12-07T04:40:11Z,114.38,3.22,5.09,0.49,0.31
2023-12-07T05:40:11Z,122.55,3.41,5.94,0.4,0.3
2023-12-07T06:40:11Z,117.04,3.13,6.25,0.45,0.3
2023-12-07T07:40:11Z,112.84,2.99,5.73,0.41,0.32
2023-12-07T08:40:11Z,114.94,2.93,5.3,0.4,0.29
2023-12-07T09:40:11Z,124.87,3.16,5.64,0.47,0.29
2023-12-07T10:40:11Z,131.24,2.67,5.5,0.43,0.29
2023-12-07T11:40:11Z,125.86,2.63,6.46,0.48,0.32
2023-12-07T12:40:11Z,126.57,2.04,5.99,0.47,0.34
2023-12-07T13:40:11Z,136.39,2.09,5.59,0.54,0.31
2023-12-07T14:40:11Z,123.28,2.23,2.24,0.54,0.41
2023-12-07T15:40:11Z,120.32,2.29,2.64,0.69,0.44
2023-12-07T16:40:11Z,131.11,2.36,2.89,0.69,0.51
2023-12-07T17:40:11Z,121.1,2.42,2.97,0.85,0.53
2023-12-07T18:40:11Z,145.37,2.69,3.19,0.77,0.54
2023-12-07T19:40:11Z,156.94,2.65,3.53,0.77,0.52
2023-12-07T20:40:11Z,161.46,2.93,3.68,0.81,0.59
2023-12-07T21:40:11Z,172.93,2.95,4.18,0.91,0.63
2023-12-07T22:40:11Z,181.68,2.72,4.2,0.83,0.59
2023-12-07T23:40:11Z,172.23,3.05,4.17,0.78,0.56
2023-12-08T00:40:11Z,174.81,3.32,4.22,0.96,0.65
2023-12-08T01:40:11Z,165.63,3.06,4.77,1.02,0.69
2023-12-08T02:40:11Z,176.13,3.28,5.17,1.11,0.74
2023-12-08T03:40:11Z,189.45,3.84,5.72,1.48,0.94
2023-12-08T04:40:11Z,188.95,3.96,5.54,1.38,0.92
2023-12-08T05:40:11Z,188.9,3.83,5.7,1.66,0.98
2023-12-08T06:40:11Z,192.39,4.03,5.57,1.44,0.86
2023-12-08T07:40:11Z,193.08,4.12,5.64,1.39,0.92
2023-12-08T08:40:11Z,187.53,3.99,5.48,1.22,0.8
2023-12-08T09:40:11Z,189.41,3.69,5.56,1.58,0.92
2023-12-08T10:40:11Z,201.18,3.17,5.1,1.18,0.79
2023-12-08T11:40:11Z,200.08,3.41,5.08,1.14,0.72
2023-12-08T12:40:11Z,194.02,3.12,5.31,1.04,0.72
2023-12-08T13:40:11Z,192.42,3.13,5.36,1.12,0.69
2023-12-08T14:40:11Z,195.54,3.72,5.36,1.16,0.69
2023-12-08T15:40:11Z,207.74,3.88,5.2,1.06,0.7
2023-12-08T16:40:11Z,207.33,3.48,5.31,0.92,0.73
2023-12-08T17:40:11Z,202.6,3.14,5.06,1.04,0.72
2023-12-08T18:40:11Z,212.16,3.18,5.19,1.11,0.72
2023-12-08T19:40:11Z,214.18,3.12,3.8,1.26,0.77
2023-12-08T20:40:11Z,213.4,3.34,3.89,1.03,0.66
2023-12-08T21:40:11Z,218.02,3.59,4.32,0.95,0.69
2023-12-08T22:40:11Z,214.99,3.47,4.97,1.02,0.76
2023-12-08T23:40:11Z,211.05,3.4,4.56,0.95,0.64
2023-12-09T00:40:11Z,223.49,3.83,4.72,1.01,0.73
2023-12-09T01:40:11Z,219.55,3.7,4.6,1.16,0.72
2023-12-09T02:40:11Z,207.02,3.54,4.67,1.01,0.65
2023-12-09T03:40:11Z,174.89,3.3,4,0.91,0.57
2023-12-09T04:40:11Z,184.21,3.49,4.92,0.96,0.56
2023-12-09T05:40:11Z,179.84,3.51,4.62,1.03,0.69
2023-12-09T06:40:11Z,165.15,3.76,8.29,1.11,0.72
2023-12-09T07:40:11Z,130.42,3.87,8.35,1,0.68
2023-12-09T08:40:11Z,129.31,4.25,8.56,1.36,0.81
2023-12-09T09:40:11Z,122.92,4.97,8.56,1.04,0.79
2023-12-09T10:40:11Z,124.25,4.33,7.97,1.23,0.76
2023-12-09T11:40:11Z,127.74,4.6,8.03,1.17,0.75
2023-12-09T12:40:11Z,147.42,4,8.28,1.27,0.84
2023-12-09T13:40:11Z,182.77,4.1,4.48,1.3,1.07
2023-12-09T14:40:11Z,192.17,3.44,4.23,1.36,0.95
2023-12-09T15:40:11Z,172.94,3.68,3.95,1.29,0.96
2023-12-09T16:40:11Z,172.19,3.55,3.93,1.43,0.87
2023-12-09T17:40:11Z,171.8,3.47,4.08,1.02,0.78
2023-12-09T18:40:11Z,162.76,3.6,7.4,1.24,0.79
2023-12-09T19:40:11Z,165.74,3.69,7.36,1.23,0.74
2023-12-09T20:40:11Z,166.85,4.03,3.91,0.95,0.81
2023-12-09T21:40:11Z,169.72,3.69,4.29,1.09,0.79
2023-12-09T22:40:11Z,170.17,3.23,4.21,1.19,0.81
2023-12-09T23:40:11Z,177.52,3.22,4.3,1.19,0.86
2023-12-10T00:40:11Z,185.51,3.41,4.06,1.24,0.81
2023-12-10T01:40:11Z,173.97,3.57,4.63,0.95,0.67
2023-12-10T02:40:11Z,172.22,3.96,5.02,0.96,0.74
2023-12-10T03:40:11Z,189.94,3.74,4.51,0.89,0.66
2023-12-10T04:40:11Z,182.51,3.69,4.29,0.96,0.72
2023-12-10T05:40:11Z,182.66,3.82,5.22,1.23,0.69
2023-12-10T06:40:11Z,181.29,3.88,5.12,0.95,0.64
2023-12-10T07:40:11Z,186.61,3.62,5.06,1.09,0.65
2023-12-10T08:40:11Z,185.01,3.29,5.18,0.91,0.6
2023-12-10T09:40:11Z,182.15,3.66,5.15,0.94,0.69
2023-12-10T10:40:11Z,187.3,3.86,5.03,0.91,0.6
2023-12-10T11:40:11Z,185.6,3.51,5.07,0.82,0.53
2023-12-10T12:40:11Z,173.18,3.47,5.72,0.65,0.52
2023-12-10T13:40:11Z,172.38,3.44,6.09,0.76,0.51
2023-12-10T14:40:11Z,172.73,3.26,5.41,0.79,0.49
2023-12-10T15:40:11Z,170.31,3.65,5.57,0.6,0.44
2023-12-10T16:40:11Z,167.21,3.61,5.49,0.59,0.48
2023-12-10T17:40:11Z,163.66,3.39,5.62,0.85,0.49
2023-12-10T18:40:11Z,156.2,3.88,5.04,0.64,0.46
2023-12-10T19:40:11Z,158.66,3.91,5.09,0.73,0.5
2023-12-10T20:40:11Z,161.29,3.41,4.85,0.75,0.44
2023-12-10T21:40:11Z,160.6,3.85,5,0.77,0.46
2023-12-10T22:40:11Z,158.27,3.53,4.38,0.6,0.42
2023-12-10T23:40:11Z,161.6,3.49,4.88,0.55,0.42
2023-12-11T00:40:11Z,158.79,2.83,4.23,0.6,0.39
2023-12-11T01:40:11Z,159.72,2.73,4.25,0.63,0.4
2023-12-11T02:40:11Z,164.04,3.42,4.22,0.53,0.4
2023-12-11T03:40:11Z,153.61,2.27,4.52,0.57,0.43
2023-12-11T04:40:11Z,153.54,2.51,4.32,0.55,0.41
2023-12-11T05:40:11Z,164.69,2.69,4.47,0.61,0.44
2023-12-11T06:40:11Z,168.25,2.88,5.2,0.61,0.43
2023-12-11T07:40:11Z,188.65,2.55,4.17,0.76,0.49
2023-12-11T08:40:11Z,170.53,2.52,3.75,0.61,0.41
2023-12-11T09:40:11Z,157.49,2.66,5.41,0.54,0.36
2023-12-11T10:40:11Z,165.87,2.75,5.29,0.6,0.37
2023-12-11T11:40:11Z,167.08,2.82,4.97,0.53,0.39
2023-12-11T12:40:11Z,183.93,3.04,4.37,0.62,0.38
2023-12-11T13:40:11Z,192.37,2.54,4.07,0.69,0.52
2023-12-11T14:40:11Z,188.71,2.65,4.13,0.67,0.49
2023-12-11T15:40:11Z,185.86,2.75,4.71,0.87,0.59
2023-12-11T16:40:11Z,189.01,2.91,4.69,0.77,0.51
2023-12-11T17:40:11Z,186,2.93,4.6,0.75,0.53
2023-12-11T18:40:11Z,184.02,2.84,4.51,0.7,0.48
2023-12-11T19:40:11Z,181.62,2.77,4.67,0.79,0.51
2023-12-11T20:40:11Z,175.64,2.73,4.45,0.77,0.48
2023-12-11T21:40:11Z,182.69,2.88,4.23,0.69,0.45
2023-12-11T22:40:11Z,185.74,2.91,3.72,0.59,0.44
2023-12-11T23:40:11Z,189.28,2.85,3.57,0.74,0.48
2023-12-12T00:40:11Z,177.43,2.71,3.5,0.6,0.4
2023-12-12T01:40:11Z,176.81,2.71,3.92,0.7,0.4
2023-12-12T02:40:11Z,169.58,3,3.31,0.56,0.37
2023-12-12T03:40:11Z,175.9,3.18,4.52,0.49,0.36
2023-12-12T04:40:11Z,183.99,2.45,3.19,0.54,0.36
2023-12-12T05:40:11Z,188.63,2.57,4.34,0.56,0.36
2023-12-12T06:40:11Z,175.42,2.52,4.47,0.5,0.35
2023-12-12T07:40:11Z,174.71,2.34,4.55,0.51,0.35
2023-12-12T08:40:11Z,181.17,2.41,4.5,0.52,0.36
2023-12-12T09:40:11Z,177.02,2.07,4.56,0.44,0.34
2023-12-12T10:40:11Z,180.09,2.25,4.38,0.43,0.31
2023-12-12T11:40:11Z,200.22,2.5,3.83,0.51,0.38
2023-12-12T12:40:11Z,192.04,2.67,4.42,0.57,0.37
2023-12-12T13:40:11Z,204.25,2.88,3.86,0.64,0.44
2023-12-12T14:40:11Z,196.86,2.83,4.02,0.68,0.43
2023-12-12T15:40:11Z,209.96,2.76,4.19,0.77,0.49
2023-12-12T16:40:11Z,187.81,2.68,4.2,0.7,0.46
2023-12-12T17:40:11Z,188.1,2.89,5.04,0.71,0.5
2023-12-13T13:45:31Z,215.08,3.28,5.53,1.54,0.98
2023-12-13T14:45:31Z,218.98,3.46,5.07,1.4,0.93
2023-12-13T15:45:31Z,213.28,3.26,5.34,1.2,0.92
2023-12-13T16:45:31Z,0,0.94,220.83,244.33,0.91
2023-12-14T08:32:20Z,210.39,2.77,3.87,0.83,0.53
2023-12-14T09:32:20Z,195.8,3,3.39,0.78,0.55
2023-12-14T10:32:20Z,189.9,2.95,3.17,0.99,0.6
2023-12-14T11:32:20Z,171.14,2.98,7.38,0.82,0.53
2023-12-14T12:32:20Z,168.82,2.82,7.53,0.82,0.56
2023-12-14T13:32:20Z,164.72,2.74,7.3,0.81,0.58
2023-12-14T14:32:20Z,161.49,2.83,3.4,0.91,0.63
2023-12-14T15:32:20Z,173.32,3.1,3.73,0.9,0.64
2023-12-14T16:32:20Z,156.09,3.04,7.76,0.82,0.61
2023-12-14T17:32:20Z,150.69,3.44,7.79,0.85,0.63
2023-12-14T18:32:20Z,144.76,3.4,8.18,0.99,0.66
2023-12-14T19:32:20Z,155.14,3.37,7.45,0.96,0.65
2023-12-14T20:32:20Z,164.32,3.26,7.84,0.84,0.62
2023-12-14T21:32:20Z,145.11,3.51,8.12,0.85,0.66
2023-12-14T22:32:20Z,135.58,3.6,8.38,0.68,0.58
2023-12-14T23:32:20Z,129.97,3.52,7.89,0.93,0.6
2023-12-15T00:32:20Z,127.93,4.08,8.25,1,0.65
2023-12-15T01:32:20Z,127.96,4.09,8.18,0.86,0.63
2023-12-15T02:32:20Z,117.27,3.79,8.74,0.78,0.55
2023-12-15T03:32:20Z,122.2,4.56,5.95,0.98,0.63
2023-12-15T04:32:20Z,126.34,4.77,7.78,0.8,0.62
2023-12-15T05:32:20Z,131.88,4.86,8.96,0.79,0.61
2023-12-15T06:32:20Z,126.39,4.18,8.84,0.99,0.64
2023-12-15T07:32:20Z,128.41,4.52,7.8,1.09,0.66
2023-12-15T08:32:20Z,128.52,4.75,8.62,0.93,0.64
2023-12-15T09:32:20Z,136.12,4.56,8.83,0.94,0.66
2023-12-15T10:32:20Z,128.26,4.39,9.37,0.79,0.64
2023-12-15T11:32:20Z,127.07,4.41,8.94,1.02,0.63
2023-12-15T12:32:20Z,126.39,4.5,8.88,1,0.63
2023-12-15T13:32:20Z,126.6,4.99,8.2,0.94,0.69
2023-12-15T14:32:20Z,129.6,4.58,8.82,0.85,0.64
2023-12-15T15:32:20Z,123.09,4.35,5.93,0.84,0.61
2023-12-15T16:32:20Z,117.36,4.56,9.27,0.84,0.59
2023-12-15T17:32:20Z,126.34,5.05,8.79,0.92,0.63
2023-12-15T18:32:20Z,114.36,3.69,7.49,0.83,0.61
2023-12-15T19:32:20Z,124.3,4.19,8.83,1.07,0.65
2023-12-15T20:32:20Z,118.07,4.02,9.01,1,0.64
2023-12-15T21:32:20Z,119.11,4,5.99,0.85,0.61
2023-12-15T22:32:20Z,123.36,4.32,7.07,0.84,0.65
2023-12-15T23:32:20Z,124.39,4.02,7.15,0.96,0.67
2023-12-16T00:32:20Z,128.25,4.1,7.2,1,0.63
2023-12-16T01:32:20Z,126.78,4.51,7.28,0.98,0.67
2023-12-16T02:32:20Z,115.07,3.29,7.63,0.84,0.59
2023-12-16T03:32:20Z,125.98,3.59,7.57,0.95,0.67
2023-12-16T04:32:20Z,117.4,3.73,7.28,1.12,0.69
2023-12-16T05:32:20Z,112.67,3.43,7.19,1.03,0.67
2023-12-16T06:32:20Z,113.35,3.53,7.29,1.11,0.77
2023-12-16T07:32:20Z,109.08,4.09,7.05,1.28,0.83
2023-12-16T08:32:20Z,107.99,3.77,7.2,1.06,0.76
2023-12-16T09:32:20Z,111.49,3.53,7.74,1.03,0.68
2023-12-16T10:32:20Z,111.66,3.84,6.78,1.21,0.71
2023-12-16T11:32:20Z,116.58,4.79,7.82,0.98,0.7
2023-12-16T12:32:20Z,113.92,4.85,6.84,0.98,0.66
2023-12-16T13:32:20Z,115.28,4.36,6.67,0.9,0.67
2023-12-16T14:32:20Z,111.75,5.13,7.67,1.07,0.72
2023-12-16T15:32:20Z,110.69,5,7.06,1.05,0.68
2023-12-16T16:32:20Z,111.69,5.31,7.51,0.98,0.75
2023-12-16T17:32:20Z,106.98,5.32,7.05,1.49,0.85
2023-12-16T18:32:20Z,101.8,5.02,6.57,1.18,0.9
2023-12-16T19:32:20Z,101.84,5,6.72,1.41,0.82
2023-12-16T20:32:20Z,102.32,4.45,7,1.15,0.78
2023-12-16T21:32:20Z,106.27,4.57,6.31,0.93,0.74
2023-12-16T22:32:20Z,105.43,4.06,6.16,1.11,0.71
2023-12-16T23:32:20Z,106.16,4.11,6.99,1.15,0.72
2023-12-17T00:32:20Z,106.3,3.45,4.75,1.06,0.65
2023-12-17T01:32:20Z,105.03,3.6,5.16,0.92,0.66
2023-12-17T02:32:20Z,108.53,3.37,5.81,0.85,0.59
2023-12-17T03:32:20Z,116.57,3.19,7.27,1.01,0.59
2023-12-18T08:46:38Z,110.5,3.83,6.93,0.88,0.58
2023-12-18T09:46:38Z,114.46,4.38,6.61,0.89,0.55
2023-12-18T10:46:38Z,116.54,4.45,6.19,0.63,0.43
2023-12-18T11:46:38Z,116.01,4.68,6.66,0.69,0.51
2023-12-18T12:46:38Z,114.19,4.27,7.04,0.68,0.45
2023-12-18T13:46:38Z,114.56,3.9,6.21,0.82,0.45
2023-12-18T14:46:38Z,116.12,4.48,6.25,0.78,0.47
2023-12-18T15:46:38Z,120.2,4.39,6.11,0.61,0.37
2023-12-18T16:46:38Z,121.74,4.3,6.2,0.48,0.35
2023-12-18T17:46:38Z,115.56,3.76,5.77,0.5,0.37
2023-12-18T18:46:38Z,124.48,4.06,5.98,0.55,0.32
2023-12-18T19:46:38Z,115.18,4.23,5.88,0.52,0.31
2023-12-18T20:46:38Z,119.12,4.49,6.08,0.5,0.37
2023-12-18T21:46:38Z,124.87,3.97,5.26,0.49,0.31
2023-12-18T22:46:38Z,119.32,3.69,5.93,0.48,0.36
2023-12-18T23:46:38Z,123.23,3.88,6.36,0.42,0.3
2023-12-19T00:46:38Z,119.98,3.37,5.37,0.45,0.3
2023-12-19T01:46:38Z,121.73,2.98,6.33,0.46,0.28
2023-12-19T02:46:38Z,124.29,3.46,6.01,0.46,0.32
2023-12-19T03:46:38Z,127.89,3.13,6,0.59,0.36
2023-12-19T04:46:38Z,118.84,3,5.69,0.44,0.31
2023-12-19T05:46:38Z,128.97,3.1,5.94,0.52,0.33
2023-12-19T06:46:38Z,126.84,3.49,8.37,0.42,0.33
2023-12-19T07:46:38Z,118.31,3.44,7.22,0.53,0.35
2023-12-19T08:46:38Z,127.58,3.81,7.23,0.57,0.37
2023-12-19T09:46:38Z,128.23,4.92,7.5,0.63,0.41
2023-12-19T10:46:38Z,128.81,4.19,7.98,0.62,0.43
2023-12-19T11:46:38Z,119.76,4.21,8.04,0.7,0.43
2023-12-19T12:46:38Z,120.54,4.78,8.01,0.79,0.47
2023-12-19T13:46:38Z,122.49,4.02,7.84,0.63,0.44
2023-12-19T14:46:38Z,115.19,3.96,7.92,0.64,0.47
2023-12-20T10:02:36Z,107.74,3.81,4.05,0.75,0.51
2023-12-20T11:02:36Z,105.83,3.56,7.38,0.68,0.48
2023-12-20T12:02:36Z,100.7,3.72,7.02,0.73,0.43
2023-12-20T13:02:36Z,101.84,3.54,6.46,0.61,0.42
2023-12-20T14:02:36Z,102.61,3.53,6.22,0.57,0.37
2023-12-20T15:02:36Z,107.91,4.11,7.63,0.55,0.35
2023-12-20T16:02:36Z,112.98,2.7,6.71,0.57,0.36
2023-12-20T17:02:36Z,119.56,2.6,3.23,0.85,0.54
2023-12-20T18:02:36Z,141.34,2.87,6.62,0.8,0.5
2023-12-20T19:02:36Z,147.68,2.98,4.39,0.7,0.49
2023-12-20T20:02:36Z,123.22,3.39,6.77,0.75,0.5
2023-12-20T21:02:36Z,114.66,3.82,6.58,0.74,0.53
2023-12-20T22:02:36Z,109.16,3.98,6.53,0.84,0.58
2023-12-20T23:02:36Z,126.12,4.04,8.3,0.89,0.57
2023-12-21T00:02:36Z,111.16,4.41,7.13,1.01,0.66
2023-12-21T01:02:36Z,107.62,4.1,7.02,1,0.67
2023-12-21T02:02:36Z,111.85,4.24,7.2,0.77,0.67
2023-12-21T03:02:36Z,106,4.4,7.14,1.14,0.69
2023-12-21T04:02:36Z,106.27,4.24,7.99,1.1,0.79
2023-12-21T05:02:36Z,115.7,3.97,8.39,0.94,0.67
2023-12-21T06:02:36Z,114.6,4.24,8.09,0.92,0.72
2023-12-21T07:02:36Z,120.09,4.67,8.48,1,0.72
2023-12-21T08:02:36Z,122.21,4.62,8.81,1.01,0.8
2023-12-21T09:02:36Z,125.35,4.07,6.29,1.16,0.75
2023-12-21T10:02:36Z,143.82,4.18,8.81,1.17,0.75
2023-12-21T11:02:36Z,149.14,4.35,9.36,1,0.76
2023-12-21T12:02:36Z,146.85,4.55,8.37,1.16,0.79
2023-12-21T13:02:36Z,153.2,3.67,7.56,1.17,0.87
2023-12-21T14:02:36Z,155.25,3.37,8.02,1.12,0.83
2023-12-21T15:02:36Z,174.79,3.55,4.22,1.27,0.82
2023-12-21T16:02:36Z,184.13,3.7,4.28,1.38,0.94
2023-12-21T17:02:36Z,182.48,3.4,4.36,1.27,0.89
2023-12-21T18:02:36Z,173.89,3.66,4.24,1.02,0.76
2023-12-21T19:02:36Z,191.09,3.34,4.26,1.22,0.85
2023-12-21T20:02:36Z,214.61,3.93,4.92,1.51,1.01
2023-12-21T21:02:36Z,218.07,3.64,4.89,1.66,1.13
2023-12-21T22:02:36Z,224.38,3.54,4.65,1.9,1.1
2023-12-21T23:02:36Z,218.95,3.53,4.42,1.38,0.91
2023-12-22T00:02:36Z,213.5,3.71,4.41,1.26,0.87
2023-12-22T01:02:36Z,222.15,4.12,4.97,1.66,1.03
2023-12-22T02:02:36Z,224.36,3.84,5.05,1.37,1.01
2024-01-09T08:04:50Z,115.68,3.62,8.97,0.78,0.58
2024-01-09T09:04:50Z,116.63,3.56,6.84,0.83,0.6
2024-01-09T10:04:50Z,121.46,4.04,7.7,0.74,0.58
2024-01-09T11:04:50Z,114.93,4.33,6.97,0.73,0.57
2024-01-09T12:04:50Z,120.49,4.34,5.25,0.8,0.58
2024-01-09T13:04:50Z,118.98,4.66,6.68,0.97,0.53
2024-01-09T14:04:50Z,116.07,4.13,6.91,0.81,0.49
2024-01-09T15:04:50Z,129.34,4.09,6.77,0.72,0.53
2024-01-09T16:04:50Z,122.49,4.48,5.55,0.78,0.44
2024-01-09T17:04:50Z,118.71,4.12,5.38,0.68,0.47
2024-01-09T18:04:50Z,120.92,4.67,6.12,0.68,0.45
2024-01-09T19:04:50Z,117.91,4.09,6.26,0.74,0.46
2024-01-09T20:04:50Z,125.97,3.37,6.13,0.65,0.42
2024-01-09T21:04:50Z,118.4,3.68,6.31,0.76,0.47
2024-01-09T22:04:50Z,123.84,3.47,5.49,0.75,0.43
2024-01-09T23:04:50Z,122.06,3.32,5.86,0.69,0.5
2024-01-10T12:55:56Z,139.06,3.2,4.43,0.79,0.5
2024-01-10T13:55:56Z,136.07,3.09,3.85,0.94,0.57
2024-01-10T14:55:56Z,145.58,3.27,4.37,0.94,0.6
2024-01-10T15:55:56Z,139.83,3.41,4.61,0.71,0.52
2024-01-10T16:55:56Z,141.36,3.31,4.42,0.79,0.51
2024-01-10T17:55:56Z,0,0.98,140.89,149.05,0.53
2024-01-11T09:20:37Z,94.53,4.78,7.68,1.31,0.97
2024-01-11T10:20:37Z,93.45,5.24,7.64,1.39,1.07
2024-01-11T11:20:37Z,95.89,5.44,7.4,1.46,1.2
2024-01-11T12:20:37Z,99.28,5.03,7.3,1.36,1.56
2024-01-11T13:20:37Z,94.71,5.57,7.36,1.56,1.02
2024-01-11T14:20:37Z,101.5,5.03,7.79,1.29,0.97
2024-01-11T15:20:37Z,99.41,4.74,7.66,1.53,1.03
2024-01-11T16:20:37Z,103.71,4.29,8.31,1.37,0.99
2024-01-11T17:20:37Z,100.46,5.26,8.38,1.88,1.25
2024-01-11T18:20:37Z,101.57,4.85,8.55,1.67,1.11
2024-01-11T19:20:37Z,97.79,5.04,8.1,1.38,1.06
2024-01-11T20:20:37Z,102.37,4.36,8.38,1.83,1.07
2024-01-11T21:20:37Z,102.96,4.05,7.84,1.15,0.9
2024-01-11T22:20:37Z,106.87,4.14,8,1.56,1.03
2024-01-11T23:20:37Z,103.57,4.28,7.91,1.43,0.99
2024-01-12T00:20:37Z,100.79,4.42,7.94,1.24,0.91
2024-01-12T01:20:37Z,100.6,3.86,7.79,1.26,0.86
2024-01-12T02:20:37Z,106.03,3.63,8.31,1.14,0.8
2024-01-12T03:20:37Z,106.25,4.06,8.05,1.3,0.9
2024-01-12T04:20:37Z,105.65,4.07,7.86,1.15,0.81
2024-01-12T05:20:37Z,116.25,5.09,7.78,1,0.75
2024-01-12T06:20:37Z,107.82,3.91,7.47,1.09,0.72
2024-01-12T07:20:37Z,112.54,3.53,7.28,0.91,0.71
2024-01-12T08:20:37Z,116.11,3.41,7.77,0.88,0.67
2024-01-12T09:20:37Z,113.08,4.3,7.39,0.98,0.73
2024-01-12T10:20:37Z,114.83,4.34,7.45,0.84,0.62
2024-01-12T11:20:37Z,117.35,5.02,7.79,1.06,0.56
2024-01-12T12:20:37Z,113.94,4.46,6.89,0.79,0.55
2024-01-12T13:20:37Z,123.28,3.28,6.85,0.77,0.61
2024-01-12T14:20:37Z,121.95,3.2,6.52,0.9,0.63
2024-01-12T15:20:37Z,123.45,3.14,7.23,0.93,0.65
2024-01-12T16:20:37Z,126.82,3.02,7.04,0.79,0.6
2024-01-12T17:20:37Z,123.63,3.43,6.75,0.75,0.54
2024-01-12T18:20:37Z,123.76,3.58,6.59,0.72,0.5
2024-01-12T19:20:37Z,125.7,3.16,6.9,0.69,0.47
2024-01-12T20:20:37Z,124.85,3.24,6.66,0.63,0.46
2024-01-12T21:20:37Z,126.42,3.41,6.63,0.68,0.41
2024-01-12T22:20:37Z,125.55,3.32,6.02,0.66,0.39
2024-01-12T23:20:37Z,131.2,3.57,6.09,0.58,0.39
2024-01-13T00:20:37Z,122.47,3.35,6.11,0.6,0.41
2024-01-13T01:20:37Z,122.42,3.45,6.29,0.61,0.39
2024-01-13T02:20:37Z,129.23,3.55,6.33,0.56,0.38
2024-01-13T03:20:37Z,135.3,3.1,5.85,0.64,0.36
2024-01-13T04:20:37Z,134.2,2.88,6.23,0.58,0.36
2024-01-13T05:20:37Z,134.62,2.95,6.21,0.48,0.33
2024-01-13T06:20:37Z,136.25,2.54,5.93,0.53,0.34
2024-01-13T07:20:37Z,141.87,2.91,6.01,0.53,0.37
2024-01-13T08:20:37Z,135.22,2.48,5.89,0.53,0.33
2024-01-13T09:20:37Z,134.14,3.1,5.71,0.42,0.31
2024-01-13T10:20:37Z,128.9,2.88,6.19,0.43,0.29
2024-01-13T11:20:37Z,125.67,3.14,5.27,0.5,0.31
2024-01-13T12:20:37Z,127.15,3.03,5.98,0.42,0.27
2024-01-13T13:20:37Z,136.1,2.32,5.63,0.42,0.3
2024-01-13T14:20:37Z,130.87,2.12,5.4,0.52,0.32
2024-01-13T15:20:37Z,132.26,2.26,5.26,0.51,0.39
2024-01-13T16:20:37Z,143.84,2.17,2.18,0.5,0.38
2024-01-13T17:20:37Z,161.02,2.31,4.12,0.58,0.38
2024-01-13T18:20:37Z,161.61,2.6,4.35,0.66,0.44
2024-01-13T19:20:37Z,154.72,3.03,4.4,0.61,0.43
2024-01-13T20:20:37Z,162.46,2.71,4.16,0.73,0.46
2024-01-13T21:20:37Z,169.08,3.05,4.1,0.67,0.44
2024-01-13T22:20:37Z,173.22,2.9,3.85,0.64,0.45
2024-01-13T23:20:37Z,180.73,3.05,4.26,0.84,0.5
2024-01-14T00:20:37Z,177.96,3.21,4.14,0.81,0.54
2024-01-14T01:20:37Z,180.56,3.39,4.03,0.86,0.54
2024-01-14T02:20:37Z,178.3,3.43,4.71,0.68,0.55
2024-01-14T03:20:37Z,170.86,3.37,4.77,1.03,0.52
2024-01-14T04:20:37Z,179.34,3.59,4.59,0.82,0.58
2024-01-14T05:20:37Z,174.38,3.46,4.49,0.93,0.57
2024-01-14T06:20:37Z,179.69,3.23,5.21,0.9,0.62
2024-01-14T07:20:37Z,179.13,2.95,5.32,0.99,0.68
2024-01-14T08:20:37Z,185.22,3.28,5.29,0.89,0.65
2024-01-14T09:20:37Z,182.19,3.05,5.27,0.88,0.63
2024-01-14T10:20:37Z,190.19,3.11,5.62,1.05,0.7
2024-01-14T11:20:37Z,186.12,3.73,5.55,1.06,0.72
2024-01-14T12:20:37Z,192.86,3.57,5.51,0.99,0.61
2024-01-14T13:20:37Z,186.82,4.14,5.25,1.19,0.85
2024-01-14T14:20:37Z,186.69,3.3,5.28,1.12,0.76
2024-01-14T15:20:37Z,192.34,3.42,4.83,1.12,0.75
2024-01-14T16:20:37Z,196.48,3.14,5.01,0.99,0.68
2024-01-14T17:20:37Z,186.54,3.15,5.18,0.92,0.72
2024-01-14T18:20:37Z,187.57,3.35,5.41,1.06,0.63
2024-01-14T19:20:37Z,196.03,3.84,5.23,1.07,0.77
2024-01-14T20:20:37Z,193.81,3.25,5.52,0.93,0.65
2024-01-14T21:20:37Z,192.09,3.38,5.41,1.11,0.7
2024-01-14T22:20:37Z,189.56,4.36,5.42,1.21,0.83
2024-01-14T23:20:37Z,193,3.73,5.27,0.93,0.68
2024-01-15T00:20:37Z,197.97,3.27,5.24,1.07,0.84
2024-01-15T01:20:37Z,199.59,3.52,4.85,1.32,0.89
2024-01-15T02:20:37Z,199.36,3.54,5.17,1.14,0.78
2024-01-15T03:20:37Z,199.22,3.48,5.25,1.07,0.69
2024-01-15T04:20:37Z,205.56,3.7,5.28,1.44,0.78
2024-01-15T05:20:37Z,207.88,3.69,5.58,1.1,0.67
2024-01-15T06:20:37Z,198.61,3.75,5.2,0.9,0.67
2024-01-15T07:20:37Z,198.45,3.76,5.38,1.17,0.7
2024-01-15T08:20:37Z,202.87,3.64,5.56,1.02,0.66
2024-01-15T09:20:37Z,191.92,3.69,5.63,1.04,0.7
2024-01-15T10:20:37Z,196.44,4.15,5.53,1.14,0.77
2024-01-15T11:20:37Z,199.79,3.88,5.46,1.14,0.74
2024-01-15T12:20:37Z,196.06,3.4,5.41,1.06,0.63
2024-01-15T13:20:37Z,190.47,3.47,5.46,1.25,0.74
2024-01-15T14:20:37Z,194.59,3.65,5.65,1.4,0.98
2024-01-15T15:20:37Z,191.3,3.54,5.82,1.36,0.88
2024-01-15T16:20:37Z,181.87,3.38,5.68,1.01,0.76
2024-01-15T17:20:37Z,183.13,3.92,5.74,1.28,0.87
2024-01-16T09:23:55Z,181.46,4.28,5.56,0.86,0.59
2024-01-16T10:23:55Z,179.35,4.19,5.79,0.85,0.59
2024-01-16T11:23:55Z,174.1,4.48,5.29,0.75,0.63
2024-01-16T12:23:55Z,171.55,4.29,6.15,0.95,0.62
2024-01-16T13:23:55Z,166.7,4.61,5.93,1.04,0.67
2024-01-16T14:23:55Z,178.89,4.54,5.58,0.97,0.69
2024-01-16T15:23:55Z,171.49,4.13,5.87,0.9,0.61
2024-01-16T16:23:55Z,175.34,3.68,5.87,1.01,0.58
2024-01-16T17:23:55Z,174.41,3.75,5.86,0.88,0.54
2024-01-16T18:23:55Z,175.92,4.44,5.68,0.83,0.6
2024-01-16T19:23:55Z,175.19,4.67,5.7,0.81,0.61
2024-01-16T20:23:55Z,178.36,4.82,5.92,1.08,0.64
2024-01-16T21:23:55Z,179.36,4.62,5.45,1.17,0.77
2024-01-16T22:23:55Z,176.46,4.29,5.31,0.89,0.67
2024-01-16T23:23:55Z,177.83,4.22,5.59,0.95,0.6
2024-01-17T00:23:55Z,180.11,3.64,5.22,0.8,0.53
2024-01-17T01:23:55Z,181.49,3.85,5.05,0.87,0.59
2024-01-17T02:23:55Z,166.43,3.63,5.27,0.85,0.53
2024-01-17T03:23:55Z,179.1,4.18,5.3,0.94,0.61
2024-01-17T04:23:55Z,178.62,4.44,5.91,1.04,0.73
2024-01-17T05:23:55Z,177.15,4.72,5.62,1.28,0.91
2024-01-17T06:23:55Z,183.13,4.78,5.61,1.48,1.06
2024-01-17T07:23:55Z,186.35,4.7,5.59,1.37,0.91
2024-01-17T08:23:55Z,183.97,5.06,5.85,1.63,1.16
2024-01-17T09:23:55Z,182.38,4.38,5.87,1.57,0.97
2024-01-17T10:23:55Z,186.15,4.39,5.8,1.23,0.94
2024-01-17T11:23:55Z,183.8,3.89,5.61,1.42,0.89
2024-01-17T12:23:55Z,182.35,5.03,5.89,1.87,1.39
2024-01-17T13:23:55Z,181.03,4.66,5.75,2,1.35
2024-01-17T14:23:55Z,186.37,4.4,5.78,2.15,1.45
2024-01-17T15:23:55Z,186.61,4.69,5.86,2.23,1.53
2024-01-17T16:23:55Z,178.76,4.86,6.18,2.83,1.54
2024-01-17T17:23:55Z,177.95,4.25,6.62,2.13,1.58
2024-01-17T18:23:55Z,179.91,5.09,6.57,2.72,1.91
2024-01-17T19:23:55Z,179.86,4.74,7.18,2.66,1.57
2024-01-17T20:23:55Z,171.26,4.38,6.94,2.27,1.42
2024-01-17T21:23:55Z,178.34,5.19,6.68,2.3,1.73
2024-01-17T22:23:55Z,186.57,4.82,6.68,2.45,1.65
2024-01-17T23:23:55Z,185.62,3.97,6.38,2.18,1.41
2024-01-18T00:23:55Z,183.21,4.19,6.44,2.06,1.52
2024-01-18T01:23:55Z,187.67,4.15,6.87,2.46,1.63
2024-01-18T02:23:55Z,182.73,4.64,6.74,2.48,1.75
2024-01-18T03:23:55Z,183.76,4.9,7.01,2.56,1.82
2024-01-18T04:23:55Z,180.03,4.76,6.82,2.13,1.62
2024-01-18T05:23:55Z,182.62,4.57,7.2,2.13,1.61
2024-01-18T06:23:55Z,183.96,4.34,6.81,2.17,1.63
2024-01-18T07:23:55Z,184.54,4.59,7.29,2.51,1.79
2024-01-18T08:23:55Z,186.9,4.84,7.16,2.43,1.64
2024-01-18T09:23:55Z,185.99,4.64,6.72,2.47,1.71
2024-01-18T10:23:55Z,185.08,5.13,7.41,2.61,1.7
2024-01-18T11:23:55Z,185.07,4.69,6.9,2.46,1.76
2024-01-18T12:23:55Z,185.13,4.32,6.88,2.29,1.65
2024-01-18T13:23:55Z,184.49,4.59,6.61,2.87,1.58
2024-01-18T14:23:55Z,186.3,4.99,7.01,1.99,1.55
2024-01-18T15:23:55Z,186.96,4.76,6.92,2.1,1.44
2024-01-18T16:23:55Z,184.89,4.93,6.63,1.72,1.24
2024-01-18T17:23:55Z,187.7,5.16,6.75,2.02,1.44
2024-01-18T18:23:55Z,182.93,4.53,6.4,1.8,1.19
2024-01-18T19:23:55Z,179.47,4.91,6.91,2.06,1.25
2024-01-18T20:23:55Z,183.61,4.71,6.17,1.55,1.1
2024-01-18T21:23:55Z,188.08,4.97,5.95,1.54,1.14
2024-01-18T22:23:55Z,178.75,4.64,6.12,1.49,1.03
2024-01-18T23:23:55Z,186.09,4.75,6.41,1.39,1.03
2024-01-19T00:23:55Z,180.82,4.81,6.24,1.69,0.99
2024-01-19T01:23:55Z,179.96,4.57,6.18,1.27,0.91
2024-01-19T02:23:55Z,175.02,4.16,6.26,1.31,0.85
2024-01-19T03:23:55Z,176.39,3.98,5.85,1.34,0.88
2024-01-19T04:23:55Z,179.5,4.01,6.14,1.16,0.78
2024-01-19T05:23:55Z,185.21,3.36,5.91,1.53,0.9
2024-01-19T06:23:55Z,173.14,3.51,6.11,1.19,0.89
2024-01-19T07:23:55Z,142.77,3.63,3.88,1.36,1.01
2024-01-19T08:23:55Z,125.08,3.73,4.84,2.03,1.34
2024-01-19T09:23:55Z,118.04,3.84,5.35,1.9,1.4
2024-01-19T10:23:55Z,109.55,4.13,6.01,2.48,1.59
2024-01-19T11:23:55Z,107.07,4.5,6.14,2.34,1.59
2024-01-19T12:23:55Z,108.2,4.6,5.94,2.05,1.44
2024-01-19T13:23:55Z,102.68,4.21,6.02,2.24,1.49
2024-01-19T14:23:55Z,110.9,3.86,6.42,2.04,1.23
2024-01-19T15:23:55Z,106.91,4.25,5.96,1.86,1.35
2024-01-19T16:23:55Z,104.4,3.99,6.05,1.99,1.26
2024-01-19T17:23:55Z,101.25,3.97,6.1,1.97,1.29
2024-01-19T18:23:55Z,103.85,3.85,5.58,1.97,1.19
2024-01-19T19:23:55Z,104.13,3.99,5.6,1.88,1.31
2024-01-19T20:23:55Z,107.38,4.17,5.6,1.86,1.24
2024-01-19T21:23:55Z,107.62,4.54,6.33,1.92,1.3
2024-01-19T22:23:55Z,106.93,4.66,6.49,1.67,1.27
2024-01-19T23:23:55Z,106.44,4.29,5.87,1.68,1.17
2024-01-20T00:23:55Z,106.35,4.27,6.27,1.67,1.14
2024-01-20T01:23:55Z,102.8,4.49,5.93,1.79,1.19
2024-01-20T02:23:55Z,102.7,4.84,6.03,1.74,1.13
2024-01-20T03:23:55Z,104.79,4.81,6.28,1.72,1.17
2024-01-20T04:23:55Z,103.85,4.46,6.56,1.8,1.13
2024-01-20T05:23:55Z,104.49,4.38,5.86,1.48,1.17
2024-01-20T06:23:55Z,109.79,4.06,6.37,1.62,1.11
2024-01-20T07:23:55Z,111.37,4.13,6.81,1.52,1.06
2024-01-22T09:53:28Z,132.88,2.83,6.57,0.67,0.47
2024-01-22T10:53:28Z,140.71,2.79,6.91,0.68,0.5
2024-01-22T11:53:28Z,145.96,2.88,3.7,0.87,0.5
2024-01-22T12:53:28Z,163.18,2.99,3.79,0.96,0.67
2024-01-22T13:53:28Z,180.17,3.01,3.95,1.18,0.81
2024-01-22T14:53:28Z,199.75,3.25,4.05,1.32,0.95
2024-01-22T15:53:28Z,195.61,3.39,4.41,1.48,0.97
2024-01-22T16:53:28Z,187.02,3.31,4.39,1.19,0.86
2024-01-22T17:53:28Z,183.64,3.23,4.37,1.31,0.84
2024-01-22T18:53:28Z,181.93,3.04,4.35,0.96,0.71
2024-01-22T19:53:28Z,180.77,3.32,4.5,1.18,0.73
2024-01-22T20:53:28Z,170.51,3.64,4.75,1.2,0.72
2024-01-22T21:53:28Z,171.79,3.38,4.38,0.86,0.67
2024-01-22T22:53:28Z,180.49,3.51,4.81,0.94,0.68
2024-01-22T23:53:28Z,177.81,3.76,5.27,1,0.73
2024-01-23T00:53:28Z,180.35,4.02,5.09,0.94,0.7
2024-01-23T01:53:28Z,172.09,3.61,5.29,1.05,0.7
2024-01-23T02:53:28Z,179.64,3.87,5.15,1.13,0.63
2024-01-23T03:53:28Z,169.92,3.46,5.34,1.11,0.7
2024-01-23T04:53:28Z,154.22,3.39,5.4,1.01,0.61
2024-01-23T05:53:28Z,147.68,3.71,5.31,0.88,0.64
2024-01-23T06:53:28Z,163,3.59,5.46,0.9,0.6
2024-01-23T07:53:28Z,193.52,3.57,5.21,0.94,0.6
2024-01-23T08:53:28Z,186.83,3.51,5.29,0.97,0.62
2024-01-23T09:53:28Z,189.92,3.75,5.08,0.92,0.63
2024-01-23T10:53:28Z,184.89,3.84,4.84,0.81,0.57
2024-01-23T11:53:28Z,187.2,3.35,5.01,0.85,0.53
2024-01-23T12:53:28Z,186.33,3.62,5.32,0.78,0.5
2024-01-23T13:53:28Z,187.09,4.06,5.39,0.65,0.49
2024-01-23T14:53:28Z,185.11,3.95,5.33,0.67,0.48
2024-01-23T15:53:28Z,189.73,4.3,5.43,0.78,0.48
2024-01-23T16:53:28Z,179.58,3.33,5.31,0.62,0.43
2024-01-23T17:53:28Z,181.45,4.07,5.09,0.66,0.45
2024-01-23T18:53:28Z,181.47,3.86,5.21,0.77,0.44
2024-01-23T19:53:28Z,178.02,4.05,5.22,0.75,0.48
2024-01-23T20:53:28Z,161.01,3.95,5.35,0.58,0.37
2024-01-23T21:53:28Z,166.29,3.85,4.83,0.45,0.33
2024-01-23T22:53:28Z,169.71,3.64,4.97,0.58,0.35
2024-01-23T23:53:28Z,164.19,2.81,4.81,0.39,0.3
2024-01-24T00:53:28Z,174.11,3.37,4.8,0.44,0.28
2024-01-24T01:53:28Z,167.99,3.09,4.43,0.42,0.27
2024-01-24T02:53:28Z,166.82,2.96,4.71,0.4,0.25
2024-01-24T03:53:28Z,158.31,3.31,4.81,0.33,0.22
2024-01-24T04:53:28Z,166.23,3.28,4.33,0.37,0.25
2024-01-24T05:53:28Z,167.63,3.15,4.65,0.45,0.25
2024-01-24T06:53:28Z,144.17,3.06,4.49,0.28,0.21
2024-01-24T07:53:28Z,161.38,3.31,4.34,0.33,0.23
2024-01-24T08:53:28Z,158.63,2.51,4.58,0.36,0.26
2024-01-24T09:53:28Z,148.68,2.74,4.59,0.3,0.24
2024-01-24T10:53:28Z,143.67,2.53,3.46,0.4,0.27
2024-01-24T11:53:28Z,157.44,2.77,3.34,0.41,0.28
2024-01-24T12:53:28Z,137.54,3.04,4.01,0.38,0.26
2024-01-24T13:53:28Z,143.75,3.01,3.13,0.35,0.25
2024-01-24T14:53:28Z,151.26,2.79,4.37,0.48,0.25
2024-01-24T15:53:28Z,135.33,2.66,3.79,0.34,0.26
2024-01-24T16:53:28Z,136.71,2.67,3.9,0.36,0.25
2024-01-24T17:53:28Z,134.07,2.64,4.49,0.39,0.25
2024-01-24T18:53:28Z,126.46,2.65,3.54,0.39,0.26
2024-01-24T19:53:28Z,128.27,2.65,5.21,0.4,0.27
2024-01-24T20:53:28Z,134.42,3.15,5.34,0.34,0.27
2024-01-24T21:53:28Z,129.82,2.9,2.89,0.34,0.23
2024-01-24T22:53:28Z,117.87,2.81,7.45,0.39,0.25
2024-01-24T23:53:28Z,117.13,2.75,7.51,0.26,0.22
2024-01-25T00:53:28Z,112.77,2.87,4.11,0.31,0.21
2024-01-25T01:53:28Z,107.25,2.96,6.87,0.23,0.18
2024-01-25T02:53:28Z,94.86,3.03,5.04,0.26,0.18
2024-01-25T03:53:28Z,106.23,3.18,7.44,0.24,0.17
2024-01-25T04:53:28Z,107.15,2.53,4.22,0.28,0.18
2024-01-25T05:53:28Z,124.27,3.06,4.75,0.27,0.16
2024-01-25T06:53:28Z,124.59,2.93,6.71,0.19,0.14
2024-01-25T07:53:28Z,123.04,2.22,6.67,0.26,0.18
2024-01-25T08:53:28Z,136.82,2.32,4.01,0.34,0.2
2024-01-25T09:53:28Z,144.4,2.89,3.86,0.27,0.18
2024-01-25T10:53:28Z,120.77,2.48,3.18,0.23,0.18
2024-01-25T11:53:28Z,121.05,2.66,2.82,0.3,0.2
2024-01-25T12:53:28Z,145.01,2.64,3.43,0.31,0.2
2024-01-25T13:53:28Z,159.29,2.72,4.87,0.33,0.23
2024-01-25T14:53:28Z,171.31,3.06,4.43,0.3,0.23
2024-01-25T15:53:28Z,177.19,3.39,4.3,0.38,0.23
2024-01-25T16:53:28Z,172.44,3.72,4.67,0.34,0.22
2024-01-26T10:41:04Z,118.01,2.99,3.38,0.24,0.18
2024-01-26T11:41:04Z,133.88,2.57,3.62,0.26,0.17
2024-01-26T12:41:04Z,145.53,2.65,3.73,0.31,0.19
2024-01-26T13:41:04Z,135.59,3.08,3.47,0.28,0.17
2024-01-26T14:41:04Z,151.8,2.48,4.01,0.25,0.18
2024-01-26T15:41:04Z,160.98,2.99,3.76,0.31,0.2
2024-01-26T16:41:04Z,136.75,3.81,4.16,0.23,0.15
2024-01-26T17:41:04Z,127.88,3.46,4.02,0.22,0.15
2024-01-26T18:41:04Z,127.76,3.82,6.47,0.24,0.17
2024-01-26T19:41:04Z,133.83,3.85,6.23,0.32,0.19
2024-01-26T20:41:04Z,135.17,3.48,6.65,0.26,0.18
2024-01-26T21:41:04Z,128.56,2.98,5.99,0.27,0.19
2024-01-26T22:41:04Z,117.35,2.6,6.01,0.31,0.2
2024-01-26T23:41:04Z,106.73,2.66,4.15,0.29,0.18
2024-01-27T00:41:04Z,110.55,3.72,4.19,0.26,0.17
2024-01-27T01:41:04Z,105.64,3.01,3.7,0.24,0.16
2024-01-27T02:41:04Z,124.01,2.33,3.69,0.24,0.16
2024-01-27T03:41:04Z,121.56,2.69,4.7,0.22,0.15
2024-01-27T04:41:04Z,122.93,2.31,4.19,0.22,0.18
2024-01-27T05:41:04Z,122.24,2.62,4.45,0.25,0.16
2024-01-27T06:41:04Z,105.19,2.56,3.98,0.27,0.16
2024-01-27T07:41:04Z,111.06,2.38,6.57,0.3,0.19
2024-01-27T08:41:04Z,125.5,2.63,5.98,0.23,0.16
2024-01-27T09:41:04Z,102.65,2.32,4.74,0.23,0.16
2024-01-27T10:41:04Z,108.56,2.48,5.77,0.27,0.17
2024-01-27T11:41:04Z,128.22,2.04,4.88,0.28,0.19
2024-01-27T12:41:04Z,108.87,2.28,5.88,0.29,0.19
2024-01-27T13:41:04Z,105.33,2.68,4.78,0.31,0.19
2024-01-27T14:41:04Z,103.59,3.32,4.66,0.3,0.18
2024-01-27T15:41:04Z,97.29,2.75,4.38,0.27,0.18
2024-01-27T16:41:04Z,111.86,2.69,4.59,0.3,0.17
2024-01-27T17:41:04Z,97.57,2.28,4.69,0.36,0.22
2024-01-27T18:41:04Z,109.96,2.45,4.17,0.27,0.19
2024-01-27T19:41:04Z,108.58,3.04,4.84,0.32,0.2
2024-01-27T20:41:04Z,94.85,2.89,5.63,0.27,0.19
2024-01-27T21:41:04Z,104.65,2.63,5.37,0.34,0.23
2024-01-27T22:41:04Z,107.93,2.3,4.95,0.28,0.2
2024-01-27T23:41:04Z,93.37,2.8,5.61,0.28,0.2
2024-01-28T00:41:04Z,90.44,2.73,5.84,0.33,0.23
2024-01-28T01:41:04Z,102.75,2.75,5.59,0.38,0.24
2024-01-28T02:41:04Z,91.59,3.35,5.51,0.45,0.25
2024-01-28T03:41:04Z,96,2.62,5.47,0.46,0.27
2024-01-28T04:41:04Z,85.18,2.87,5.07,0.48,0.29
2024-01-28T05:41:04Z,97.28,2.84,4.74,0.5,0.29
2024-01-28T06:41:04Z,96.24,2.74,4.41,0.46,0.28
2024-01-28T07:41:04Z,100.74,2.57,2.79,0.65,0.45
2024-01-28T08:41:04Z,94.22,2.62,2.92,0.66,0.44
2024-01-28T09:41:04Z,102.2,2.55,3.06,0.72,0.48
2024-01-28T10:41:04Z,100.3,2.37,2.93,0.7,0.43
2024-01-28T11:41:04Z,115.84,2.39,2.85,0.55,0.41
2024-01-28T12:41:04Z,114.03,2.33,3.01,0.63,0.41
2024-01-28T13:41:04Z,126.85,2.15,2.68,0.52,0.38
2024-01-28T14:41:04Z,124.03,2.14,2.68,0.56,0.36
2024-01-28T15:41:04Z,117.06,2.09,2.57,0.47,0.33
2024-01-28T16:41:04Z,116.52,2.23,2.7,0.55,0.38
2024-01-28T17:41:04Z,116.04,2.27,2.69,0.55,0.41
2024-01-28T18:41:04Z,120.91,2.2,2.64,0.48,0.35
2024-01-28T19:41:04Z,115.82,2.27,2.54,0.48,0.34
2024-01-28T20:41:04Z,137.73,2.25,2.56,0.44,0.32
2024-01-28T21:41:04Z,138.33,2.22,3.45,0.46,0.33
2024-01-28T22:41:04Z,144.33,2.38,3.95,0.54,0.33
2024-01-28T23:41:04Z,149.73,2.5,3.81,0.42,0.33
2024-01-29T00:41:04Z,146.95,2.62,3.91,0.5,0.36
2024-01-29T01:41:04Z,149.5,2.4,4.12,0.57,0.38
2024-01-29T02:41:04Z,152.83,2.47,4.07,0.57,0.39
2024-01-29T03:41:04Z,146.61,3.02,4.31,0.59,0.41
2024-01-29T04:41:04Z,147.51,2.62,4.21,0.65,0.4
2024-01-29T05:41:04Z,152.78,2.94,4.35,0.58,0.45
2024-01-29T06:41:04Z,149.41,2.89,4.01,0.73,0.47
2024-01-29T07:41:04Z,150.46,2.74,3.98,0.79,0.5
2024-01-29T08:41:04Z,146.33,2.73,3.98,0.71,0.47
2024-01-29T09:41:04Z,136.03,2.89,4.51,0.73,0.51
2024-01-29T10:41:04Z,130.67,3.16,4.59,0.78,0.55
2024-01-29T11:41:04Z,118.12,3.31,4.89,0.87,0.63
2024-01-29T12:41:04Z,118.91,3.37,4.95,0.86,0.6
2024-01-29T13:41:04Z,127.26,3.69,5.76,1.11,0.66
2024-01-29T14:41:04Z,126.39,3.9,5.37,0.81,0.61
2024-01-29T15:41:04Z,125.85,4,5.91,0.97,0.65
2024-01-29T16:41:04Z,124.21,4.3,6.05,1.34,0.83
2024-01-29T17:41:04Z,125.38,4.16,6.48,1.18,0.78
2024-01-29T18:41:04Z,121.52,4.36,6.68,1.36,0.82
2024-01-29T19:41:04Z,122.29,4.43,6.87,1.2,0.84
2024-01-29T20:41:04Z,123.86,4,6.19,1.13,0.79
2024-01-29T21:41:04Z,114.48,4.15,6.78,1.07,0.8
2024-01-29T22:41:04Z,119.51,4.06,6.8,1.33,0.8
2024-01-29T23:41:04Z,119.64,3.96,7.08,1.07,0.7
2024-01-30T00:41:04Z,120.28,4.53,6.87,1.24,0.87
2024-01-30T01:41:04Z,121.51,4.31,7.21,1.35,0.88
2024-01-30T02:41:04Z,119.81,4.81,7.19,1.34,0.92
2024-01-30T03:41:04Z,123.42,4.39,7.45,1.19,0.83
2024-01-30T04:41:04Z,122.58,4.93,7.21,1.15,0.85
2024-01-30T05:41:04Z,116.89,5.02,7.2,1.03,0.8
2024-01-30T06:41:04Z,116.93,4.77,7.4,1.4,0.84
2024-01-30T07:41:04Z,112.93,4.7,7.25,1.18,0.76
2024-01-30T08:41:04Z,118.16,5.02,7.27,1.39,0.87
2024-01-30T09:41:04Z,112.05,4.75,7.02,1.25,0.88
2024-01-30T10:41:04Z,117.05,4.99,7.39,1.15,0.86
2024-01-30T11:41:04Z,119.71,4.52,6.95,1.58,0.83
2024-01-30T12:41:04Z,113.51,4.79,7.08,1.16,0.83
2024-01-30T13:41:04Z,119.39,4.62,6.83,1.11,0.78
2024-01-30T14:41:04Z,116.45,4.72,6.43,0.99,0.79
2024-01-30T15:41:04Z,118.1,4.18,6.95,0.98,0.71
2024-01-30T16:41:04Z,115.09,4.71,6.86,1.53,0.83
2024-01-30T17:41:04Z,112.5,4.06,6.65,1.22,0.73
2024-01-30T18:41:04Z,112.87,5.19,6.77,1.55,0.88
2024-01-30T19:41:04Z,110.55,5.42,7.05,1.2,0.86
2024-01-30T20:41:04Z,111.94,4.74,6.88,1.37,0.86
2024-01-30T21:41:04Z,113.7,4.48,6.7,1.04,0.74
2024-01-30T22:41:04Z,110.93,4.5,6.82,1.23,0.78
2024-01-30T23:41:04Z,117.57,4.17,6.6,1.04,0.72
2024-01-31T00:41:04Z,109.68,4.2,6.66,1.06,0.69
2024-02-02T12:35:12Z,117.25,2.64,5.25,0.47,0.25
2024-02-02T13:35:12Z,100.55,2.47,5.08,0.4,0.28
2024-02-02T14:35:12Z,111.71,2.4,7.83,0.48,0.33
2024-02-02T15:35:12Z,104.14,2.54,4.85,0.44,0.35
2024-02-02T16:35:12Z,119.15,2.8,7.55,0.44,0.32
2024-02-02T17:35:12Z,112.36,2.88,7.02,0.5,0.35
2024-02-02T18:35:12Z,116.51,2.55,2.6,0.57,0.4
2024-02-02T19:35:12Z,110.57,2.64,2.72,0.81,0.43
2024-02-02T20:35:12Z,121.42,3.25,5.61,0.59,0.43
2024-02-02T21:35:12Z,119.49,2.98,5.79,0.59,0.45
2024-02-02T22:35:12Z,122.91,3.09,7.2,0.55,0.38
2024-02-02T23:35:12Z,132.35,3.51,3.7,0.59,0.38
2024-02-03T00:35:12Z,128.27,3.43,3.57,0.56,0.42
2024-02-03T01:35:12Z,124.59,3.48,3.34,0.56,0.42
2024-02-03T02:35:12Z,127.12,3.36,3.7,0.7,0.43
2024-02-03T03:35:12Z,123.04,3.06,5.48,0.53,0.39
2024-02-03T04:35:12Z,129.31,2.89,3.46,0.52,0.38
2024-02-03T05:35:12Z,124.35,3.04,3.48,0.61,0.36
2024-02-04T17:48:53Z,193.09,2.83,4.26,0.75,0.47
2024-02-04T18:48:53Z,189.03,2.88,4.5,0.69,0.45
2024-02-04T19:48:53Z,195.18,2.88,4.24,0.52,0.37
2024-02-04T20:48:53Z,186.31,2.74,4.47,0.58,0.39
2024-02-04T21:48:53Z,187.51,2.76,4.24,0.64,0.47
2024-02-04T22:48:53Z,189.03,2.86,4.04,0.77,0.48
2024-02-04T23:48:53Z,186.41,2.87,4.03,0.61,0.43
2024-02-05T00:48:53Z,186.73,2.63,3.76,0.54,0.39
2024-02-05T01:48:53Z,187.63,2.66,3.55,0.63,0.4
2024-02-05T02:48:53Z,186.04,2.93,3.83,0.59,0.35
2024-02-05T03:48:53Z,184.12,2.68,3.6,0.56,0.35
2024-02-05T04:48:53Z,187.71,2.89,3.82,0.55,0.41
2024-02-05T05:48:53Z,185.23,2.98,3.72,0.57,0.38
2024-02-05T06:48:53Z,178.77,2.43,3.47,0.56,0.36
2024-02-05T07:48:53Z,175.06,2.91,3.72,0.58,0.39
2024-02-05T08:48:53Z,189.55,3.07,3.72,0.52,0.36
2024-02-05T09:48:53Z,186.41,2.99,3.76,0.61,0.42
2024-02-05T10:48:53Z,180.82,2.96,3.71,0.53,0.38
2024-02-05T11:48:53Z,191.75,2.87,3.72,0.58,0.37
2024-02-05T12:48:53Z,182.38,2.9,3.78,0.59,0.4
2024-02-05T13:48:53Z,194.72,2.48,3.77,0.62,0.42
2024-02-05T14:48:53Z,185.3,2.71,3.83,0.79,0.53
2024-02-05T15:48:53Z,188.69,2.63,3.75,0.84,0.53
2024-02-05T16:48:53Z,198.5,3,3.89,0.82,0.53
2024-02-05T17:48:53Z,193.77,2.75,3.74,0.64,0.46
2024-02-05T18:48:53Z,188.59,2.89,3.85,0.63,0.44
2024-02-05T19:48:53Z,187.45,2.76,3.63,0.66,0.4
2024-02-05T20:48:53Z,189.13,2.91,3.67,0.63,0.39
2024-02-05T21:48:53Z,192.75,2.75,3.85,0.63,0.46
2024-02-05T22:48:53Z,195.95,3.06,3.6,0.63,0.41
2024-02-05T23:48:53Z,190.14,3.12,3.81,0.65,0.43
2024-02-06T00:48:53Z,184.41,2.7,3.81,0.53,0.37
2024-02-06T01:48:53Z,182.32,2.99,3.79,0.62,0.43
2024-02-06T02:48:53Z,188.36,2.6,3.57,0.55,0.38
2024-02-06T03:48:53Z,197.65,2.7,3.65,0.63,0.36
2024-02-06T04:48:53Z,180.27,2.59,3.68,0.7,0.4
2024-02-06T05:48:53Z,179.22,2.74,3.5,0.52,0.35
2024-02-06T06:48:53Z,187.74,2.7,3.56,0.43,0.31
2024-02-06T07:48:53Z,173.29,2.74,3.6,0.39,0.28
2024-02-06T08:48:53Z,155.33,2.81,3.36,0.41,0.25
2024-02-06T09:48:53Z,168.84,2.66,3.5,0.37,0.27
2024-02-06T10:48:53Z,178.41,2.8,4.86,0.4,0.27
2024-02-06T11:48:53Z,187.74,2.69,4.48,0.64,0.44
2024-02-06T12:48:53Z,188.19,2.38,4.42,0.52,0.39
2024-02-06T13:48:53Z,190.56,2.91,4.57,0.53,0.39
2024-02-06T14:48:53Z,182.93,2.95,4.63,0.51,0.35
2024-02-06T15:48:53Z,186.48,3.11,4.52,0.5,0.34
2024-02-06T16:48:53Z,185.5,3.04,4.51,0.45,0.31
2024-02-06T17:48:53Z,187.47,3.25,4.42,0.52,0.29
2024-02-06T18:48:53Z,179.13,2.69,4.37,0.43,0.29
2024-02-06T19:48:53Z,183.43,2.73,4.21,0.37,0.25
2024-02-06T20:48:53Z,163.87,3.16,4.38,0.39,0.25
2024-02-06T21:48:53Z,172.71,2.5,4.06,0.43,0.25
2024-02-06T22:48:53Z,175.34,2.98,4,0.31,0.21
2024-02-06T23:48:53Z,177.32,2.9,4,0.29,0.21
2024-02-07T00:48:53Z,154.12,2.93,3.75,0.36,0.24
2024-02-07T01:48:53Z,155.32,2.54,3.81,0.31,0.2
2024-02-07T02:48:53Z,144.93,2.77,3.58,0.26,0.19
2024-02-07T03:48:53Z,126.94,2.36,3.84,0.3,0.17
2024-02-07T04:48:53Z,150.73,2.08,3.79,0.26,0.18
2024-02-07T05:48:53Z,165.93,1.95,3.66,0.33,0.21
2024-02-07T06:48:53Z,152.7,1.99,3.89,0.28,0.18
2024-02-07T07:48:53Z,162.65,1.88,4.29,0.3,0.21
2024-02-07T08:48:53Z,169.15,2.41,3.85,0.27,0.18
2024-02-07T09:48:53Z,176.87,2.48,3.83,0.33,0.2
2024-02-07T10:48:53Z,175.01,3.13,5.3,0.35,0.24
2024-02-07T11:48:53Z,173.15,3.13,4.83,0.34,0.24
2024-02-07T12:48:53Z,189.36,3.21,5.35,0.43,0.29
2024-02-07T13:48:53Z,180.87,2.74,5.05,0.63,0.44
2024-02-07T14:48:53Z,184.61,2.56,2.79,0.65,0.45
2024-02-07T15:48:53Z,187.22,2.63,4.88,0.52,0.4
2024-02-07T16:48:53Z,201.66,2.94,4.11,0.78,0.53
2024-02-07T17:48:53Z,198.37,2.92,4.04,0.76,0.51
2024-02-07T18:48:53Z,203.83,2.78,5.01,0.82,0.48
2024-02-07T19:48:53Z,189.26,2.75,5.02,0.63,0.45
2024-02-07T20:48:53Z,191.57,3.01,5.66,0.66,0.46
2024-02-07T21:48:53Z,194.56,3.02,5.91,0.72,0.51
2024-02-07T22:48:53Z,191.88,3.24,5.51,0.74,0.55
2024-02-07T23:48:53Z,195.27,3.16,5.05,0.79,0.49
2024-02-08T00:48:53Z,201.83,3.21,5.38,0.74,0.52
2024-02-08T01:48:53Z,198.3,3.47,5.13,0.65,0.48
2024-02-08T02:48:53Z,197.53,3.09,5.04,0.82,0.55
2024-02-08T03:48:53Z,193.47,3.52,5.09,0.84,0.5
2024-02-08T04:48:53Z,197.37,3.56,4.55,0.94,0.52
2024-02-08T05:48:53Z,194.3,3.52,5.14,1.05,0.59
2024-02-08T06:48:53Z,200.29,4.02,5.49,0.75,0.58
2024-02-08T07:48:53Z,198.43,3.84,5.03,1.08,0.6
2024-02-08T08:48:53Z,197.7,4.03,5.27,0.83,0.61
2024-02-08T09:48:53Z,192.74,3.66,5.16,0.83,0.53
2024-02-08T10:48:53Z,194.6,3.34,4.78,0.77,0.56
2024-02-08T11:48:53Z,190.14,3.14,5.26,0.73,0.52
2024-02-08T12:48:53Z,189.74,3.41,4.84,0.73,0.49
2024-02-08T13:48:53Z,189.78,3.05,4.57,0.66,0.45
2024-02-08T14:48:53Z,184.58,3.29,5.75,0.68,0.39
2024-02-08T15:48:53Z,187.86,3.06,5.48,0.59,0.43
2024-02-08T16:48:53Z,183.49,2.88,4.97,0.63,0.43
2024-02-08T17:48:53Z,176.93,3.33,5.08,0.64,0.47
2024-02-08T18:48:53Z,179.04,3.35,4.91,0.84,0.5
2024-02-08T19:48:53Z,160.34,3.36,4.78,0.88,0.58
2024-02-08T20:48:53Z,166.93,3.5,4.54,0.97,0.6
2024-02-08T21:48:53Z,177.13,4.02,5.16,0.92,0.63
2024-02-08T22:48:53Z,189.66,4.4,5.5,1.23,0.8
2024-02-08T23:48:53Z,191.12,4.66,5.74,1.04,0.84
2024-02-09T00:48:53Z,188.65,4.26,5.61,1.37,1
2024-02-09T01:48:53Z,185.75,4.44,5.82,1.74,1.24
2024-02-09T02:48:53Z,190.57,4,5.63,1.94,1.39
2024-02-09T03:48:53Z,191.91,3.91,5.67,1.86,1.14
2024-02-09T04:48:53Z,181.11,4.23,5.45,1.41,0.96
2024-02-09T05:48:53Z,180.23,3.84,5.76,1.19,0.86
2024-02-09T06:48:53Z,170.69,4.04,5.47,1.4,0.83
2024-02-09T07:48:53Z,181,4.05,5.42,1.28,0.91
2024-02-09T08:48:53Z,180.95,3.59,5.32,1.52,1.04
2024-02-09T09:48:53Z,186.07,3.67,5.5,1.88,1.26
2024-02-09T10:48:53Z,191.75,4.07,5.64,2.26,1.37
2024-02-09T11:48:53Z,193.59,3.84,5.35,1.84,1.19
2024-02-09T12:48:53Z,195.23,4.34,5.38,1.65,1.28
2024-02-09T13:48:53Z,188.61,4.18,5.55,1.56,1.16
2024-02-09T14:48:53Z,189.76,4.12,5.48,1.42,1.03
2024-02-09T15:48:53Z,186.21,4.16,5.69,1.78,1.19
2024-02-09T16:48:53Z,183.26,5.1,6.52,2.02,1.51
2024-02-14T18:02:54Z,0,0.96,145.47,149.88,0.28
2024-02-15T16:47:37Z,143.63,2.92,3.7,0.42,0.29
2024-02-15T17:47:37Z,143.19,2.49,3.67,0.43,0.24
2024-02-16T08:50:20Z,127.33,3.27,5.31,0.99,0.62
2024-02-16T10:07:11Z,122.52,3.92,5.44,0.9,0.66
2024-02-16T11:07:11Z,117.01,4.26,5.8,1.1,0.68
2024-02-16T12:07:11Z,117.68,4.19,5.52,0.91,0.65
2024-02-16T13:07:11Z,112.77,3.98,5.47,1.08,0.63
2024-02-16T14:07:11Z,115.44,3.51,6.01,0.97,0.66
2024-02-16T15:07:11Z,109.74,4.38,5.45,1.07,0.76
2024-02-16T16:07:11Z,114.23,3.58,6.09,1.05,0.65
2024-02-16T17:07:11Z,111.62,4.35,5.66,1.04,0.74
2024-02-16T18:07:11Z,114.29,4.49,5.88,1.24,0.86
2024-02-16T19:07:11Z,113.86,4.7,6.98,1.3,0.85
2024-02-16T20:07:11Z,115.82,5.4,6.89,1.23,0.89
2024-02-16T21:07:11Z,114.86,5.02,6.75,1.34,1.03
2024-02-16T22:07:11Z,112.99,4.22,7.07,1.45,0.81
2024-02-16T23:07:11Z,113.48,5.09,6.85,1.21,0.84
2024-02-17T00:07:11Z,115.7,4.65,6.77,0.96,0.75
2024-02-17T01:07:11Z,110.58,5.09,6.79,1.14,0.84
2024-02-17T02:07:11Z,115.44,4.64,6.98,0.87,0.65
2024-02-17T03:07:11Z,110.55,4.83,6.57,1.21,0.77
2024-02-17T04:07:11Z,107.99,4.74,6.58,1.12,0.72
2024-02-17T05:07:11Z,117.26,4.73,6.73,0.95,0.61
2024-02-17T06:07:11Z,122.12,4.31,6.51,0.86,0.61
2024-02-17T07:07:11Z,115.23,4.05,6.78,0.8,0.59
2024-02-17T08:07:11Z,118.15,3.76,6.67,0.75,0.6
2024-02-17T09:07:11Z,126.06,3.83,6.55,0.75,0.55
2024-02-17T10:07:11Z,121.66,3.79,6.43,0.87,0.58
2024-02-17T11:07:11Z,128.41,4.14,6.57,0.79,0.54
2024-02-17T12:07:11Z,125.07,4.43,6.44,0.75,0.59
2024-02-17T13:07:11Z,130.46,4,6.29,0.98,0.62
2024-02-17T14:07:11Z,142.25,3.51,6.35,0.72,0.56
2024-02-17T15:07:11Z,150.37,3.45,5.99,0.8,0.54
2024-02-17T16:07:11Z,125.61,3.9,5.96,0.77,0.61
2024-02-17T17:07:11Z,129.01,3.7,7.02,0.78,0.6
2024-02-17T18:07:11Z,128.79,3.4,5.91,0.9,0.58
2024-02-17T19:07:11Z,130.3,3.56,6.71,0.95,0.58
2024-02-17T20:07:11Z,127.03,3.71,6.82,0.88,0.54
2024-02-17T21:07:11Z,122.84,3.51,6.37,0.88,0.51
2024-02-17T22:07:11Z,127.12,4.43,6.73,0.86,0.57
2024-02-17T23:07:11Z,118.65,4.06,6.54,0.69,0.51
2024-02-18T00:07:11Z,123.93,4.66,6.36,0.93,0.51
2024-02-18T01:07:11Z,128.99,4.12,6.29,0.8,0.46
2024-02-18T02:07:11Z,134.67,4.29,5.92,0.67,0.45
2024-02-18T03:07:11Z,125.47,4.34,6.8,0.72,0.47
2024-02-18T04:07:11Z,128.43,3.61,5.72,0.69,0.48
2024-02-18T05:07:11Z,130.9,4.27,6.59,0.85,0.5
2024-02-18T06:07:11Z,121.76,4.18,6.54,0.79,0.47
2024-02-18T07:07:11Z,128.01,3.56,6.01,0.59,0.44
2024-02-18T08:07:11Z,134.26,3.44,6.24,0.66,0.42
2024-02-18T09:07:11Z,129.85,4.08,6.4,0.53,0.38
2024-02-18T10:07:11Z,139.37,4.32,5.61,0.72,0.41
2024-02-18T11:07:11Z,129.02,4.04,6.36,0.53,0.38
2024-02-18T12:07:11Z,132.1,3.56,5.87,0.57,0.36
2024-02-18T13:07:11Z,135.71,3.61,5.87,0.59,0.4
2024-02-18T14:07:11Z,138.19,3.57,5.9,0.43,0.32
2024-02-18T15:07:11Z,141.1,2.72,5.93,0.66,0.45
2024-02-18T16:07:11Z,140.24,2.87,2.87,0.68,0.48
2024-02-18T17:07:11Z,153.79,3.09,3.42,0.74,0.53
2024-02-18T18:07:11Z,180.27,2.75,3.66,0.82,0.61
2024-02-18T19:07:11Z,172.22,3.05,3.57,0.93,0.57
2024-02-18T20:07:11Z,188.53,3.28,3.73,0.96,0.6
2024-02-18T21:07:11Z,193.93,3.19,3.77,0.88,0.56
2024-02-18T22:07:11Z,188.93,2.92,3.66,0.76,0.49
2024-02-18T23:07:11Z,182.73,3.28,3.77,0.66,0.49
2024-02-19T00:07:11Z,161.42,2.96,3.46,0.52,0.38
2024-02-19T01:07:11Z,150.93,2.62,3.25,0.7,0.39
2024-02-19T02:07:11Z,149.18,2.96,3.42,0.52,0.37
2024-02-19T03:07:11Z,157.08,3.46,3.36,0.45,0.35
2024-02-19T04:07:11Z,142.46,2.68,3.37,0.55,0.33
2024-02-19T05:07:11Z,152.51,2.42,3.31,0.51,0.32
2024-02-19T06:07:11Z,154.8,3.24,3.12,0.48,0.33
2024-02-19T07:07:11Z,151.08,2.58,3.25,0.44,0.3
2024-02-19T08:07:11Z,161.08,2.68,3.24,0.4,0.28
2024-02-19T09:07:11Z,142.15,2.91,6.57,0.4,0.28
2024-02-19T10:07:11Z,141.58,3.46,5.59,0.32,0.25
2024-02-19T11:07:11Z,144.66,3.24,6.06,0.38,0.27
2024-02-19T12:07:11Z,139.7,3.31,5.75,0.39,0.25
2024-02-19T13:07:11Z,124.99,2.91,5.11,0.38,0.25
2024-02-19T14:07:11Z,125.85,3.2,5.24,0.4,0.27
2024-02-19T15:07:11Z,116.43,4.4,5.83,0.4,0.28
2024-02-19T16:07:11Z,102.06,4.29,5.51,0.41,0.26
2024-02-19T17:07:11Z,117.25,3.9,5.74,0.44,0.28
2024-02-19T18:07:11Z,117.52,4.35,5.92,0.48,0.34
2024-02-19T19:07:11Z,118.29,3.97,5.35,0.57,0.34
2024-02-19T20:07:11Z,142.91,3.73,4.57,0.54,0.35
2024-02-19T21:07:11Z,114.58,3.52,5.51,0.51,0.39
2024-02-19T22:07:11Z,125,3.51,4.23,0.7,0.49
2024-02-19T23:07:11Z,114.62,3.19,4.52,0.7,0.44
2024-02-20T00:07:11Z,120.31,3.38,3.57,0.6,0.43
2024-02-20T01:07:11Z,120.07,3.53,3.81,0.7,0.44
2024-02-20T02:07:11Z,102.29,3.46,6.72,0.47,0.37
2024-02-20T03:07:11Z,103.83,2.96,5.94,0.59,0.43
2024-02-20T04:07:11Z,108.62,2.74,5.57,0.64,0.44
2024-02-20T05:07:11Z,109.73,2.91,6.21,0.64,0.42
2024-02-20T06:07:11Z,109.01,2.92,6.35,0.71,0.41
2024-02-20T07:07:11Z,98.25,3.21,5,0.66,0.43
2024-02-20T08:07:11Z,125.94,2.64,5.91,0.76,0.49
2024-02-20T09:07:11Z,105.24,3.29,5.45,0.74,0.49
2024-02-20T10:07:11Z,99.45,3.4,7.58,0.66,0.49
2024-02-20T11:07:11Z,99.27,4.17,7.26,0.78,0.5
2024-02-20T12:07:11Z,97.93,4.32,6.55,0.81,0.52
2024-02-20T13:07:11Z,96.26,3.58,6.55,0.78,0.55
2024-02-20T14:07:11Z,98.6,3.46,6.35,0.83,0.53
2024-02-20T15:07:11Z,97.63,3.64,6.76,0.7,0.51
2024-02-20T16:07:11Z,102.28,3.9,7.23,0.75,0.53
2024-02-20T17:07:11Z,102.41,3.57,6.65,0.66,0.51
2024-02-20T18:07:11Z,96.61,4.13,6.06,0.75,0.5
2024-02-20T19:07:11Z,103.74,4.35,8.01,0.68,0.5
2024-02-20T20:07:11Z,107.46,4.45,8,0.6,0.49
2024-02-20T21:07:11Z,106.6,4.48,6.5,0.7,0.5
2024-02-20T22:07:11Z,104.01,4.27,6.89,0.96,0.53
2024-02-20T23:07:11Z,99.83,3.94,6.23,0.84,0.57
2024-02-21T00:07:11Z,107.83,3.72,6.22,0.7,0.49
2024-02-21T01:07:11Z,111.31,4.4,6.24,0.67,0.51
2024-02-21T02:07:11Z,108.61,4.18,6.42,0.67,0.45
2024-02-21T03:07:11Z,116.19,3.61,6.49,0.66,0.4
2024-02-21T04:07:11Z,119.73,4.25,7.49,0.61,0.42
2024-02-21T05:07:11Z,113.35,3.87,5.3,0.55,0.4
2024-02-21T06:07:11Z,118.57,3.97,5.38,0.59,0.4
2024-02-21T07:07:11Z,118.49,4.02,5.25,0.57,0.42
2024-02-21T08:07:11Z,116.27,4.13,5.42,0.65,0.4
2024-02-21T09:07:11Z,122.83,4.1,8.38,0.48,0.38
2024-02-21T10:07:11Z,116.63,3.9,5.17,0.57,0.38
2024-02-21T11:07:11Z,117.67,3.4,6.04,0.51,0.34
2024-02-21T12:07:11Z,123.78,2.87,7.78,0.6,0.4
2024-02-21T13:07:11Z,123.11,2.99,8.39,0.64,0.4
2024-02-21T14:07:11Z,139.32,2.73,7.75,0.56,0.44
2024-02-21T15:07:11Z,125.17,2.85,7.9,0.65,0.45
2024-02-21T16:07:11Z,133.13,2.75,8.11,0.6,0.51
2024-02-21T17:07:11Z,148.92,2.72,3.36,0.71,0.52
2024-02-21T18:07:11Z,152.36,2.77,3.57,0.77,0.54
2024-02-21T19:07:11Z,157.33,2.83,3.7,0.75,0.54
2024-02-21T20:07:11Z,163.16,3.09,3.96,0.67,0.49
2024-02-21T21:07:11Z,163.06,3.03,3.83,0.65,0.47
2024-02-21T22:07:11Z,157.89,2.96,3.87,0.78,0.47
2024-02-21T23:07:11Z,156.58,3.48,3.75,0.76,0.48
2024-02-22T00:07:11Z,159.93,3.6,4.48,0.82,0.54
2024-02-22T01:07:11Z,162.18,3.54,4.77,0.87,0.58
2024-02-22T02:07:11Z,172.78,3.48,4.56,0.81,0.55
2024-02-22T03:07:11Z,172.92,4.19,5.11,1.09,0.67
2024-02-22T04:07:11Z,176.78,4.48,5.48,0.97,0.73
2024-02-22T05:07:11Z,181.03,4.4,5.32,1.25,0.89
2024-02-22T06:07:11Z,178.91,4.06,5.55,1.15,0.81
2024-02-22T07:07:11Z,184.17,4.05,5.37,1.16,0.78
2024-02-22T08:07:11Z,187.06,4.08,5.35,0.94,0.72
2024-02-22T09:07:11Z,181.08,4.22,5.57,1.01,0.76
2024-02-22T10:07:11Z,188.45,4.29,5.66,1.37,0.93
2024-02-22T11:07:11Z,179.41,3.77,5.67,1.17,0.83
2024-02-22T12:07:11Z,171.92,3.46,5.39,1.27,0.79
2024-02-22T13:07:11Z,177.1,3.91,5.33,0.91,0.74
2024-02-22T14:07:11Z,173.42,3.27,5.34,1.11,0.69
2024-02-22T15:07:11Z,175.56,3.31,5.21,0.97,0.64
2024-02-22T16:07:11Z,174.77,3.24,5.13,0.98,0.63
2024-02-22T17:07:11Z,165.36,3.26,4.94,0.75,0.56
2024-02-22T18:07:11Z,167.66,3.11,4.86,0.83,0.6
2024-02-22T19:07:11Z,169.23,3.17,5.11,0.81,0.56
2024-02-22T20:07:11Z,166.03,3.7,4.76,0.84,0.63
2024-02-26T09:09:03Z,187.53,5.4,7.73,2.08,1.39
2024-02-27T07:09:03Z,156.25,3.62,7.91,0.99,0.71
2024-03-04T09:44:02Z,153,3.6,7.85,0.85,0.66
2024-03-04T12:44:02Z,183.36,3.91,7.36,1.37,0.84
2024-03-04T13:44:02Z,183.27,3.96,7.25,1.21,0.91
2024-03-04T14:44:02Z,174.67,3.75,8.01,1.1,0.87
2024-03-04T15:44:02Z,179.81,3.67,6.91,1.3,0.88
2024-03-04T16:44:02Z,174.9,3.92,6.85,1.29,0.93
2024-03-04T17:44:02Z,171.84,3.64,7.13,1.18,0.86
2024-03-04T18:44:02Z,173.2,4.19,7.53,1.07,0.84
2024-03-04T19:44:02Z,177.92,4.03,6.62,1.08,0.81
2024-03-04T20:44:02Z,174.04,4.2,6.28,1.18,0.84
2024-03-04T21:44:02Z,176.11,3.9,6.89,1.13,0.86
2024-03-04T22:44:02Z,174.82,4.15,6.12,1.2,0.82
2024-03-06T16:21:39Z,150.81,2.68,2.92,0.77,0.53
2024-03-06T17:21:39Z,152.74,2.84,3.28,0.68,0.55
2024-03-06T18:21:39Z,157.82,2.77,3.25,0.72,0.51
2024-03-06T19:21:39Z,152.25,2.82,3.44,0.78,0.54
2024-03-06T20:21:39Z,146.48,3.02,3.46,0.73,0.47
2024-03-06T21:21:39Z,136.26,3.16,4.33,0.64,0.45
2024-03-06T22:21:39Z,139.63,2.84,4.01,0.61,0.42
2024-03-06T23:21:39Z,134.2,3,4.32,0.55,0.42
2024-03-07T00:21:39Z,123.71,2.64,4.17,0.58,0.38
2024-03-07T01:21:39Z,135.62,2.76,5.53,0.65,0.38
2024-03-07T02:21:39Z,134.37,2.92,5.63,0.54,0.39
2024-03-07T03:21:39Z,141.34,2.79,4.95,0.49,0.37
2024-03-07T04:21:39Z,133.57,2.7,4.44,0.5,0.35
2024-03-07T05:21:39Z,123.73,2.54,5.44,0.57,0.36
2024-03-07T06:21:39Z,131.87,2.56,5.79,0.52,0.35
2024-03-07T07:21:39Z,125.77,2.55,3.48,0.62,0.35
2024-03-07T08:21:39Z,128.99,2.78,4.57,0.46,0.31
2024-04-04T00:32:29Z,178.94,3.33,4.33,0.76,0.41
2024-04-04T01:32:29Z,185.44,3.34,4.41,0.66,0.47
2024-04-04T02:32:29Z,179.37,3.28,4.24,0.51,0.34
2024-04-04T07:40:47Z,168.36,2.99,4.04,0.4,0.27
2024-04-04T08:40:47Z,169.37,3.11,3.82,0.33,0.24
2024-04-04T09:40:47Z,172.5,3.07,3.89,0.32,0.22
2024-04-04T10:40:47Z,169.8,2.99,3.7,0.34,0.22
2024-04-04T11:40:47Z,175.46,3.26,3.51,0.39,0.25
2024-04-04T12:40:47Z,171.39,2.94,4.62,0.45,0.29
2024-04-04T13:40:47Z,190.94,2.81,4.13,0.47,0.35
2024-04-04T14:40:47Z,179.2,2.75,4.33,0.6,0.43
2024-04-04T15:40:47Z,178.52,3.27,4.17,0.68,0.48
2024-04-04T16:40:47Z,179.06,3.19,4.3,0.65,0.48
2024-04-04T17:40:47Z,175.42,3.22,4.27,0.78,0.47
2024-04-04T18:40:47Z,168.85,3.22,4.28,0.89,0.46
2024-04-04T19:40:47Z,173.36,3.44,4.33,0.84,0.46
2024-04-04T20:40:47Z,167.06,3.08,4.14,0.72,0.46
2024-04-04T21:40:47Z,161.55,3.3,4.37,0.7,0.46
2024-04-05T00:40:47Z,176.23,3.22,4.1,0.56,0.4
2024-04-05T01:40:47Z,165.46,3,4.2,0.58,0.35
2024-04-05T02:40:47Z,150.51,3.23,4.09,0.44,0.32
2024-04-05T03:40:47Z,167.77,3.43,4.52,0.5,0.34
2024-04-05T04:40:47Z,170.11,3.2,4.12,0.59,0.4
2024-04-05T05:40:47Z,180.6,3.1,4.15,0.52,0.39
2024-04-05T06:40:47Z,177.68,3.11,4.04,0.56,0.4
2024-04-05T07:40:47Z,173.86,3.27,3.99,0.84,0.46
2024-04-05T08:40:47Z,160.9,3.15,4.08,0.67,0.42
2024-04-05T09:40:47Z,167.87,3.36,4.09,0.83,0.51
2024-04-05T10:40:47Z,183.81,3.43,4.58,0.91,0.6
2024-04-05T11:40:47Z,185.33,3.68,4.65,0.92,0.65
2024-04-05T12:40:47Z,189.14,3.49,4.38,0.96,0.63
2024-04-05T13:40:47Z,178.59,3.48,4.61,0.73,0.52
2024-04-05T14:40:47Z,168.56,3.43,4.62,0.83,0.51
2024-04-05T15:40:47Z,181.29,3.47,4.46,0.72,0.47
2024-04-05T16:40:47Z,187.49,3.8,4.56,0.73,0.53
2024-04-05T17:40:47Z,177.41,3.42,4.56,0.8,0.51
2024-04-05T18:40:47Z,182.89,3.62,4.37,0.71,0.47
2024-04-05T19:40:47Z,161.63,3.35,4.12,0.53,0.39
2024-04-05T20:40:47Z,177.86,3.27,4.06,0.5,0.31
2024-04-05T21:40:47Z,176.69,3.24,4.03,0.57,0.33
2024-04-06T00:40:47Z,156.09,2.5,3.7,0.41,0.3
2024-04-06T01:40:47Z,134.08,2.69,2.98,0.66,0.42
2024-04-06T02:40:47Z,144.52,3.09,4.03,0.79,0.47
2024-04-06T03:40:47Z,135.56,2.92,4.07,0.95,0.53
2024-04-06T04:40:47Z,137.07,2.91,3.98,0.78,0.53
2024-04-06T05:40:47Z,117.9,3.03,3.52,0.77,0.55
2024-04-06T06:40:47Z,117.05,3.38,4.35,0.82,0.58
2024-04-06T07:40:47Z,117.28,2.92,4.22,0.8,0.57
2024-04-06T08:40:47Z,105.52,3.15,3.87,1.15,0.74
2024-04-06T09:40:47Z,99.57,3.17,3.97,1.54,0.96
2024-04-06T10:40:47Z,89.92,3.16,4.06,1.47,0.88
2024-04-06T11:40:47Z,91.9,3.4,4.27,1.7,1.09
2024-04-06T12:40:47Z,89.26,3.48,4.34,1.65,1.1
2024-04-06T13:40:47Z,92.78,3.69,4.67,1.86,1.16
2024-04-06T14:40:47Z,89.25,3.39,4.56,1.71,1.06
2024-04-06T15:40:47Z,92.5,3.29,4.57,1.54,0.99
2024-04-06T16:40:47Z,88.41,3.28,4.27,1.46,1
2024-04-06T17:40:47Z,92.53,3.11,4.34,1.19,0.85
2024-04-06T18:40:47Z,92.72,3.29,3.9,1.34,0.89
2024-04-06T19:40:47Z,97.48,3.37,4.44,1.46,0.97
2024-04-06T20:40:47Z,101.18,3.2,3.98,1.73,0.92
2024-04-06T21:40:47Z,102.45,3.27,4.33,1.36,0.84
2024-04-07T00:40:47Z,101.71,3.77,4.77,1.32,0.72
2024-04-07T01:40:47Z,99.02,3.68,5.5,1.26,0.82
2024-04-07T02:40:47Z,98.42,4,5.5,1.19,0.77
2024-04-07T03:40:47Z,102.77,3.86,4.83,1.38,0.82
2024-04-07T04:40:47Z,102.12,3.62,5.1,1.31,0.85
2024-04-07T05:40:47Z,105.08,3.56,5.28,1.34,0.98
2024-04-07T06:40:47Z,100.6,3.62,4.27,1.71,1.06
2024-04-07T07:40:47Z,101,3.43,4.72,1.57,0.97
2024-04-07T08:40:47Z,104.38,3.58,4.95,1.69,1.13
2024-04-07T09:40:47Z,100.26,3.75,5.24,1.97,1.23
2024-04-07T10:40:47Z,103.13,3.59,5.21,1.64,1.16
2024-04-07T11:40:47Z,102.05,3.55,5.2,1.73,1.15
2024-04-07T12:40:47Z,102.39,3.34,5.04,1.91,1.09
2024-04-07T13:40:47Z,110.16,3.22,5.03,1.48,0.98
2024-04-07T14:40:47Z,105.91,3.5,5.63,1.54,1.06
2024-04-07T15:40:47Z,114.14,3.49,5.33,1.22,0.93
2024-04-07T16:40:47Z,116.25,3.73,5.61,1.5,0.94
2024-04-07T17:40:47Z,110.35,3.92,5.52,1.44,0.9
2024-04-07T18:40:47Z,112.24,3.41,5.49,1.45,0.9
2024-04-07T19:40:47Z,123.33,3.51,5.39,1.44,0.87
2024-04-07T20:40:47Z,114.32,3.44,5.55,1.19,0.74
2024-04-07T21:40:47Z,122.84,3.51,5.47,1.1,0.77
2024-04-08T00:40:47Z,124.57,3.37,5.34,0.95,0.63
2024-04-08T01:40:47Z,116.08,4.02,5.32,1,0.67
2024-04-08T02:40:47Z,109.93,3.79,5.57,0.98,0.65
2024-04-08T03:40:47Z,111.61,3.87,5.35,1.07,0.75
2024-04-08T04:40:47Z,114.34,3.58,5.26,1.05,0.77
2024-04-08T05:40:47Z,111.63,3.67,5.6,1.21,0.8
2024-04-08T06:40:47Z,111.68,3.71,5.44,1.15,0.78
2024-04-08T07:40:47Z,114.54,4.28,5.49,1.17,0.85
2024-04-08T08:40:47Z,108.8,3.8,5.55,1.17,0.85
2024-04-08T09:40:47Z,105.53,3.59,5.52,1.19,0.89
2024-04-08T10:40:47Z,106.89,3.41,5.25,1.19,0.86
2024-04-08T11:40:47Z,108.98,3.67,5.26,1.7,0.95
2024-04-08T12:40:47Z,105.45,3.31,5.12,1.05,0.72
2024-04-08T13:40:47Z,102.08,4.04,5.97,1.37,0.79
2024-04-08T14:40:47Z,102.09,3.77,5.8,0.93,0.66
2024-04-08T15:40:47Z,105.99,4.19,5.6,0.86,0.65
2024-04-08T16:40:47Z,104.53,3.94,5.86,0.85,0.62
2024-04-08T17:40:47Z,108.92,4.49,5.84,0.8,0.55
2024-04-08T18:40:47Z,111.16,3.89,5.78,0.82,0.53
2024-04-08T19:40:47Z,119.48,3.95,5.71,0.83,0.57
2024-04-08T20:40:47Z,117.24,3.81,5.72,0.81,0.53
2024-04-08T21:40:47Z,115.31,3.86,5.26,0.83,0.54
2024-04-09T00:40:47Z,117.81,3.77,5.71,0.78,0.61
2024-04-09T01:40:47Z,123.72,3.64,5.72,1.01,0.68
2024-04-09T02:40:47Z,138.16,3.76,5.6,1.18,0.84
2024-04-09T03:40:47Z,163.05,3.69,5.61,1.27,0.85
2024-04-09T04:40:47Z,113.68,5.82,-999.99,3.59,1.64
2024-04-09T05:40:47Z,156.13,4.04,5.63,1.32,0.88
2024-04-09T06:40:47Z,149.51,3.71,5.42,1.26,0.8
2024-04-09T07:40:47Z,159.5,3.44,5.41,1.16,0.74
2024-04-09T08:40:47Z,162.56,3.57,5.32,1.29,0.76
2024-04-09T09:40:47Z,144.55,3.53,5.5,1.13,0.82
2024-04-09T10:40:47Z,149.15,3.71,5.71,1.06,0.77
2024-04-09T11:40:47Z,132.74,3.93,5.78,0.88,0.7
2024-04-09T12:40:47Z,145.34,3.41,5.94,0.9,0.65
2024-04-09T13:40:47Z,149.71,3.14,4.98,1.08,0.7
2024-04-09T14:40:47Z,131.91,3.18,5.99,1.12,0.85
2024-04-09T15:40:47Z,118.15,3.29,5.96,1.17,0.87
2024-04-09T16:40:47Z,126.34,3.57,4.26,1.6,1.12
2024-04-09T17:40:47Z,124.7,3.59,4.69,1.44,1.09
2024-04-09T18:40:47Z,126.4,3.54,4.71,1.66,1.11
2024-04-09T19:40:47Z,133.12,3.74,4.64,1.39,0.93
2024-04-09T20:40:47Z,138.6,4.13,7.38,1.46,0.94
2024-04-09T21:40:47Z,152.98,4.65,7.26,1.16,0.9
2024-04-10T00:40:47Z,154.97,4.41,7.31,1.17,0.71
2024-04-10T01:40:47Z,157.55,4.36,7.63,1.15,0.7
2024-04-10T02:40:47Z,158.99,4.31,7.29,0.95,0.65
2024-04-10T03:40:47Z,158.27,3.92,7.44,0.9,0.57
2024-04-10T04:40:47Z,166.34,3.88,7.21,1.01,0.57
2024-04-10T05:40:47Z,174.21,3.56,4.15,0.93,0.6
2024-04-10T06:40:47Z,175.8,3.66,4.48,0.84,0.58
2024-04-10T07:40:47Z,197.05,3.49,4.45,0.85,0.58
2024-04-10T08:40:47Z,188.67,3.57,4.22,0.77,0.57
2024-04-10T09:40:47Z,182.65,3.5,4.28,0.58,0.44
2024-04-10T10:40:47Z,187.88,3.25,4.26,0.64,0.49
2024-04-10T11:40:47Z,192.46,3.2,4.06,0.67,0.49
2024-04-10T12:40:47Z,174.59,2.89,6.79,0.65,0.48
2024-04-10T13:40:47Z,185.56,2.93,4.14,0.82,0.48
2024-04-10T14:40:47Z,174.5,2.97,4.03,0.63,0.45
2024-04-10T15:40:47Z,169.83,2.7,6.69,0.64,0.43
2024-04-10T16:40:47Z,157.01,3.11,6.67,0.52,0.4
2024-04-12T17:03:07Z,121.26,3.73,6.2,0.59,0.37
2024-04-12T18:03:07Z,123.01,3.8,5.5,0.59,0.36
2024-04-12T19:03:07Z,121.07,4.14,4.85,0.5,0.38
2024-04-12T20:03:07Z,119.37,3.71,4.72,0.48,0.34
2024-04-12T21:03:07Z,108.58,4.09,6.22,0.49,0.36
2024-04-13T00:03:07Z,115.33,3.75,4.86,0.42,0.3
2024-04-15T18:25:01Z,125.5,2.47,5.69,0.24,0.17
2024-04-15T19:25:01Z,122.93,2.61,4.09,0.29,0.19
2024-04-15T20:25:01Z,110.05,2.11,2.56,0.29,0.17
2024-04-15T21:25:01Z,249.71,1.96,2.82,0.49,0.28
2024-04-16T00:25:01Z,133.79,2.12,2.95,0.41,0.26
2024-04-16T01:25:01Z,167.6,1.95,3.15,0.45,0.27
2024-04-16T02:25:01Z,159.35,2.28,3.24,0.41,0.27
2024-04-16T03:25:01Z,207.27,2.53,3.65,0.47,0.34
2024-04-16T04:25:01Z,218.08,2.54,3.94,0.46,0.31
2024-04-16T05:25:01Z,164.88,2.28,3.6,0.46,0.32
2024-04-16T06:25:01Z,204.23,2.76,3.91,0.59,0.34
2024-04-16T07:25:01Z,213.49,2.89,4.02,0.63,0.44
2024-04-16T08:25:01Z,198.02,3.36,4.33,0.69,0.42
2024-04-16T09:25:01Z,155.5,3.46,4.05,0.73,0.42
2024-04-16T10:25:01Z,122.75,3.17,3.95,0.64,0.48
2024-04-16T11:25:01Z,132.05,2.94,3.84,0.7,0.51
2024-04-16T12:25:01Z,112.07,2.8,3.93,0.72,0.53
2024-04-16T13:25:01Z,104.37,2.91,4.22,0.69,0.53
2024-04-16T14:25:01Z,114.47,2.66,4.17,0.87,0.6
2024-04-16T15:25:01Z,110.35,2.79,3.15,0.96,0.68
2024-04-16T16:25:01Z,117.26,2.97,3.44,1.25,0.72
2024-04-16T17:25:01Z,125.06,3.04,3.75,1.19,0.73
2024-04-16T18:25:01Z,135.73,3.19,4.11,1.5,0.9
2024-04-16T19:25:01Z,126.84,3.44,4.11,1.5,1.01
2024-04-16T20:25:01Z,127.4,3.5,4.48,1.34,1
2024-04-17T08:45:16Z,125.38,4.31,4.45,1.25,0.72
2024-04-17T09:45:16Z,127.43,4.17,4.42,1.27,0.76
2024-04-17T10:45:16Z,121.85,3.9,4.38,0.99,0.71
2024-04-17T11:45:16Z,125.12,3.17,4.22,0.91,0.67
2024-04-17T12:45:16Z,135.32,3.04,4.19,1.04,0.73
2024-04-17T13:45:16Z,121.24,3.09,3.15,1.18,0.78
2024-04-17T14:45:16Z,131.45,3.3,3.11,1.21,0.83
2024-04-17T15:45:16Z,132.34,3.35,3.58,1.3,0.93
2024-04-17T16:45:16Z,132.46,3.36,3.84,1.36,0.88
2024-04-17T17:45:16Z,131.48,3.26,3.84,1.32,0.93
2024-04-17T18:45:16Z,129.27,3.5,4.12,1.2,0.85
2024-04-17T19:45:16Z,131.51,3.63,4.32,1.22,0.83
2024-04-17T20:45:16Z,126.68,3.8,4.71,1.35,0.81
2024-04-17T21:45:16Z,129.12,3.79,4.27,1.42,0.78
2024-04-18T00:45:16Z,141.71,3.33,4.13,1.21,0.73
2024-04-18T01:45:16Z,139.13,3.65,4.15,0.95,0.68
2024-04-18T02:45:16Z,143.35,3.3,3.92,0.81,0.6
2024-04-18T03:45:16Z,154.31,3.32,4.15,0.96,0.64
2024-04-18T04:45:16Z,177.28,3.37,4.32,1.01,0.72
2024-04-18T05:45:16Z,189.28,3.22,4.23,1.05,0.67
2024-04-18T06:45:16Z,182.39,3.35,4.17,0.85,0.6
2024-04-18T07:45:16Z,172.79,3.39,3.88,0.82,0.57
2024-04-18T08:45:16Z,152.02,3.43,3.85,0.91,0.55
2024-04-18T09:45:16Z,163.91,3.29,3.88,0.71,0.51
2024-04-18T10:45:16Z,138.47,3.32,4.21,0.79,0.51
2024-04-18T11:45:16Z,119.62,3.48,4.4,0.71,0.48
2024-04-18T12:45:16Z,114.16,3.62,4.21,0.82,0.56
